0.000000 0.000000 0.495900
0.000000 0.005000 0.495900
0.000000 0.010000 0.495900
0.000000 0.015000 0.495900
0.000000 0.020000 0.495900
0.000000 0.025000 0.495900
0.000000 0.030000 0.495900
0.000000 0.035000 0.495900
0.000000 0.040000 0.495900
0.000000 0.045000 0.495900
0.000000 0.050000 0.495900
0.000000 0.055000 0.495900
0.000000 0.060000 0.495900
0.000000 0.065000 0.495900
0.000000 0.070000 0.495900
0.000000 0.075000 0.495900
0.000000 0.080000 0.495900
0.000000 0.085000 0.495900
0.000000 0.090000 0.495900
0.000000 0.095000 0.495900
0.000000 0.100000 0.495900
0.000000 0.105000 0.495900
0.000000 0.110000 0.495900
0.000000 0.115000 0.495900
0.000000 0.120000 0.495900
0.000000 0.125000 0.495900
0.000000 0.130000 0.495900
0.000000 0.135000 0.495900
0.000000 0.140000 0.495900
0.000000 0.145000 0.495900
0.000000 0.150000 0.495900
0.000000 0.155000 0.495900
0.000000 0.160000 0.495900
0.000000 0.165000 0.495900
0.000000 0.170000 0.495900
0.000000 0.175000 0.495900
0.000000 0.180000 0.495900
0.000000 0.185000 0.495900
0.000000 0.190000 0.495900
0.000000 0.195000 0.495900
0.000000 0.200000 0.495900
0.000000 0.205000 0.495900
0.000000 0.210000 0.495900
0.000000 0.215000 0.495900
0.000000 0.220000 0.495900
0.000000 0.225000 0.495900
0.000000 0.230000 0.495900
0.000000 0.235000 0.495900
0.000000 0.240000 0.495900
0.000000 0.245000 0.495900
0.000000 0.250000 0.495900
0.000000 0.255000 0.495900
0.000000 0.260000 0.495900
0.000000 0.265000 0.495900
0.000000 0.270000 0.495900
0.000000 0.275000 0.495900
0.000000 0.280000 0.495900
0.000000 0.285000 0.495900
0.000000 0.290000 0.495900
0.000000 0.295000 0.495900
0.000000 0.300000 0.495900
0.000000 0.305000 0.495900
0.000000 0.310000 0.495900
0.000000 0.315000 0.495900
0.000000 0.320000 0.495900
0.000000 0.325000 0.495900
0.000000 0.330000 0.495900
0.000000 0.335000 0.495900
0.000000 0.340000 0.495900
0.000000 0.345000 0.495900
0.000000 0.350000 0.495900
0.000000 0.355000 0.495900
0.000000 0.360000 0.495900
0.000000 0.365000 0.495900
0.000000 0.370000 0.495900
0.000000 0.375000 0.495900
0.000000 0.380000 0.495900
0.000000 0.385000 0.495900
0.000000 0.390000 0.495900
0.000000 0.395000 0.495900
0.000000 0.400000 0.495900
0.000000 0.405000 0.495900
0.000000 0.410000 0.495900
0.000000 0.415000 0.495900
0.000000 0.420000 0.495900
0.000000 0.425000 0.495900
0.000000 0.430000 0.495900
0.000000 0.435000 0.495900
0.000000 0.440000 0.495900
0.000000 0.445000 0.495900
0.000000 0.450000 0.495900
0.000000 0.455000 0.495900
0.000000 0.460000 0.495900
0.000000 0.465000 0.495900
0.000000 0.470000 0.495900
0.000000 0.475000 0.495900
0.000000 0.480000 0.495900
0.000000 0.485000 0.495900
0.000000 0.490000 0.495900
0.000000 0.495000 0.495900
0.000000 0.500000 0.495900
0.000000 0.505000 0.495900
0.000000 0.510000 0.495900
0.000000 0.515000 0.495900
0.000000 0.520000 0.495900
0.000000 0.525000 0.495900
0.000000 0.530000 0.495900
0.000000 0.535000 0.495900
0.000000 0.540000 0.495900
0.000000 0.545000 0.495900
0.000000 0.550000 0.495900
0.000000 0.555000 0.495900
0.000000 0.560000 0.495900
0.000000 0.565000 0.495900
0.000000 0.570000 0.495900
0.000000 0.575000 0.495900
0.000000 0.580000 0.495900
0.000000 0.585000 0.495900
0.000000 0.590000 0.495900
0.000000 0.595000 0.495900
0.000000 0.600000 0.495900
0.000000 0.605000 0.495900
0.000000 0.610000 0.495900
0.000000 0.615000 0.495900
0.000000 0.620000 0.495900
0.000000 0.625000 0.495900
0.000000 0.630000 0.495900
0.000000 0.635000 0.495900
0.000000 0.640000 0.495900
0.000000 0.645000 0.495900
0.000000 0.650000 0.495900
0.000000 0.655000 0.495900
0.000000 0.660000 0.495900
0.000000 0.665000 0.495900
0.000000 0.670000 0.495900
0.000000 0.675000 0.495900
0.000000 0.680000 0.495900
0.000000 0.685000 0.495900
0.000000 0.690000 0.495900
0.000000 0.695000 0.495900
0.000000 0.700000 0.495900
0.000000 0.705000 0.495900
0.000000 0.710000 0.495900
0.000000 0.715000 0.495900
0.000000 0.720000 0.495900
0.000000 0.725000 0.495900
0.000000 0.730000 0.495900
0.000000 0.735000 0.495900
0.000000 0.740000 0.495900
0.000000 0.745000 0.495900
0.000000 0.750000 0.495900
0.000000 0.755000 0.495900
0.000000 0.760000 0.495900
0.000000 0.765000 0.495900
0.000000 0.770000 0.495900
0.000000 0.775000 0.495900
0.000000 0.780000 0.495900
0.000000 0.785000 0.495900
0.000000 0.790000 0.495900
0.000000 0.795000 0.495900
0.000000 0.800000 0.495900
0.000000 0.805000 0.495900
0.000000 0.810000 0.495900
0.000000 0.815000 0.495900
0.000000 0.820000 0.495900
0.000000 0.825000 0.495900
0.000000 0.830000 0.495900
0.000000 0.835000 0.495900
0.000000 0.840000 0.495900
0.000000 0.845000 0.495900
0.000000 0.850000 0.495900
0.000000 0.855000 0.495900
0.000000 0.860000 0.495900
0.000000 0.865000 0.495900
0.000000 0.870000 0.495900
0.000000 0.875000 0.495900
0.000000 0.880000 0.495900
0.000000 0.885000 0.495900
0.000000 0.890000 0.495900
0.000000 0.895000 0.495900
0.000000 0.900000 0.495900
0.000000 0.905000 0.495900
0.000000 0.910000 0.495900
0.000000 0.915000 0.495900
0.000000 0.920000 0.495900
0.000000 0.925000 0.495900
0.000000 0.930000 0.495900
0.000000 0.935000 0.495900
0.000000 0.940000 0.495900
0.000000 0.945000 0.495900
0.000000 0.950000 0.495900
0.000000 0.955000 0.495900
0.000000 0.960000 0.495900
0.000000 0.965000 0.495900
0.000000 0.970000 0.495900
0.000000 0.975000 0.495900
0.000000 0.980000 0.495900
0.000000 0.985000 0.495900
0.000000 0.990000 0.495900
0.000000 0.995000 0.495900
0.000000 0.000000 0.504360
0.000000 0.005000 0.504360
0.000000 0.010000 0.504360
0.000000 0.015000 0.504360
0.000000 0.020000 0.504360
0.000000 0.025000 0.504360
0.000000 0.030000 0.504360
0.000000 0.035000 0.504360
0.000000 0.040000 0.504360
0.000000 0.045000 0.504360
0.000000 0.050000 0.504360
0.000000 0.055000 0.504360
0.000000 0.060000 0.504360
0.000000 0.065000 0.504360
0.000000 0.070000 0.504360
0.000000 0.075000 0.504360
0.000000 0.080000 0.504360
0.000000 0.085000 0.504360
0.000000 0.090000 0.504360
0.000000 0.095000 0.504360
0.000000 0.100000 0.504360
0.000000 0.105000 0.504360
0.000000 0.110000 0.504360
0.000000 0.115000 0.504360
0.000000 0.120000 0.504360
0.000000 0.125000 0.504360
0.000000 0.130000 0.504360
0.000000 0.135000 0.504360
0.000000 0.140000 0.504360
0.000000 0.145000 0.504360
0.000000 0.150000 0.504360
0.000000 0.155000 0.504360
0.000000 0.160000 0.504360
0.000000 0.165000 0.504360
0.000000 0.170000 0.504360
0.000000 0.175000 0.504360
0.000000 0.180000 0.504360
0.000000 0.185000 0.504360
0.000000 0.190000 0.504360
0.000000 0.195000 0.504360
0.000000 0.200000 0.504360
0.000000 0.205000 0.504360
0.000000 0.210000 0.504360
0.000000 0.215000 0.504360
0.000000 0.220000 0.504360
0.000000 0.225000 0.504360
0.000000 0.230000 0.504360
0.000000 0.235000 0.504360
0.000000 0.240000 0.504360
0.000000 0.245000 0.504360
0.000000 0.250000 0.504360
0.000000 0.255000 0.504360
0.000000 0.260000 0.504360
0.000000 0.265000 0.504360
0.000000 0.270000 0.504360
0.000000 0.275000 0.504360
0.000000 0.280000 0.504360
0.000000 0.285000 0.504360
0.000000 0.290000 0.504360
0.000000 0.295000 0.504360
0.000000 0.300000 0.504360
0.000000 0.305000 0.504360
0.000000 0.310000 0.504360
0.000000 0.315000 0.504360
0.000000 0.320000 0.504360
0.000000 0.325000 0.504360
0.000000 0.330000 0.504360
0.000000 0.335000 0.504360
0.000000 0.340000 0.504360
0.000000 0.345000 0.504360
0.000000 0.350000 0.504360
0.000000 0.355000 0.504360
0.000000 0.360000 0.504360
0.000000 0.365000 0.504360
0.000000 0.370000 0.504360
0.000000 0.375000 0.504360
0.000000 0.380000 0.504360
0.000000 0.385000 0.504360
0.000000 0.390000 0.504360
0.000000 0.395000 0.504360
0.000000 0.400000 0.504360
0.000000 0.405000 0.504360
0.000000 0.410000 0.504360
0.000000 0.415000 0.504360
0.000000 0.420000 0.504360
0.000000 0.425000 0.504360
0.000000 0.430000 0.504360
0.000000 0.435000 0.504360
0.000000 0.440000 0.504360
0.000000 0.445000 0.504360
0.000000 0.450000 0.504360
0.000000 0.455000 0.504360
0.000000 0.460000 0.504360
0.000000 0.465000 0.504360
0.000000 0.470000 0.504360
0.000000 0.475000 0.504360
0.000000 0.480000 0.504360
0.000000 0.485000 0.504360
0.000000 0.490000 0.504360
0.000000 0.495000 0.504360
0.000000 0.500000 0.504360
0.000000 0.505000 0.504360
0.000000 0.510000 0.504360
0.000000 0.515000 0.504360
0.000000 0.520000 0.504360
0.000000 0.525000 0.504360
0.000000 0.530000 0.504360
0.000000 0.535000 0.504360
0.000000 0.540000 0.504360
0.000000 0.545000 0.504360
0.000000 0.550000 0.504360
0.000000 0.555000 0.504360
0.000000 0.560000 0.504360
0.000000 0.565000 0.504360
0.000000 0.570000 0.504360
0.000000 0.575000 0.504360
0.000000 0.580000 0.504360
0.000000 0.585000 0.504360
0.000000 0.590000 0.504360
0.000000 0.595000 0.504360
0.000000 0.600000 0.504360
0.000000 0.605000 0.504360
0.000000 0.610000 0.504360
0.000000 0.615000 0.504360
0.000000 0.620000 0.504360
0.000000 0.625000 0.504360
0.000000 0.630000 0.504360
0.000000 0.635000 0.504360
0.000000 0.640000 0.504360
0.000000 0.645000 0.504360
0.000000 0.650000 0.504360
0.000000 0.655000 0.504360
0.000000 0.660000 0.504360
0.000000 0.665000 0.504360
0.000000 0.670000 0.504360
0.000000 0.675000 0.504360
0.000000 0.680000 0.504360
0.000000 0.685000 0.504360
0.000000 0.690000 0.504360
0.000000 0.695000 0.504360
0.000000 0.700000 0.504360
0.000000 0.705000 0.504360
0.000000 0.710000 0.504360
0.000000 0.715000 0.504360
0.000000 0.720000 0.504360
0.000000 0.725000 0.504360
0.000000 0.730000 0.504360
0.000000 0.735000 0.504360
0.000000 0.740000 0.504360
0.000000 0.745000 0.504360
0.000000 0.750000 0.504360
0.000000 0.755000 0.504360
0.000000 0.760000 0.504360
0.000000 0.765000 0.504360
0.000000 0.770000 0.504360
0.000000 0.775000 0.504360
0.000000 0.780000 0.504360
0.000000 0.785000 0.504360
0.000000 0.790000 0.504360
0.000000 0.795000 0.504360
0.000000 0.800000 0.504360
0.000000 0.805000 0.504360
0.000000 0.810000 0.504360
0.000000 0.815000 0.504360
0.000000 0.820000 0.504360
0.000000 0.825000 0.504360
0.000000 0.830000 0.504360
0.000000 0.835000 0.504360
0.000000 0.840000 0.504360
0.000000 0.845000 0.504360
0.000000 0.850000 0.504360
0.000000 0.855000 0.504360
0.000000 0.860000 0.504360
0.000000 0.865000 0.504360
0.000000 0.870000 0.504360
0.000000 0.875000 0.504360
0.000000 0.880000 0.504360
0.000000 0.885000 0.504360
0.000000 0.890000 0.504360
0.000000 0.895000 0.504360
0.000000 0.900000 0.504360
0.000000 0.905000 0.504360
0.000000 0.910000 0.504360
0.000000 0.915000 0.504360
0.000000 0.920000 0.504360
0.000000 0.925000 0.504360
0.000000 0.930000 0.504360
0.000000 0.935000 0.504360
0.000000 0.940000 0.504360
0.000000 0.945000 0.504360
0.000000 0.950000 0.504360
0.000000 0.955000 0.504360
0.000000 0.960000 0.504360
0.000000 0.965000 0.504360
0.000000 0.970000 0.504360
0.000000 0.975000 0.504360
0.000000 0.980000 0.504360
0.000000 0.985000 0.504360
0.000000 0.990000 0.504360
0.000000 0.995000 0.504360
2.000000 0.000000 0.496000
2.000000 0.005000 0.496000
2.000000 0.010000 0.496000
2.000000 0.015000 0.496000
2.000000 0.020000 0.496000
2.000000 0.025000 0.496000
2.000000 0.030000 0.496000
2.000000 0.035000 0.496000
2.000000 0.040000 0.496000
2.000000 0.045000 0.496000
2.000000 0.050000 0.496000
2.000000 0.055000 0.496000
2.000000 0.060000 0.496000
2.000000 0.065000 0.496000
2.000000 0.070000 0.496000
2.000000 0.075000 0.496000
2.000000 0.080000 0.496000
2.000000 0.085000 0.496000
2.000000 0.090000 0.496000
2.000000 0.095000 0.496000
2.000000 0.100000 0.496000
2.000000 0.105000 0.496000
2.000000 0.110000 0.496000
2.000000 0.115000 0.496000
2.000000 0.120000 0.496000
2.000000 0.125000 0.496000
2.000000 0.130000 0.496000
2.000000 0.135000 0.496000
2.000000 0.140000 0.496000
2.000000 0.145000 0.496000
2.000000 0.150000 0.496000
2.000000 0.155000 0.496000
2.000000 0.160000 0.496000
2.000000 0.165000 0.496000
2.000000 0.170000 0.496000
2.000000 0.175000 0.496000
2.000000 0.180000 0.496000
2.000000 0.185000 0.496000
2.000000 0.190000 0.496000
2.000000 0.195000 0.496000
2.000000 0.200000 0.496000
2.000000 0.205000 0.496000
2.000000 0.210000 0.496000
2.000000 0.215000 0.496000
2.000000 0.220000 0.496000
2.000000 0.225000 0.496000
2.000000 0.230000 0.496000
2.000000 0.235000 0.496000
2.000000 0.240000 0.496000
2.000000 0.245000 0.496000
2.000000 0.250000 0.496000
2.000000 0.255000 0.496000
2.000000 0.260000 0.496000
2.000000 0.265000 0.496000
2.000000 0.270000 0.496000
2.000000 0.275000 0.496000
2.000000 0.280000 0.496000
2.000000 0.285000 0.496000
2.000000 0.290000 0.496000
2.000000 0.295000 0.496000
2.000000 0.300000 0.496000
2.000000 0.305000 0.496000
2.000000 0.310000 0.496000
2.000000 0.315000 0.496000
2.000000 0.320000 0.496000
2.000000 0.325000 0.496000
2.000000 0.330000 0.496000
2.000000 0.335000 0.496000
2.000000 0.340000 0.496000
2.000000 0.345000 0.496000
2.000000 0.350000 0.496000
2.000000 0.355000 0.496000
2.000000 0.360000 0.496000
2.000000 0.365000 0.496000
2.000000 0.370000 0.496000
2.000000 0.375000 0.496000
2.000000 0.380000 0.496000
2.000000 0.385000 0.496000
2.000000 0.390000 0.496000
2.000000 0.395000 0.496000
2.000000 0.400000 0.496000
2.000000 0.405000 0.496000
2.000000 0.410000 0.496000
2.000000 0.415000 0.496000
2.000000 0.420000 0.496000
2.000000 0.425000 0.496000
2.000000 0.430000 0.496000
2.000000 0.435000 0.496000
2.000000 0.440000 0.496000
2.000000 0.445000 0.496000
2.000000 0.450000 0.496000
2.000000 0.455000 0.496000
2.000000 0.460000 0.496000
2.000000 0.465000 0.496000
2.000000 0.470000 0.496000
2.000000 0.475000 0.496000
2.000000 0.480000 0.496000
2.000000 0.485000 0.496000
2.000000 0.490000 0.496000
2.000000 0.495000 0.496000
2.000000 0.500000 0.496000
2.000000 0.505000 0.496000
2.000000 0.510000 0.496000
2.000000 0.515000 0.496000
2.000000 0.520000 0.496000
2.000000 0.525000 0.496000
2.000000 0.530000 0.496000
2.000000 0.535000 0.496000
2.000000 0.540000 0.496000
2.000000 0.545000 0.496000
2.000000 0.550000 0.496000
2.000000 0.555000 0.496000
2.000000 0.560000 0.496000
2.000000 0.565000 0.496000
2.000000 0.570000 0.496000
2.000000 0.575000 0.496000
2.000000 0.580000 0.496000
2.000000 0.585000 0.496000
2.000000 0.590000 0.496000
2.000000 0.595000 0.496000
2.000000 0.600000 0.496000
2.000000 0.605000 0.496000
2.000000 0.610000 0.496000
2.000000 0.615000 0.496000
2.000000 0.620000 0.496000
2.000000 0.625000 0.496000
2.000000 0.630000 0.496000
2.000000 0.635000 0.496000
2.000000 0.640000 0.496000
2.000000 0.645000 0.496000
2.000000 0.650000 0.496000
2.000000 0.655000 0.496000
2.000000 0.660000 0.496000
2.000000 0.665000 0.496000
2.000000 0.670000 0.496000
2.000000 0.675000 0.496000
2.000000 0.680000 0.496000
2.000000 0.685000 0.496000
2.000000 0.690000 0.496000
2.000000 0.695000 0.496000
2.000000 0.700000 0.496000
2.000000 0.705000 0.496000
2.000000 0.710000 0.496000
2.000000 0.715000 0.496000
2.000000 0.720000 0.496000
2.000000 0.725000 0.496000
2.000000 0.730000 0.496000
2.000000 0.735000 0.496000
2.000000 0.740000 0.496000
2.000000 0.745000 0.496000
2.000000 0.750000 0.496000
2.000000 0.755000 0.496000
2.000000 0.760000 0.496000
2.000000 0.765000 0.496000
2.000000 0.770000 0.496000
2.000000 0.775000 0.496000
2.000000 0.780000 0.496000
2.000000 0.785000 0.496000
2.000000 0.790000 0.496000
2.000000 0.795000 0.496000
2.000000 0.800000 0.496000
2.000000 0.805000 0.496000
2.000000 0.810000 0.496000
2.000000 0.815000 0.496000
2.000000 0.820000 0.496000
2.000000 0.825000 0.496000
2.000000 0.830000 0.496000
2.000000 0.835000 0.496000
2.000000 0.840000 0.496000
2.000000 0.845000 0.496000
2.000000 0.850000 0.496000
2.000000 0.855000 0.496000
2.000000 0.860000 0.496000
2.000000 0.865000 0.496000
2.000000 0.870000 0.496000
2.000000 0.875000 0.496000
2.000000 0.880000 0.496000
2.000000 0.885000 0.496000
2.000000 0.890000 0.496000
2.000000 0.895000 0.496000
2.000000 0.900000 0.496000
2.000000 0.905000 0.496000
2.000000 0.910000 0.496000
2.000000 0.915000 0.496000
2.000000 0.920000 0.496000
2.000000 0.925000 0.496000
2.000000 0.930000 0.496000
2.000000 0.935000 0.496000
2.000000 0.940000 0.496000
2.000000 0.945000 0.496000
2.000000 0.950000 0.496000
2.000000 0.955000 0.496000
2.000000 0.960000 0.496000
2.000000 0.965000 0.496000
2.000000 0.970000 0.496000
2.000000 0.975000 0.496000
2.000000 0.980000 0.496000
2.000000 0.985000 0.496000
2.000000 0.990000 0.496000
2.000000 0.995000 0.496000
2.000000 0.000000 0.504260
2.000000 0.005000 0.504260
2.000000 0.010000 0.504260
2.000000 0.015000 0.504260
2.000000 0.020000 0.504260
2.000000 0.025000 0.504260
2.000000 0.030000 0.504260
2.000000 0.035000 0.504260
2.000000 0.040000 0.504260
2.000000 0.045000 0.504260
2.000000 0.050000 0.504260
2.000000 0.055000 0.504260
2.000000 0.060000 0.504260
2.000000 0.065000 0.504260
2.000000 0.070000 0.504260
2.000000 0.075000 0.504260
2.000000 0.080000 0.504260
2.000000 0.085000 0.504260
2.000000 0.090000 0.504260
2.000000 0.095000 0.504260
2.000000 0.100000 0.504260
2.000000 0.105000 0.504260
2.000000 0.110000 0.504260
2.000000 0.115000 0.504260
2.000000 0.120000 0.504260
2.000000 0.125000 0.504260
2.000000 0.130000 0.504260
2.000000 0.135000 0.504260
2.000000 0.140000 0.504260
2.000000 0.145000 0.504260
2.000000 0.150000 0.504260
2.000000 0.155000 0.504260
2.000000 0.160000 0.504260
2.000000 0.165000 0.504260
2.000000 0.170000 0.504260
2.000000 0.175000 0.504260
2.000000 0.180000 0.504260
2.000000 0.185000 0.504260
2.000000 0.190000 0.504260
2.000000 0.195000 0.504260
2.000000 0.200000 0.504260
2.000000 0.205000 0.504260
2.000000 0.210000 0.504260
2.000000 0.215000 0.504260
2.000000 0.220000 0.504260
2.000000 0.225000 0.504260
2.000000 0.230000 0.504260
2.000000 0.235000 0.504260
2.000000 0.240000 0.504260
2.000000 0.245000 0.504260
2.000000 0.250000 0.504260
2.000000 0.255000 0.504260
2.000000 0.260000 0.504260
2.000000 0.265000 0.504260
2.000000 0.270000 0.504260
2.000000 0.275000 0.504260
2.000000 0.280000 0.504260
2.000000 0.285000 0.504260
2.000000 0.290000 0.504260
2.000000 0.295000 0.504260
2.000000 0.300000 0.504260
2.000000 0.305000 0.504260
2.000000 0.310000 0.504260
2.000000 0.315000 0.504260
2.000000 0.320000 0.504260
2.000000 0.325000 0.504260
2.000000 0.330000 0.504260
2.000000 0.335000 0.504260
2.000000 0.340000 0.504260
2.000000 0.345000 0.504260
2.000000 0.350000 0.504260
2.000000 0.355000 0.504260
2.000000 0.360000 0.504260
2.000000 0.365000 0.504260
2.000000 0.370000 0.504260
2.000000 0.375000 0.504260
2.000000 0.380000 0.504260
2.000000 0.385000 0.504260
2.000000 0.390000 0.504260
2.000000 0.395000 0.504260
2.000000 0.400000 0.504260
2.000000 0.405000 0.504260
2.000000 0.410000 0.504260
2.000000 0.415000 0.504260
2.000000 0.420000 0.504260
2.000000 0.425000 0.504260
2.000000 0.430000 0.504260
2.000000 0.435000 0.504260
2.000000 0.440000 0.504260
2.000000 0.445000 0.504260
2.000000 0.450000 0.504260
2.000000 0.455000 0.504260
2.000000 0.460000 0.504260
2.000000 0.465000 0.504260
2.000000 0.470000 0.504260
2.000000 0.475000 0.504260
2.000000 0.480000 0.504260
2.000000 0.485000 0.504260
2.000000 0.490000 0.504260
2.000000 0.495000 0.504260
2.000000 0.500000 0.504260
2.000000 0.505000 0.504260
2.000000 0.510000 0.504260
2.000000 0.515000 0.504260
2.000000 0.520000 0.504260
2.000000 0.525000 0.504260
2.000000 0.530000 0.504260
2.000000 0.535000 0.504260
2.000000 0.540000 0.504260
2.000000 0.545000 0.504260
2.000000 0.550000 0.504260
2.000000 0.555000 0.504260
2.000000 0.560000 0.504260
2.000000 0.565000 0.504260
2.000000 0.570000 0.504260
2.000000 0.575000 0.504260
2.000000 0.580000 0.504260
2.000000 0.585000 0.504260
2.000000 0.590000 0.504260
2.000000 0.595000 0.504260
2.000000 0.600000 0.504260
2.000000 0.605000 0.504260
2.000000 0.610000 0.504260
2.000000 0.615000 0.504260
2.000000 0.620000 0.504260
2.000000 0.625000 0.504260
2.000000 0.630000 0.504260
2.000000 0.635000 0.504260
2.000000 0.640000 0.504260
2.000000 0.645000 0.504260
2.000000 0.650000 0.504260
2.000000 0.655000 0.504260
2.000000 0.660000 0.504260
2.000000 0.665000 0.504260
2.000000 0.670000 0.504260
2.000000 0.675000 0.504260
2.000000 0.680000 0.504260
2.000000 0.685000 0.504260
2.000000 0.690000 0.504260
2.000000 0.695000 0.504260
2.000000 0.700000 0.504260
2.000000 0.705000 0.504260
2.000000 0.710000 0.504260
2.000000 0.715000 0.504260
2.000000 0.720000 0.504260
2.000000 0.725000 0.504260
2.000000 0.730000 0.504260
2.000000 0.735000 0.504260
2.000000 0.740000 0.504260
2.000000 0.745000 0.504260
2.000000 0.750000 0.504260
2.000000 0.755000 0.504260
2.000000 0.760000 0.504260
2.000000 0.765000 0.504260
2.000000 0.770000 0.504260
2.000000 0.775000 0.504260
2.000000 0.780000 0.504260
2.000000 0.785000 0.504260
2.000000 0.790000 0.504260
2.000000 0.795000 0.504260
2.000000 0.800000 0.504260
2.000000 0.805000 0.504260
2.000000 0.810000 0.504260
2.000000 0.815000 0.504260
2.000000 0.820000 0.504260
2.000000 0.825000 0.504260
2.000000 0.830000 0.504260
2.000000 0.835000 0.504260
2.000000 0.840000 0.504260
2.000000 0.845000 0.504260
2.000000 0.850000 0.504260
2.000000 0.855000 0.504260
2.000000 0.860000 0.504260
2.000000 0.865000 0.504260
2.000000 0.870000 0.504260
2.000000 0.875000 0.504260
2.000000 0.880000 0.504260
2.000000 0.885000 0.504260
2.000000 0.890000 0.504260
2.000000 0.895000 0.504260
2.000000 0.900000 0.504260
2.000000 0.905000 0.504260
2.000000 0.910000 0.504260
2.000000 0.915000 0.504260
2.000000 0.920000 0.504260
2.000000 0.925000 0.504260
2.000000 0.930000 0.504260
2.000000 0.935000 0.504260
2.000000 0.940000 0.504260
2.000000 0.945000 0.504260
2.000000 0.950000 0.504260
2.000000 0.955000 0.504260
2.000000 0.960000 0.504260
2.000000 0.965000 0.504260
2.000000 0.970000 0.504260
2.000000 0.975000 0.504260
2.000000 0.980000 0.504260
2.000000 0.985000 0.504260
2.000000 0.990000 0.504260
2.000000 0.995000 0.504260
0.000000 0.000000 0.496100
0.000000 0.005000 0.496100
0.000000 0.010000 0.496100
0.000000 0.015000 0.496100
0.000000 0.020000 0.496100
0.000000 0.025000 0.496100
0.000000 0.030000 0.496100
0.000000 0.035000 0.496100
0.000000 0.040000 0.496100
0.000000 0.045000 0.496100
0.000000 0.050000 0.496100
0.000000 0.055000 0.496100
0.000000 0.060000 0.496100
0.000000 0.065000 0.496100
0.000000 0.070000 0.496100
0.000000 0.075000 0.496100
0.000000 0.080000 0.496100
0.000000 0.085000 0.496100
0.000000 0.090000 0.496100
0.000000 0.095000 0.496100
0.000000 0.100000 0.496100
0.000000 0.105000 0.496100
0.000000 0.110000 0.496100
0.000000 0.115000 0.496100
0.000000 0.120000 0.496100
0.000000 0.125000 0.496100
0.000000 0.130000 0.496100
0.000000 0.135000 0.496100
0.000000 0.140000 0.496100
0.000000 0.145000 0.496100
0.000000 0.150000 0.496100
0.000000 0.155000 0.496100
0.000000 0.160000 0.496100
0.000000 0.165000 0.496100
0.000000 0.170000 0.496100
0.000000 0.175000 0.496100
0.000000 0.180000 0.496100
0.000000 0.185000 0.496100
0.000000 0.190000 0.496100
0.000000 0.195000 0.496100
0.000000 0.200000 0.496100
0.000000 0.205000 0.496100
0.000000 0.210000 0.496100
0.000000 0.215000 0.496100
0.000000 0.220000 0.496100
0.000000 0.225000 0.496100
0.000000 0.230000 0.496100
0.000000 0.235000 0.496100
0.000000 0.240000 0.496100
0.000000 0.245000 0.496100
0.000000 0.250000 0.496100
0.000000 0.255000 0.496100
0.000000 0.260000 0.496100
0.000000 0.265000 0.496100
0.000000 0.270000 0.496100
0.000000 0.275000 0.496100
0.000000 0.280000 0.496100
0.000000 0.285000 0.496100
0.000000 0.290000 0.496100
0.000000 0.295000 0.496100
0.000000 0.300000 0.496100
0.000000 0.305000 0.496100
0.000000 0.310000 0.496100
0.000000 0.315000 0.496100
0.000000 0.320000 0.496100
0.000000 0.325000 0.496100
0.000000 0.330000 0.496100
0.000000 0.335000 0.496100
0.000000 0.340000 0.496100
0.000000 0.345000 0.496100
0.000000 0.350000 0.496100
0.000000 0.355000 0.496100
0.000000 0.360000 0.496100
0.000000 0.365000 0.496100
0.000000 0.370000 0.496100
0.000000 0.375000 0.496100
0.000000 0.380000 0.496100
0.000000 0.385000 0.496100
0.000000 0.390000 0.496100
0.000000 0.395000 0.496100
0.000000 0.400000 0.496100
0.000000 0.405000 0.496100
0.000000 0.410000 0.496100
0.000000 0.415000 0.496100
0.000000 0.420000 0.496100
0.000000 0.425000 0.496100
0.000000 0.430000 0.496100
0.000000 0.435000 0.496100
0.000000 0.440000 0.496100
0.000000 0.445000 0.496100
0.000000 0.450000 0.496100
0.000000 0.455000 0.496100
0.000000 0.460000 0.496100
0.000000 0.465000 0.496100
0.000000 0.470000 0.496100
0.000000 0.475000 0.496100
0.000000 0.480000 0.496100
0.000000 0.485000 0.496100
0.000000 0.490000 0.496100
0.000000 0.495000 0.496100
0.000000 0.500000 0.496100
0.000000 0.505000 0.496100
0.000000 0.510000 0.496100
0.000000 0.515000 0.496100
0.000000 0.520000 0.496100
0.000000 0.525000 0.496100
0.000000 0.530000 0.496100
0.000000 0.535000 0.496100
0.000000 0.540000 0.496100
0.000000 0.545000 0.496100
0.000000 0.550000 0.496100
0.000000 0.555000 0.496100
0.000000 0.560000 0.496100
0.000000 0.565000 0.496100
0.000000 0.570000 0.496100
0.000000 0.575000 0.496100
0.000000 0.580000 0.496100
0.000000 0.585000 0.496100
0.000000 0.590000 0.496100
0.000000 0.595000 0.496100
0.000000 0.600000 0.496100
0.000000 0.605000 0.496100
0.000000 0.610000 0.496100
0.000000 0.615000 0.496100
0.000000 0.620000 0.496100
0.000000 0.625000 0.496100
0.000000 0.630000 0.496100
0.000000 0.635000 0.496100
0.000000 0.640000 0.496100
0.000000 0.645000 0.496100
0.000000 0.650000 0.496100
0.000000 0.655000 0.496100
0.000000 0.660000 0.496100
0.000000 0.665000 0.496100
0.000000 0.670000 0.496100
0.000000 0.675000 0.496100
0.000000 0.680000 0.496100
0.000000 0.685000 0.496100
0.000000 0.690000 0.496100
0.000000 0.695000 0.496100
0.000000 0.700000 0.496100
0.000000 0.705000 0.496100
0.000000 0.710000 0.496100
0.000000 0.715000 0.496100
0.000000 0.720000 0.496100
0.000000 0.725000 0.496100
0.000000 0.730000 0.496100
0.000000 0.735000 0.496100
0.000000 0.740000 0.496100
0.000000 0.745000 0.496100
0.000000 0.750000 0.496100
0.000000 0.755000 0.496100
0.000000 0.760000 0.496100
0.000000 0.765000 0.496100
0.000000 0.770000 0.496100
0.000000 0.775000 0.496100
0.000000 0.780000 0.496100
0.000000 0.785000 0.496100
0.000000 0.790000 0.496100
0.000000 0.795000 0.496100
0.000000 0.800000 0.496100
0.000000 0.805000 0.496100
0.000000 0.810000 0.496100
0.000000 0.815000 0.496100
0.000000 0.820000 0.496100
0.000000 0.825000 0.496100
0.000000 0.830000 0.496100
0.000000 0.835000 0.496100
0.000000 0.840000 0.496100
0.000000 0.845000 0.496100
0.000000 0.850000 0.496100
0.000000 0.855000 0.496100
0.000000 0.860000 0.496100
0.000000 0.865000 0.496100
0.000000 0.870000 0.496100
0.000000 0.875000 0.496100
0.000000 0.880000 0.496100
0.000000 0.885000 0.496100
0.000000 0.890000 0.496100
0.000000 0.895000 0.496100
0.000000 0.900000 0.496100
0.000000 0.905000 0.496100
0.000000 0.910000 0.496100
0.000000 0.915000 0.496100
0.000000 0.920000 0.496100
0.000000 0.925000 0.496100
0.000000 0.930000 0.496100
0.000000 0.935000 0.496100
0.000000 0.940000 0.496100
0.000000 0.945000 0.496100
0.000000 0.950000 0.496100
0.000000 0.955000 0.496100
0.000000 0.960000 0.496100
0.000000 0.965000 0.496100
0.000000 0.970000 0.496100
0.000000 0.975000 0.496100
0.000000 0.980000 0.496100
0.000000 0.985000 0.496100
0.000000 0.990000 0.496100
0.000000 0.995000 0.496100
0.000000 0.000000 0.504160
0.000000 0.005000 0.504160
0.000000 0.010000 0.504160
0.000000 0.015000 0.504160
0.000000 0.020000 0.504160
0.000000 0.025000 0.504160
0.000000 0.030000 0.504160
0.000000 0.035000 0.504160
0.000000 0.040000 0.504160
0.000000 0.045000 0.504160
0.000000 0.050000 0.504160
0.000000 0.055000 0.504160
0.000000 0.060000 0.504160
0.000000 0.065000 0.504160
0.000000 0.070000 0.504160
0.000000 0.075000 0.504160
0.000000 0.080000 0.504160
0.000000 0.085000 0.504160
0.000000 0.090000 0.504160
0.000000 0.095000 0.504160
0.000000 0.100000 0.504160
0.000000 0.105000 0.504160
0.000000 0.110000 0.504160
0.000000 0.115000 0.504160
0.000000 0.120000 0.504160
0.000000 0.125000 0.504160
0.000000 0.130000 0.504160
0.000000 0.135000 0.504160
0.000000 0.140000 0.504160
0.000000 0.145000 0.504160
0.000000 0.150000 0.504160
0.000000 0.155000 0.504160
0.000000 0.160000 0.504160
0.000000 0.165000 0.504160
0.000000 0.170000 0.504160
0.000000 0.175000 0.504160
0.000000 0.180000 0.504160
0.000000 0.185000 0.504160
0.000000 0.190000 0.504160
0.000000 0.195000 0.504160
0.000000 0.200000 0.504160
0.000000 0.205000 0.504160
0.000000 0.210000 0.504160
0.000000 0.215000 0.504160
0.000000 0.220000 0.504160
0.000000 0.225000 0.504160
0.000000 0.230000 0.504160
0.000000 0.235000 0.504160
0.000000 0.240000 0.504160
0.000000 0.245000 0.504160
0.000000 0.250000 0.504160
0.000000 0.255000 0.504160
0.000000 0.260000 0.504160
0.000000 0.265000 0.504160
0.000000 0.270000 0.504160
0.000000 0.275000 0.504160
0.000000 0.280000 0.504160
0.000000 0.285000 0.504160
0.000000 0.290000 0.504160
0.000000 0.295000 0.504160
0.000000 0.300000 0.504160
0.000000 0.305000 0.504160
0.000000 0.310000 0.504160
0.000000 0.315000 0.504160
0.000000 0.320000 0.504160
0.000000 0.325000 0.504160
0.000000 0.330000 0.504160
0.000000 0.335000 0.504160
0.000000 0.340000 0.504160
0.000000 0.345000 0.504160
0.000000 0.350000 0.504160
0.000000 0.355000 0.504160
0.000000 0.360000 0.504160
0.000000 0.365000 0.504160
0.000000 0.370000 0.504160
0.000000 0.375000 0.504160
0.000000 0.380000 0.504160
0.000000 0.385000 0.504160
0.000000 0.390000 0.504160
0.000000 0.395000 0.504160
0.000000 0.400000 0.504160
0.000000 0.405000 0.504160
0.000000 0.410000 0.504160
0.000000 0.415000 0.504160
0.000000 0.420000 0.504160
0.000000 0.425000 0.504160
0.000000 0.430000 0.504160
0.000000 0.435000 0.504160
0.000000 0.440000 0.504160
0.000000 0.445000 0.504160
0.000000 0.450000 0.504160
0.000000 0.455000 0.504160
0.000000 0.460000 0.504160
0.000000 0.465000 0.504160
0.000000 0.470000 0.504160
0.000000 0.475000 0.504160
0.000000 0.480000 0.504160
0.000000 0.485000 0.504160
0.000000 0.490000 0.504160
0.000000 0.495000 0.504160
0.000000 0.500000 0.504160
0.000000 0.505000 0.504160
0.000000 0.510000 0.504160
0.000000 0.515000 0.504160
0.000000 0.520000 0.504160
0.000000 0.525000 0.504160
0.000000 0.530000 0.504160
0.000000 0.535000 0.504160
0.000000 0.540000 0.504160
0.000000 0.545000 0.504160
0.000000 0.550000 0.504160
0.000000 0.555000 0.504160
0.000000 0.560000 0.504160
0.000000 0.565000 0.504160
0.000000 0.570000 0.504160
0.000000 0.575000 0.504160
0.000000 0.580000 0.504160
0.000000 0.585000 0.504160
0.000000 0.590000 0.504160
0.000000 0.595000 0.504160
0.000000 0.600000 0.504160
0.000000 0.605000 0.504160
0.000000 0.610000 0.504160
0.000000 0.615000 0.504160
0.000000 0.620000 0.504160
0.000000 0.625000 0.504160
0.000000 0.630000 0.504160
0.000000 0.635000 0.504160
0.000000 0.640000 0.504160
0.000000 0.645000 0.504160
0.000000 0.650000 0.504160
0.000000 0.655000 0.504160
0.000000 0.660000 0.504160
0.000000 0.665000 0.504160
0.000000 0.670000 0.504160
0.000000 0.675000 0.504160
0.000000 0.680000 0.504160
0.000000 0.685000 0.504160
0.000000 0.690000 0.504160
0.000000 0.695000 0.504160
0.000000 0.700000 0.504160
0.000000 0.705000 0.504160
0.000000 0.710000 0.504160
0.000000 0.715000 0.504160
0.000000 0.720000 0.504160
0.000000 0.725000 0.504160
0.000000 0.730000 0.504160
0.000000 0.735000 0.504160
0.000000 0.740000 0.504160
0.000000 0.745000 0.504160
0.000000 0.750000 0.504160
0.000000 0.755000 0.504160
0.000000 0.760000 0.504160
0.000000 0.765000 0.504160
0.000000 0.770000 0.504160
0.000000 0.775000 0.504160
0.000000 0.780000 0.504160
0.000000 0.785000 0.504160
0.000000 0.790000 0.504160
0.000000 0.795000 0.504160
0.000000 0.800000 0.504160
0.000000 0.805000 0.504160
0.000000 0.810000 0.504160
0.000000 0.815000 0.504160
0.000000 0.820000 0.504160
0.000000 0.825000 0.504160
0.000000 0.830000 0.504160
0.000000 0.835000 0.504160
0.000000 0.840000 0.504160
0.000000 0.845000 0.504160
0.000000 0.850000 0.504160
0.000000 0.855000 0.504160
0.000000 0.860000 0.504160
0.000000 0.865000 0.504160
0.000000 0.870000 0.504160
0.000000 0.875000 0.504160
0.000000 0.880000 0.504160
0.000000 0.885000 0.504160
0.000000 0.890000 0.504160
0.000000 0.895000 0.504160
0.000000 0.900000 0.504160
0.000000 0.905000 0.504160
0.000000 0.910000 0.504160
0.000000 0.915000 0.504160
0.000000 0.920000 0.504160
0.000000 0.925000 0.504160
0.000000 0.930000 0.504160
0.000000 0.935000 0.504160
0.000000 0.940000 0.504160
0.000000 0.945000 0.504160
0.000000 0.950000 0.504160
0.000000 0.955000 0.504160
0.000000 0.960000 0.504160
0.000000 0.965000 0.504160
0.000000 0.970000 0.504160
0.000000 0.975000 0.504160
0.000000 0.980000 0.504160
0.000000 0.985000 0.504160
0.000000 0.990000 0.504160
0.000000 0.995000 0.504160
4.000000 0.000000 0.496200
4.000000 0.005000 0.496200
4.000000 0.010000 0.496200
4.000000 0.015000 0.496200
4.000000 0.020000 0.496200
4.000000 0.025000 0.496200
4.000000 0.030000 0.496200
4.000000 0.035000 0.496200
4.000000 0.040000 0.496200
4.000000 0.045000 0.496200
4.000000 0.050000 0.496200
4.000000 0.055000 0.496200
4.000000 0.060000 0.496200
4.000000 0.065000 0.496200
4.000000 0.070000 0.496200
4.000000 0.075000 0.496200
4.000000 0.080000 0.496200
4.000000 0.085000 0.496200
4.000000 0.090000 0.496200
4.000000 0.095000 0.496200
4.000000 0.100000 0.496200
4.000000 0.105000 0.496200
4.000000 0.110000 0.496200
4.000000 0.115000 0.496200
4.000000 0.120000 0.496200
4.000000 0.125000 0.496200
4.000000 0.130000 0.496200
4.000000 0.135000 0.496200
4.000000 0.140000 0.496200
4.000000 0.145000 0.496200
4.000000 0.150000 0.496200
4.000000 0.155000 0.496200
4.000000 0.160000 0.496200
4.000000 0.165000 0.496200
4.000000 0.170000 0.496200
4.000000 0.175000 0.496200
4.000000 0.180000 0.496200
4.000000 0.185000 0.496200
4.000000 0.190000 0.496200
4.000000 0.195000 0.496200
4.000000 0.200000 0.496200
4.000000 0.205000 0.496200
4.000000 0.210000 0.496200
4.000000 0.215000 0.496200
4.000000 0.220000 0.496200
4.000000 0.225000 0.496200
4.000000 0.230000 0.496200
4.000000 0.235000 0.496200
4.000000 0.240000 0.496200
4.000000 0.245000 0.496200
4.000000 0.250000 0.496200
4.000000 0.255000 0.496200
4.000000 0.260000 0.496200
4.000000 0.265000 0.496200
4.000000 0.270000 0.496200
4.000000 0.275000 0.496200
4.000000 0.280000 0.496200
4.000000 0.285000 0.496200
4.000000 0.290000 0.496200
4.000000 0.295000 0.496200
4.000000 0.300000 0.496200
4.000000 0.305000 0.496200
4.000000 0.310000 0.496200
4.000000 0.315000 0.496200
4.000000 0.320000 0.496200
4.000000 0.325000 0.496200
4.000000 0.330000 0.496200
4.000000 0.335000 0.496200
4.000000 0.340000 0.496200
4.000000 0.345000 0.496200
4.000000 0.350000 0.496200
4.000000 0.355000 0.496200
4.000000 0.360000 0.496200
4.000000 0.365000 0.496200
4.000000 0.370000 0.496200
4.000000 0.375000 0.496200
4.000000 0.380000 0.496200
4.000000 0.385000 0.496200
4.000000 0.390000 0.496200
4.000000 0.395000 0.496200
4.000000 0.400000 0.496200
4.000000 0.405000 0.496200
4.000000 0.410000 0.496200
4.000000 0.415000 0.496200
4.000000 0.420000 0.496200
4.000000 0.425000 0.496200
4.000000 0.430000 0.496200
4.000000 0.435000 0.496200
4.000000 0.440000 0.496200
4.000000 0.445000 0.496200
4.000000 0.450000 0.496200
4.000000 0.455000 0.496200
4.000000 0.460000 0.496200
4.000000 0.465000 0.496200
4.000000 0.470000 0.496200
4.000000 0.475000 0.496200
4.000000 0.480000 0.496200
4.000000 0.485000 0.496200
4.000000 0.490000 0.496200
4.000000 0.495000 0.496200
4.000000 0.500000 0.496200
4.000000 0.505000 0.496200
4.000000 0.510000 0.496200
4.000000 0.515000 0.496200
4.000000 0.520000 0.496200
4.000000 0.525000 0.496200
4.000000 0.530000 0.496200
4.000000 0.535000 0.496200
4.000000 0.540000 0.496200
4.000000 0.545000 0.496200
4.000000 0.550000 0.496200
4.000000 0.555000 0.496200
4.000000 0.560000 0.496200
4.000000 0.565000 0.496200
4.000000 0.570000 0.496200
4.000000 0.575000 0.496200
4.000000 0.580000 0.496200
4.000000 0.585000 0.496200
4.000000 0.590000 0.496200
4.000000 0.595000 0.496200
4.000000 0.600000 0.496200
4.000000 0.605000 0.496200
4.000000 0.610000 0.496200
4.000000 0.615000 0.496200
4.000000 0.620000 0.496200
4.000000 0.625000 0.496200
4.000000 0.630000 0.496200
4.000000 0.635000 0.496200
4.000000 0.640000 0.496200
4.000000 0.645000 0.496200
4.000000 0.650000 0.496200
4.000000 0.655000 0.496200
4.000000 0.660000 0.496200
4.000000 0.665000 0.496200
4.000000 0.670000 0.496200
4.000000 0.675000 0.496200
4.000000 0.680000 0.496200
4.000000 0.685000 0.496200
4.000000 0.690000 0.496200
4.000000 0.695000 0.496200
4.000000 0.700000 0.496200
4.000000 0.705000 0.496200
4.000000 0.710000 0.496200
4.000000 0.715000 0.496200
4.000000 0.720000 0.496200
4.000000 0.725000 0.496200
4.000000 0.730000 0.496200
4.000000 0.735000 0.496200
4.000000 0.740000 0.496200
4.000000 0.745000 0.496200
4.000000 0.750000 0.496200
4.000000 0.755000 0.496200
4.000000 0.760000 0.496200
4.000000 0.765000 0.496200
4.000000 0.770000 0.496200
4.000000 0.775000 0.496200
4.000000 0.780000 0.496200
4.000000 0.785000 0.496200
4.000000 0.790000 0.496200
4.000000 0.795000 0.496200
4.000000 0.800000 0.496200
4.000000 0.805000 0.496200
4.000000 0.810000 0.496200
4.000000 0.815000 0.496200
4.000000 0.820000 0.496200
4.000000 0.825000 0.496200
4.000000 0.830000 0.496200
4.000000 0.835000 0.496200
4.000000 0.840000 0.496200
4.000000 0.845000 0.496200
4.000000 0.850000 0.496200
4.000000 0.855000 0.496200
4.000000 0.860000 0.496200
4.000000 0.865000 0.496200
4.000000 0.870000 0.496200
4.000000 0.875000 0.496200
4.000000 0.880000 0.496200
4.000000 0.885000 0.496200
4.000000 0.890000 0.496200
4.000000 0.895000 0.496200
4.000000 0.900000 0.496200
4.000000 0.905000 0.496200
4.000000 0.910000 0.496200
4.000000 0.915000 0.496200
4.000000 0.920000 0.496200
4.000000 0.925000 0.496200
4.000000 0.930000 0.496200
4.000000 0.935000 0.496200
4.000000 0.940000 0.496200
4.000000 0.945000 0.496200
4.000000 0.950000 0.496200
4.000000 0.955000 0.496200
4.000000 0.960000 0.496200
4.000000 0.965000 0.496200
4.000000 0.970000 0.496200
4.000000 0.975000 0.496200
4.000000 0.980000 0.496200
4.000000 0.985000 0.496200
4.000000 0.990000 0.496200
4.000000 0.995000 0.496200
4.000000 0.000000 0.504060
4.000000 0.005000 0.504060
4.000000 0.010000 0.504060
4.000000 0.015000 0.504060
4.000000 0.020000 0.504060
4.000000 0.025000 0.504060
4.000000 0.030000 0.504060
4.000000 0.035000 0.504060
4.000000 0.040000 0.504060
4.000000 0.045000 0.504060
4.000000 0.050000 0.504060
4.000000 0.055000 0.504060
4.000000 0.060000 0.504060
4.000000 0.065000 0.504060
4.000000 0.070000 0.504060
4.000000 0.075000 0.504060
4.000000 0.080000 0.504060
4.000000 0.085000 0.504060
4.000000 0.090000 0.504060
4.000000 0.095000 0.504060
4.000000 0.100000 0.504060
4.000000 0.105000 0.504060
4.000000 0.110000 0.504060
4.000000 0.115000 0.504060
4.000000 0.120000 0.504060
4.000000 0.125000 0.504060
4.000000 0.130000 0.504060
4.000000 0.135000 0.504060
4.000000 0.140000 0.504060
4.000000 0.145000 0.504060
4.000000 0.150000 0.504060
4.000000 0.155000 0.504060
4.000000 0.160000 0.504060
4.000000 0.165000 0.504060
4.000000 0.170000 0.504060
4.000000 0.175000 0.504060
4.000000 0.180000 0.504060
4.000000 0.185000 0.504060
4.000000 0.190000 0.504060
4.000000 0.195000 0.504060
4.000000 0.200000 0.504060
4.000000 0.205000 0.504060
4.000000 0.210000 0.504060
4.000000 0.215000 0.504060
4.000000 0.220000 0.504060
4.000000 0.225000 0.504060
4.000000 0.230000 0.504060
4.000000 0.235000 0.504060
4.000000 0.240000 0.504060
4.000000 0.245000 0.504060
4.000000 0.250000 0.504060
4.000000 0.255000 0.504060
4.000000 0.260000 0.504060
4.000000 0.265000 0.504060
4.000000 0.270000 0.504060
4.000000 0.275000 0.504060
4.000000 0.280000 0.504060
4.000000 0.285000 0.504060
4.000000 0.290000 0.504060
4.000000 0.295000 0.504060
4.000000 0.300000 0.504060
4.000000 0.305000 0.504060
4.000000 0.310000 0.504060
4.000000 0.315000 0.504060
4.000000 0.320000 0.504060
4.000000 0.325000 0.504060
4.000000 0.330000 0.504060
4.000000 0.335000 0.504060
4.000000 0.340000 0.504060
4.000000 0.345000 0.504060
4.000000 0.350000 0.504060
4.000000 0.355000 0.504060
4.000000 0.360000 0.504060
4.000000 0.365000 0.504060
4.000000 0.370000 0.504060
4.000000 0.375000 0.504060
4.000000 0.380000 0.504060
4.000000 0.385000 0.504060
4.000000 0.390000 0.504060
4.000000 0.395000 0.504060
4.000000 0.400000 0.504060
4.000000 0.405000 0.504060
4.000000 0.410000 0.504060
4.000000 0.415000 0.504060
4.000000 0.420000 0.504060
4.000000 0.425000 0.504060
4.000000 0.430000 0.504060
4.000000 0.435000 0.504060
4.000000 0.440000 0.504060
4.000000 0.445000 0.504060
4.000000 0.450000 0.504060
4.000000 0.455000 0.504060
4.000000 0.460000 0.504060
4.000000 0.465000 0.504060
4.000000 0.470000 0.504060
4.000000 0.475000 0.504060
4.000000 0.480000 0.504060
4.000000 0.485000 0.504060
4.000000 0.490000 0.504060
4.000000 0.495000 0.504060
4.000000 0.500000 0.504060
4.000000 0.505000 0.504060
4.000000 0.510000 0.504060
4.000000 0.515000 0.504060
4.000000 0.520000 0.504060
4.000000 0.525000 0.504060
4.000000 0.530000 0.504060
4.000000 0.535000 0.504060
4.000000 0.540000 0.504060
4.000000 0.545000 0.504060
4.000000 0.550000 0.504060
4.000000 0.555000 0.504060
4.000000 0.560000 0.504060
4.000000 0.565000 0.504060
4.000000 0.570000 0.504060
4.000000 0.575000 0.504060
4.000000 0.580000 0.504060
4.000000 0.585000 0.504060
4.000000 0.590000 0.504060
4.000000 0.595000 0.504060
4.000000 0.600000 0.504060
4.000000 0.605000 0.504060
4.000000 0.610000 0.504060
4.000000 0.615000 0.504060
4.000000 0.620000 0.504060
4.000000 0.625000 0.504060
4.000000 0.630000 0.504060
4.000000 0.635000 0.504060
4.000000 0.640000 0.504060
4.000000 0.645000 0.504060
4.000000 0.650000 0.504060
4.000000 0.655000 0.504060
4.000000 0.660000 0.504060
4.000000 0.665000 0.504060
4.000000 0.670000 0.504060
4.000000 0.675000 0.504060
4.000000 0.680000 0.504060
4.000000 0.685000 0.504060
4.000000 0.690000 0.504060
4.000000 0.695000 0.504060
4.000000 0.700000 0.504060
4.000000 0.705000 0.504060
4.000000 0.710000 0.504060
4.000000 0.715000 0.504060
4.000000 0.720000 0.504060
4.000000 0.725000 0.504060
4.000000 0.730000 0.504060
4.000000 0.735000 0.504060
4.000000 0.740000 0.504060
4.000000 0.745000 0.504060
4.000000 0.750000 0.504060
4.000000 0.755000 0.504060
4.000000 0.760000 0.504060
4.000000 0.765000 0.504060
4.000000 0.770000 0.504060
4.000000 0.775000 0.504060
4.000000 0.780000 0.504060
4.000000 0.785000 0.504060
4.000000 0.790000 0.504060
4.000000 0.795000 0.504060
4.000000 0.800000 0.504060
4.000000 0.805000 0.504060
4.000000 0.810000 0.504060
4.000000 0.815000 0.504060
4.000000 0.820000 0.504060
4.000000 0.825000 0.504060
4.000000 0.830000 0.504060
4.000000 0.835000 0.504060
4.000000 0.840000 0.504060
4.000000 0.845000 0.504060
4.000000 0.850000 0.504060
4.000000 0.855000 0.504060
4.000000 0.860000 0.504060
4.000000 0.865000 0.504060
4.000000 0.870000 0.504060
4.000000 0.875000 0.504060
4.000000 0.880000 0.504060
4.000000 0.885000 0.504060
4.000000 0.890000 0.504060
4.000000 0.895000 0.504060
4.000000 0.900000 0.504060
4.000000 0.905000 0.504060
4.000000 0.910000 0.504060
4.000000 0.915000 0.504060
4.000000 0.920000 0.504060
4.000000 0.925000 0.504060
4.000000 0.930000 0.504060
4.000000 0.935000 0.504060
4.000000 0.940000 0.504060
4.000000 0.945000 0.504060
4.000000 0.950000 0.504060
4.000000 0.955000 0.504060
4.000000 0.960000 0.504060
4.000000 0.965000 0.504060
4.000000 0.970000 0.504060
4.000000 0.975000 0.504060
4.000000 0.980000 0.504060
4.000000 0.985000 0.504060
4.000000 0.990000 0.504060
4.000000 0.995000 0.504060
10.000000 0.000000 0.496300
10.000000 0.005000 0.496300
10.000000 0.010000 0.496300
10.000000 0.015000 0.496300
10.000000 0.020000 0.496300
10.000000 0.025000 0.496300
10.000000 0.030000 0.496300
10.000000 0.035000 0.496300
10.000000 0.040000 0.496300
10.000000 0.045000 0.496300
10.000000 0.050000 0.496300
10.000000 0.055000 0.496300
10.000000 0.060000 0.496300
10.000000 0.065000 0.496300
10.000000 0.070000 0.496300
10.000000 0.075000 0.496300
10.000000 0.080000 0.496300
10.000000 0.085000 0.496300
10.000000 0.090000 0.496300
10.000000 0.095000 0.496300
10.000000 0.100000 0.496300
10.000000 0.105000 0.496300
10.000000 0.110000 0.496300
10.000000 0.115000 0.496300
10.000000 0.120000 0.496300
10.000000 0.125000 0.496300
10.000000 0.130000 0.496300
10.000000 0.135000 0.496300
10.000000 0.140000 0.496300
10.000000 0.145000 0.496300
10.000000 0.150000 0.496300
10.000000 0.155000 0.496300
10.000000 0.160000 0.496300
10.000000 0.165000 0.496300
10.000000 0.170000 0.496300
10.000000 0.175000 0.496300
10.000000 0.180000 0.496300
10.000000 0.185000 0.496300
10.000000 0.190000 0.496300
10.000000 0.195000 0.496300
10.000000 0.200000 0.496300
10.000000 0.205000 0.496300
10.000000 0.210000 0.496300
10.000000 0.215000 0.496300
10.000000 0.220000 0.496300
10.000000 0.225000 0.496300
10.000000 0.230000 0.496300
10.000000 0.235000 0.496300
10.000000 0.240000 0.496300
10.000000 0.245000 0.496300
10.000000 0.250000 0.496300
10.000000 0.255000 0.496300
10.000000 0.260000 0.496300
10.000000 0.265000 0.496300
10.000000 0.270000 0.496300
10.000000 0.275000 0.496300
10.000000 0.280000 0.496300
10.000000 0.285000 0.496300
10.000000 0.290000 0.496300
10.000000 0.295000 0.496300
10.000000 0.300000 0.496300
10.000000 0.305000 0.496300
10.000000 0.310000 0.496300
10.000000 0.315000 0.496300
10.000000 0.320000 0.496300
10.000000 0.325000 0.496300
10.000000 0.330000 0.496300
10.000000 0.335000 0.496300
10.000000 0.340000 0.496300
10.000000 0.345000 0.496300
10.000000 0.350000 0.496300
10.000000 0.355000 0.496300
10.000000 0.360000 0.496300
10.000000 0.365000 0.496300
10.000000 0.370000 0.496300
10.000000 0.375000 0.496300
10.000000 0.380000 0.496300
10.000000 0.385000 0.496300
10.000000 0.390000 0.496300
10.000000 0.395000 0.496300
10.000000 0.400000 0.496300
10.000000 0.405000 0.496300
10.000000 0.410000 0.496300
10.000000 0.415000 0.496300
10.000000 0.420000 0.496300
10.000000 0.425000 0.496300
10.000000 0.430000 0.496300
10.000000 0.435000 0.496300
10.000000 0.440000 0.496300
10.000000 0.445000 0.496300
10.000000 0.450000 0.496300
10.000000 0.455000 0.496300
10.000000 0.460000 0.496300
10.000000 0.465000 0.496300
10.000000 0.470000 0.496300
10.000000 0.475000 0.496300
10.000000 0.480000 0.496300
10.000000 0.485000 0.496300
10.000000 0.490000 0.496300
10.000000 0.495000 0.496300
10.000000 0.500000 0.496300
10.000000 0.505000 0.496300
10.000000 0.510000 0.496300
10.000000 0.515000 0.496300
10.000000 0.520000 0.496300
10.000000 0.525000 0.496300
10.000000 0.530000 0.496300
10.000000 0.535000 0.496300
10.000000 0.540000 0.496300
10.000000 0.545000 0.496300
10.000000 0.550000 0.496300
10.000000 0.555000 0.496300
10.000000 0.560000 0.496300
10.000000 0.565000 0.496300
10.000000 0.570000 0.496300
10.000000 0.575000 0.496300
10.000000 0.580000 0.496300
10.000000 0.585000 0.496300
10.000000 0.590000 0.496300
10.000000 0.595000 0.496300
10.000000 0.600000 0.496300
10.000000 0.605000 0.496300
10.000000 0.610000 0.496300
10.000000 0.615000 0.496300
10.000000 0.620000 0.496300
10.000000 0.625000 0.496300
10.000000 0.630000 0.496300
10.000000 0.635000 0.496300
10.000000 0.640000 0.496300
10.000000 0.645000 0.496300
10.000000 0.650000 0.496300
10.000000 0.655000 0.496300
10.000000 0.660000 0.496300
10.000000 0.665000 0.496300
10.000000 0.670000 0.496300
10.000000 0.675000 0.496300
10.000000 0.680000 0.496300
10.000000 0.685000 0.496300
10.000000 0.690000 0.496300
10.000000 0.695000 0.496300
10.000000 0.700000 0.496300
10.000000 0.705000 0.496300
10.000000 0.710000 0.496300
10.000000 0.715000 0.496300
10.000000 0.720000 0.496300
10.000000 0.725000 0.496300
10.000000 0.730000 0.496300
10.000000 0.735000 0.496300
10.000000 0.740000 0.496300
10.000000 0.745000 0.496300
10.000000 0.750000 0.496300
10.000000 0.755000 0.496300
10.000000 0.760000 0.496300
10.000000 0.765000 0.496300
10.000000 0.770000 0.496300
10.000000 0.775000 0.496300
10.000000 0.780000 0.496300
10.000000 0.785000 0.496300
10.000000 0.790000 0.496300
10.000000 0.795000 0.496300
10.000000 0.800000 0.496300
10.000000 0.805000 0.496300
10.000000 0.810000 0.496300
10.000000 0.815000 0.496300
10.000000 0.820000 0.496300
10.000000 0.825000 0.496300
10.000000 0.830000 0.496300
10.000000 0.835000 0.496300
10.000000 0.840000 0.496300
10.000000 0.845000 0.496300
10.000000 0.850000 0.496300
10.000000 0.855000 0.496300
10.000000 0.860000 0.496300
10.000000 0.865000 0.496300
10.000000 0.870000 0.496300
10.000000 0.875000 0.496300
10.000000 0.880000 0.496300
10.000000 0.885000 0.496300
10.000000 0.890000 0.496300
10.000000 0.895000 0.496300
10.000000 0.900000 0.496300
10.000000 0.905000 0.496300
10.000000 0.910000 0.496300
10.000000 0.915000 0.496300
10.000000 0.920000 0.496300
10.000000 0.925000 0.496300
10.000000 0.930000 0.496300
10.000000 0.935000 0.496300
10.000000 0.940000 0.496300
10.000000 0.945000 0.496300
10.000000 0.950000 0.496300
10.000000 0.955000 0.496300
10.000000 0.960000 0.496300
10.000000 0.965000 0.496300
10.000000 0.970000 0.496300
10.000000 0.975000 0.496300
10.000000 0.980000 0.496300
10.000000 0.985000 0.496300
10.000000 0.990000 0.496300
10.000000 0.995000 0.496300
10.000000 0.000000 0.503960
10.000000 0.005000 0.503960
10.000000 0.010000 0.503960
10.000000 0.015000 0.503960
10.000000 0.020000 0.503960
10.000000 0.025000 0.503960
10.000000 0.030000 0.503960
10.000000 0.035000 0.503960
10.000000 0.040000 0.503960
10.000000 0.045000 0.503960
10.000000 0.050000 0.503960
10.000000 0.055000 0.503960
10.000000 0.060000 0.503960
10.000000 0.065000 0.503960
10.000000 0.070000 0.503960
10.000000 0.075000 0.503960
10.000000 0.080000 0.503960
10.000000 0.085000 0.503960
10.000000 0.090000 0.503960
10.000000 0.095000 0.503960
10.000000 0.100000 0.503960
10.000000 0.105000 0.503960
10.000000 0.110000 0.503960
10.000000 0.115000 0.503960
10.000000 0.120000 0.503960
10.000000 0.125000 0.503960
10.000000 0.130000 0.503960
10.000000 0.135000 0.503960
10.000000 0.140000 0.503960
10.000000 0.145000 0.503960
10.000000 0.150000 0.503960
10.000000 0.155000 0.503960
10.000000 0.160000 0.503960
10.000000 0.165000 0.503960
10.000000 0.170000 0.503960
10.000000 0.175000 0.503960
10.000000 0.180000 0.503960
10.000000 0.185000 0.503960
10.000000 0.190000 0.503960
10.000000 0.195000 0.503960
10.000000 0.200000 0.503960
10.000000 0.205000 0.503960
10.000000 0.210000 0.503960
10.000000 0.215000 0.503960
10.000000 0.220000 0.503960
10.000000 0.225000 0.503960
10.000000 0.230000 0.503960
10.000000 0.235000 0.503960
10.000000 0.240000 0.503960
10.000000 0.245000 0.503960
10.000000 0.250000 0.503960
10.000000 0.255000 0.503960
10.000000 0.260000 0.503960
10.000000 0.265000 0.503960
10.000000 0.270000 0.503960
10.000000 0.275000 0.503960
10.000000 0.280000 0.503960
10.000000 0.285000 0.503960
10.000000 0.290000 0.503960
10.000000 0.295000 0.503960
10.000000 0.300000 0.503960
10.000000 0.305000 0.503960
10.000000 0.310000 0.503960
10.000000 0.315000 0.503960
10.000000 0.320000 0.503960
10.000000 0.325000 0.503960
10.000000 0.330000 0.503960
10.000000 0.335000 0.503960
10.000000 0.340000 0.503960
10.000000 0.345000 0.503960
10.000000 0.350000 0.503960
10.000000 0.355000 0.503960
10.000000 0.360000 0.503960
10.000000 0.365000 0.503960
10.000000 0.370000 0.503960
10.000000 0.375000 0.503960
10.000000 0.380000 0.503960
10.000000 0.385000 0.503960
10.000000 0.390000 0.503960
10.000000 0.395000 0.503960
10.000000 0.400000 0.503960
10.000000 0.405000 0.503960
10.000000 0.410000 0.503960
10.000000 0.415000 0.503960
10.000000 0.420000 0.503960
10.000000 0.425000 0.503960
10.000000 0.430000 0.503960
10.000000 0.435000 0.503960
10.000000 0.440000 0.503960
10.000000 0.445000 0.503960
10.000000 0.450000 0.503960
10.000000 0.455000 0.503960
10.000000 0.460000 0.503960
10.000000 0.465000 0.503960
10.000000 0.470000 0.503960
10.000000 0.475000 0.503960
10.000000 0.480000 0.503960
10.000000 0.485000 0.503960
10.000000 0.490000 0.503960
10.000000 0.495000 0.503960
10.000000 0.500000 0.503960
10.000000 0.505000 0.503960
10.000000 0.510000 0.503960
10.000000 0.515000 0.503960
10.000000 0.520000 0.503960
10.000000 0.525000 0.503960
10.000000 0.530000 0.503960
10.000000 0.535000 0.503960
10.000000 0.540000 0.503960
10.000000 0.545000 0.503960
10.000000 0.550000 0.503960
10.000000 0.555000 0.503960
10.000000 0.560000 0.503960
10.000000 0.565000 0.503960
10.000000 0.570000 0.503960
10.000000 0.575000 0.503960
10.000000 0.580000 0.503960
10.000000 0.585000 0.503960
10.000000 0.590000 0.503960
10.000000 0.595000 0.503960
10.000000 0.600000 0.503960
10.000000 0.605000 0.503960
10.000000 0.610000 0.503960
10.000000 0.615000 0.503960
10.000000 0.620000 0.503960
10.000000 0.625000 0.503960
10.000000 0.630000 0.503960
10.000000 0.635000 0.503960
10.000000 0.640000 0.503960
10.000000 0.645000 0.503960
10.000000 0.650000 0.503960
10.000000 0.655000 0.503960
10.000000 0.660000 0.503960
10.000000 0.665000 0.503960
10.000000 0.670000 0.503960
10.000000 0.675000 0.503960
10.000000 0.680000 0.503960
10.000000 0.685000 0.503960
10.000000 0.690000 0.503960
10.000000 0.695000 0.503960
10.000000 0.700000 0.503960
10.000000 0.705000 0.503960
10.000000 0.710000 0.503960
10.000000 0.715000 0.503960
10.000000 0.720000 0.503960
10.000000 0.725000 0.503960
10.000000 0.730000 0.503960
10.000000 0.735000 0.503960
10.000000 0.740000 0.503960
10.000000 0.745000 0.503960
10.000000 0.750000 0.503960
10.000000 0.755000 0.503960
10.000000 0.760000 0.503960
10.000000 0.765000 0.503960
10.000000 0.770000 0.503960
10.000000 0.775000 0.503960
10.000000 0.780000 0.503960
10.000000 0.785000 0.503960
10.000000 0.790000 0.503960
10.000000 0.795000 0.503960
10.000000 0.800000 0.503960
10.000000 0.805000 0.503960
10.000000 0.810000 0.503960
10.000000 0.815000 0.503960
10.000000 0.820000 0.503960
10.000000 0.825000 0.503960
10.000000 0.830000 0.503960
10.000000 0.835000 0.503960
10.000000 0.840000 0.503960
10.000000 0.845000 0.503960
10.000000 0.850000 0.503960
10.000000 0.855000 0.503960
10.000000 0.860000 0.503960
10.000000 0.865000 0.503960
10.000000 0.870000 0.503960
10.000000 0.875000 0.503960
10.000000 0.880000 0.503960
10.000000 0.885000 0.503960
10.000000 0.890000 0.503960
10.000000 0.895000 0.503960
10.000000 0.900000 0.503960
10.000000 0.905000 0.503960
10.000000 0.910000 0.503960
10.000000 0.915000 0.503960
10.000000 0.920000 0.503960
10.000000 0.925000 0.503960
10.000000 0.930000 0.503960
10.000000 0.935000 0.503960
10.000000 0.940000 0.503960
10.000000 0.945000 0.503960
10.000000 0.950000 0.503960
10.000000 0.955000 0.503960
10.000000 0.960000 0.503960
10.000000 0.965000 0.503960
10.000000 0.970000 0.503960
10.000000 0.975000 0.503960
10.000000 0.980000 0.503960
10.000000 0.985000 0.503960
10.000000 0.990000 0.503960
10.000000 0.995000 0.503960
18.000000 0.000000 0.496400
18.000000 0.005000 0.496400
18.000000 0.010000 0.496400
18.000000 0.015000 0.496400
18.000000 0.020000 0.496400
18.000000 0.025000 0.496400
18.000000 0.030000 0.496400
18.000000 0.035000 0.496400
18.000000 0.040000 0.496400
18.000000 0.045000 0.496400
18.000000 0.050000 0.496400
18.000000 0.055000 0.496400
18.000000 0.060000 0.496400
18.000000 0.065000 0.496400
18.000000 0.070000 0.496400
18.000000 0.075000 0.496400
18.000000 0.080000 0.496400
18.000000 0.085000 0.496400
18.000000 0.090000 0.496400
18.000000 0.095000 0.496400
18.000000 0.100000 0.496400
18.000000 0.105000 0.496400
18.000000 0.110000 0.496400
18.000000 0.115000 0.496400
18.000000 0.120000 0.496400
18.000000 0.125000 0.496400
18.000000 0.130000 0.496400
18.000000 0.135000 0.496400
18.000000 0.140000 0.496400
18.000000 0.145000 0.496400
18.000000 0.150000 0.496400
18.000000 0.155000 0.496400
18.000000 0.160000 0.496400
18.000000 0.165000 0.496400
18.000000 0.170000 0.496400
18.000000 0.175000 0.496400
18.000000 0.180000 0.496400
18.000000 0.185000 0.496400
18.000000 0.190000 0.496400
18.000000 0.195000 0.496400
18.000000 0.200000 0.496400
18.000000 0.205000 0.496400
18.000000 0.210000 0.496400
18.000000 0.215000 0.496400
18.000000 0.220000 0.496400
18.000000 0.225000 0.496400
18.000000 0.230000 0.496400
18.000000 0.235000 0.496400
18.000000 0.240000 0.496400
18.000000 0.245000 0.496400
18.000000 0.250000 0.496400
18.000000 0.255000 0.496400
18.000000 0.260000 0.496400
18.000000 0.265000 0.496400
18.000000 0.270000 0.496400
18.000000 0.275000 0.496400
18.000000 0.280000 0.496400
18.000000 0.285000 0.496400
18.000000 0.290000 0.496400
18.000000 0.295000 0.496400
18.000000 0.300000 0.496400
18.000000 0.305000 0.496400
18.000000 0.310000 0.496400
18.000000 0.315000 0.496400
18.000000 0.320000 0.496400
18.000000 0.325000 0.496400
18.000000 0.330000 0.496400
18.000000 0.335000 0.496400
18.000000 0.340000 0.496400
18.000000 0.345000 0.496400
18.000000 0.350000 0.496400
18.000000 0.355000 0.496400
18.000000 0.360000 0.496400
18.000000 0.365000 0.496400
18.000000 0.370000 0.496400
18.000000 0.375000 0.496400
18.000000 0.380000 0.496400
18.000000 0.385000 0.496400
18.000000 0.390000 0.496400
18.000000 0.395000 0.496400
18.000000 0.400000 0.496400
18.000000 0.405000 0.496400
18.000000 0.410000 0.496400
18.000000 0.415000 0.496400
18.000000 0.420000 0.496400
18.000000 0.425000 0.496400
18.000000 0.430000 0.496400
18.000000 0.435000 0.496400
18.000000 0.440000 0.496400
18.000000 0.445000 0.496400
18.000000 0.450000 0.496400
18.000000 0.455000 0.496400
18.000000 0.460000 0.496400
18.000000 0.465000 0.496400
18.000000 0.470000 0.496400
18.000000 0.475000 0.496400
18.000000 0.480000 0.496400
18.000000 0.485000 0.496400
18.000000 0.490000 0.496400
18.000000 0.495000 0.496400
18.000000 0.500000 0.496400
18.000000 0.505000 0.496400
18.000000 0.510000 0.496400
18.000000 0.515000 0.496400
18.000000 0.520000 0.496400
18.000000 0.525000 0.496400
18.000000 0.530000 0.496400
18.000000 0.535000 0.496400
18.000000 0.540000 0.496400
18.000000 0.545000 0.496400
18.000000 0.550000 0.496400
18.000000 0.555000 0.496400
18.000000 0.560000 0.496400
18.000000 0.565000 0.496400
18.000000 0.570000 0.496400
18.000000 0.575000 0.496400
18.000000 0.580000 0.496400
18.000000 0.585000 0.496400
18.000000 0.590000 0.496400
18.000000 0.595000 0.496400
18.000000 0.600000 0.496400
18.000000 0.605000 0.496400
18.000000 0.610000 0.496400
18.000000 0.615000 0.496400
18.000000 0.620000 0.496400
18.000000 0.625000 0.496400
18.000000 0.630000 0.496400
18.000000 0.635000 0.496400
18.000000 0.640000 0.496400
18.000000 0.645000 0.496400
18.000000 0.650000 0.496400
18.000000 0.655000 0.496400
18.000000 0.660000 0.496400
18.000000 0.665000 0.496400
18.000000 0.670000 0.496400
18.000000 0.675000 0.496400
18.000000 0.680000 0.496400
18.000000 0.685000 0.496400
18.000000 0.690000 0.496400
18.000000 0.695000 0.496400
18.000000 0.700000 0.496400
18.000000 0.705000 0.496400
18.000000 0.710000 0.496400
18.000000 0.715000 0.496400
18.000000 0.720000 0.496400
18.000000 0.725000 0.496400
18.000000 0.730000 0.496400
18.000000 0.735000 0.496400
18.000000 0.740000 0.496400
18.000000 0.745000 0.496400
18.000000 0.750000 0.496400
18.000000 0.755000 0.496400
18.000000 0.760000 0.496400
18.000000 0.765000 0.496400
18.000000 0.770000 0.496400
18.000000 0.775000 0.496400
18.000000 0.780000 0.496400
18.000000 0.785000 0.496400
18.000000 0.790000 0.496400
18.000000 0.795000 0.496400
18.000000 0.800000 0.496400
18.000000 0.805000 0.496400
18.000000 0.810000 0.496400
18.000000 0.815000 0.496400
18.000000 0.820000 0.496400
18.000000 0.825000 0.496400
18.000000 0.830000 0.496400
18.000000 0.835000 0.496400
18.000000 0.840000 0.496400
18.000000 0.845000 0.496400
18.000000 0.850000 0.496400
18.000000 0.855000 0.496400
18.000000 0.860000 0.496400
18.000000 0.865000 0.496400
18.000000 0.870000 0.496400
18.000000 0.875000 0.496400
18.000000 0.880000 0.496400
18.000000 0.885000 0.496400
18.000000 0.890000 0.496400
18.000000 0.895000 0.496400
18.000000 0.900000 0.496400
18.000000 0.905000 0.496400
18.000000 0.910000 0.496400
18.000000 0.915000 0.496400
18.000000 0.920000 0.496400
18.000000 0.925000 0.496400
18.000000 0.930000 0.496400
18.000000 0.935000 0.496400
18.000000 0.940000 0.496400
18.000000 0.945000 0.496400
18.000000 0.950000 0.496400
18.000000 0.955000 0.496400
18.000000 0.960000 0.496400
18.000000 0.965000 0.496400
18.000000 0.970000 0.496400
18.000000 0.975000 0.496400
18.000000 0.980000 0.496400
18.000000 0.985000 0.496400
18.000000 0.990000 0.496400
18.000000 0.995000 0.496400
18.000000 0.000000 0.503860
18.000000 0.005000 0.503860
18.000000 0.010000 0.503860
18.000000 0.015000 0.503860
18.000000 0.020000 0.503860
18.000000 0.025000 0.503860
18.000000 0.030000 0.503860
18.000000 0.035000 0.503860
18.000000 0.040000 0.503860
18.000000 0.045000 0.503860
18.000000 0.050000 0.503860
18.000000 0.055000 0.503860
18.000000 0.060000 0.503860
18.000000 0.065000 0.503860
18.000000 0.070000 0.503860
18.000000 0.075000 0.503860
18.000000 0.080000 0.503860
18.000000 0.085000 0.503860
18.000000 0.090000 0.503860
18.000000 0.095000 0.503860
18.000000 0.100000 0.503860
18.000000 0.105000 0.503860
18.000000 0.110000 0.503860
18.000000 0.115000 0.503860
18.000000 0.120000 0.503860
18.000000 0.125000 0.503860
18.000000 0.130000 0.503860
18.000000 0.135000 0.503860
18.000000 0.140000 0.503860
18.000000 0.145000 0.503860
18.000000 0.150000 0.503860
18.000000 0.155000 0.503860
18.000000 0.160000 0.503860
18.000000 0.165000 0.503860
18.000000 0.170000 0.503860
18.000000 0.175000 0.503860
18.000000 0.180000 0.503860
18.000000 0.185000 0.503860
18.000000 0.190000 0.503860
18.000000 0.195000 0.503860
18.000000 0.200000 0.503860
18.000000 0.205000 0.503860
18.000000 0.210000 0.503860
18.000000 0.215000 0.503860
18.000000 0.220000 0.503860
18.000000 0.225000 0.503860
18.000000 0.230000 0.503860
18.000000 0.235000 0.503860
18.000000 0.240000 0.503860
18.000000 0.245000 0.503860
18.000000 0.250000 0.503860
18.000000 0.255000 0.503860
18.000000 0.260000 0.503860
18.000000 0.265000 0.503860
18.000000 0.270000 0.503860
18.000000 0.275000 0.503860
18.000000 0.280000 0.503860
18.000000 0.285000 0.503860
18.000000 0.290000 0.503860
18.000000 0.295000 0.503860
18.000000 0.300000 0.503860
18.000000 0.305000 0.503860
18.000000 0.310000 0.503860
18.000000 0.315000 0.503860
18.000000 0.320000 0.503860
18.000000 0.325000 0.503860
18.000000 0.330000 0.503860
18.000000 0.335000 0.503860
18.000000 0.340000 0.503860
18.000000 0.345000 0.503860
18.000000 0.350000 0.503860
18.000000 0.355000 0.503860
18.000000 0.360000 0.503860
18.000000 0.365000 0.503860
18.000000 0.370000 0.503860
18.000000 0.375000 0.503860
18.000000 0.380000 0.503860
18.000000 0.385000 0.503860
18.000000 0.390000 0.503860
18.000000 0.395000 0.503860
18.000000 0.400000 0.503860
18.000000 0.405000 0.503860
18.000000 0.410000 0.503860
18.000000 0.415000 0.503860
18.000000 0.420000 0.503860
18.000000 0.425000 0.503860
18.000000 0.430000 0.503860
18.000000 0.435000 0.503860
18.000000 0.440000 0.503860
18.000000 0.445000 0.503860
18.000000 0.450000 0.503860
18.000000 0.455000 0.503860
18.000000 0.460000 0.503860
18.000000 0.465000 0.503860
18.000000 0.470000 0.503860
18.000000 0.475000 0.503860
18.000000 0.480000 0.503860
18.000000 0.485000 0.503860
18.000000 0.490000 0.503860
18.000000 0.495000 0.503860
18.000000 0.500000 0.503860
18.000000 0.505000 0.503860
18.000000 0.510000 0.503860
18.000000 0.515000 0.503860
18.000000 0.520000 0.503860
18.000000 0.525000 0.503860
18.000000 0.530000 0.503860
18.000000 0.535000 0.503860
18.000000 0.540000 0.503860
18.000000 0.545000 0.503860
18.000000 0.550000 0.503860
18.000000 0.555000 0.503860
18.000000 0.560000 0.503860
18.000000 0.565000 0.503860
18.000000 0.570000 0.503860
18.000000 0.575000 0.503860
18.000000 0.580000 0.503860
18.000000 0.585000 0.503860
18.000000 0.590000 0.503860
18.000000 0.595000 0.503860
18.000000 0.600000 0.503860
18.000000 0.605000 0.503860
18.000000 0.610000 0.503860
18.000000 0.615000 0.503860
18.000000 0.620000 0.503860
18.000000 0.625000 0.503860
18.000000 0.630000 0.503860
18.000000 0.635000 0.503860
18.000000 0.640000 0.503860
18.000000 0.645000 0.503860
18.000000 0.650000 0.503860
18.000000 0.655000 0.503860
18.000000 0.660000 0.503860
18.000000 0.665000 0.503860
18.000000 0.670000 0.503860
18.000000 0.675000 0.503860
18.000000 0.680000 0.503860
18.000000 0.685000 0.503860
18.000000 0.690000 0.503860
18.000000 0.695000 0.503860
18.000000 0.700000 0.503860
18.000000 0.705000 0.503860
18.000000 0.710000 0.503860
18.000000 0.715000 0.503860
18.000000 0.720000 0.503860
18.000000 0.725000 0.503860
18.000000 0.730000 0.503860
18.000000 0.735000 0.503860
18.000000 0.740000 0.503860
18.000000 0.745000 0.503860
18.000000 0.750000 0.503860
18.000000 0.755000 0.503860
18.000000 0.760000 0.503860
18.000000 0.765000 0.503860
18.000000 0.770000 0.503860
18.000000 0.775000 0.503860
18.000000 0.780000 0.503860
18.000000 0.785000 0.503860
18.000000 0.790000 0.503860
18.000000 0.795000 0.503860
18.000000 0.800000 0.503860
18.000000 0.805000 0.503860
18.000000 0.810000 0.503860
18.000000 0.815000 0.503860
18.000000 0.820000 0.503860
18.000000 0.825000 0.503860
18.000000 0.830000 0.503860
18.000000 0.835000 0.503860
18.000000 0.840000 0.503860
18.000000 0.845000 0.503860
18.000000 0.850000 0.503860
18.000000 0.855000 0.503860
18.000000 0.860000 0.503860
18.000000 0.865000 0.503860
18.000000 0.870000 0.503860
18.000000 0.875000 0.503860
18.000000 0.880000 0.503860
18.000000 0.885000 0.503860
18.000000 0.890000 0.503860
18.000000 0.895000 0.503860
18.000000 0.900000 0.503860
18.000000 0.905000 0.503860
18.000000 0.910000 0.503860
18.000000 0.915000 0.503860
18.000000 0.920000 0.503860
18.000000 0.925000 0.503860
18.000000 0.930000 0.503860
18.000000 0.935000 0.503860
18.000000 0.940000 0.503860
18.000000 0.945000 0.503860
18.000000 0.950000 0.503860
18.000000 0.955000 0.503860
18.000000 0.960000 0.503860
18.000000 0.965000 0.503860
18.000000 0.970000 0.503860
18.000000 0.975000 0.503860
18.000000 0.980000 0.503860
18.000000 0.985000 0.503860
18.000000 0.990000 0.503860
18.000000 0.995000 0.503860
28.000000 0.000000 0.496500
28.000000 0.005000 0.496500
28.000000 0.010000 0.496500
28.000000 0.015000 0.496500
28.000000 0.020000 0.496500
28.000000 0.025000 0.496500
28.000000 0.030000 0.496500
28.000000 0.035000 0.496500
28.000000 0.040000 0.496500
28.000000 0.045000 0.496500
28.000000 0.050000 0.496500
28.000000 0.055000 0.496500
28.000000 0.060000 0.496500
28.000000 0.065000 0.496500
28.000000 0.070000 0.496500
28.000000 0.075000 0.496500
28.000000 0.080000 0.496500
28.000000 0.085000 0.496500
28.000000 0.090000 0.496500
28.000000 0.095000 0.496500
28.000000 0.100000 0.496500
28.000000 0.105000 0.496500
28.000000 0.110000 0.496500
28.000000 0.115000 0.496500
28.000000 0.120000 0.496500
28.000000 0.125000 0.496500
28.000000 0.130000 0.496500
28.000000 0.135000 0.496500
28.000000 0.140000 0.496500
28.000000 0.145000 0.496500
28.000000 0.150000 0.496500
28.000000 0.155000 0.496500
28.000000 0.160000 0.496500
28.000000 0.165000 0.496500
28.000000 0.170000 0.496500
28.000000 0.175000 0.496500
28.000000 0.180000 0.496500
28.000000 0.185000 0.496500
28.000000 0.190000 0.496500
28.000000 0.195000 0.496500
28.000000 0.200000 0.496500
28.000000 0.205000 0.496500
28.000000 0.210000 0.496500
28.000000 0.215000 0.496500
28.000000 0.220000 0.496500
28.000000 0.225000 0.496500
28.000000 0.230000 0.496500
28.000000 0.235000 0.496500
28.000000 0.240000 0.496500
28.000000 0.245000 0.496500
28.000000 0.250000 0.496500
28.000000 0.255000 0.496500
28.000000 0.260000 0.496500
28.000000 0.265000 0.496500
28.000000 0.270000 0.496500
28.000000 0.275000 0.496500
28.000000 0.280000 0.496500
28.000000 0.285000 0.496500
28.000000 0.290000 0.496500
28.000000 0.295000 0.496500
28.000000 0.300000 0.496500
28.000000 0.305000 0.496500
28.000000 0.310000 0.496500
28.000000 0.315000 0.496500
28.000000 0.320000 0.496500
28.000000 0.325000 0.496500
28.000000 0.330000 0.496500
28.000000 0.335000 0.496500
28.000000 0.340000 0.496500
28.000000 0.345000 0.496500
28.000000 0.350000 0.496500
28.000000 0.355000 0.496500
28.000000 0.360000 0.496500
28.000000 0.365000 0.496500
28.000000 0.370000 0.496500
28.000000 0.375000 0.496500
28.000000 0.380000 0.496500
28.000000 0.385000 0.496500
28.000000 0.390000 0.496500
28.000000 0.395000 0.496500
28.000000 0.400000 0.496500
28.000000 0.405000 0.496500
28.000000 0.410000 0.496500
28.000000 0.415000 0.496500
28.000000 0.420000 0.496500
28.000000 0.425000 0.496500
28.000000 0.430000 0.496500
28.000000 0.435000 0.496500
28.000000 0.440000 0.496500
28.000000 0.445000 0.496500
28.000000 0.450000 0.496500
28.000000 0.455000 0.496500
28.000000 0.460000 0.496500
28.000000 0.465000 0.496500
28.000000 0.470000 0.496500
28.000000 0.475000 0.496500
28.000000 0.480000 0.496500
28.000000 0.485000 0.496500
28.000000 0.490000 0.496500
28.000000 0.495000 0.496500
28.000000 0.500000 0.496500
28.000000 0.505000 0.496500
28.000000 0.510000 0.496500
28.000000 0.515000 0.496500
28.000000 0.520000 0.496500
28.000000 0.525000 0.496500
28.000000 0.530000 0.496500
28.000000 0.535000 0.496500
28.000000 0.540000 0.496500
28.000000 0.545000 0.496500
28.000000 0.550000 0.496500
28.000000 0.555000 0.496500
28.000000 0.560000 0.496500
28.000000 0.565000 0.496500
28.000000 0.570000 0.496500
28.000000 0.575000 0.496500
28.000000 0.580000 0.496500
28.000000 0.585000 0.496500
28.000000 0.590000 0.496500
28.000000 0.595000 0.496500
28.000000 0.600000 0.496500
28.000000 0.605000 0.496500
28.000000 0.610000 0.496500
28.000000 0.615000 0.496500
28.000000 0.620000 0.496500
28.000000 0.625000 0.496500
28.000000 0.630000 0.496500
28.000000 0.635000 0.496500
28.000000 0.640000 0.496500
28.000000 0.645000 0.496500
28.000000 0.650000 0.496500
28.000000 0.655000 0.496500
28.000000 0.660000 0.496500
28.000000 0.665000 0.496500
28.000000 0.670000 0.496500
28.000000 0.675000 0.496500
28.000000 0.680000 0.496500
28.000000 0.685000 0.496500
28.000000 0.690000 0.496500
28.000000 0.695000 0.496500
28.000000 0.700000 0.496500
28.000000 0.705000 0.496500
28.000000 0.710000 0.496500
28.000000 0.715000 0.496500
28.000000 0.720000 0.496500
28.000000 0.725000 0.496500
28.000000 0.730000 0.496500
28.000000 0.735000 0.496500
28.000000 0.740000 0.496500
28.000000 0.745000 0.496500
28.000000 0.750000 0.496500
28.000000 0.755000 0.496500
28.000000 0.760000 0.496500
28.000000 0.765000 0.496500
28.000000 0.770000 0.496500
28.000000 0.775000 0.496500
28.000000 0.780000 0.496500
28.000000 0.785000 0.496500
28.000000 0.790000 0.496500
28.000000 0.795000 0.496500
28.000000 0.800000 0.496500
28.000000 0.805000 0.496500
28.000000 0.810000 0.496500
28.000000 0.815000 0.496500
28.000000 0.820000 0.496500
28.000000 0.825000 0.496500
28.000000 0.830000 0.496500
28.000000 0.835000 0.496500
28.000000 0.840000 0.496500
28.000000 0.845000 0.496500
28.000000 0.850000 0.496500
28.000000 0.855000 0.496500
28.000000 0.860000 0.496500
28.000000 0.865000 0.496500
28.000000 0.870000 0.496500
28.000000 0.875000 0.496500
28.000000 0.880000 0.496500
28.000000 0.885000 0.496500
28.000000 0.890000 0.496500
28.000000 0.895000 0.496500
28.000000 0.900000 0.496500
28.000000 0.905000 0.496500
28.000000 0.910000 0.496500
28.000000 0.915000 0.496500
28.000000 0.920000 0.496500
28.000000 0.925000 0.496500
28.000000 0.930000 0.496500
28.000000 0.935000 0.496500
28.000000 0.940000 0.496500
28.000000 0.945000 0.496500
28.000000 0.950000 0.496500
28.000000 0.955000 0.496500
28.000000 0.960000 0.496500
28.000000 0.965000 0.496500
28.000000 0.970000 0.496500
28.000000 0.975000 0.496500
28.000000 0.980000 0.496500
28.000000 0.985000 0.496500
28.000000 0.990000 0.496500
28.000000 0.995000 0.496500
28.000000 0.000000 0.503760
28.000000 0.005000 0.503760
28.000000 0.010000 0.503760
28.000000 0.015000 0.503760
28.000000 0.020000 0.503760
28.000000 0.025000 0.503760
28.000000 0.030000 0.503760
28.000000 0.035000 0.503760
28.000000 0.040000 0.503760
28.000000 0.045000 0.503760
28.000000 0.050000 0.503760
28.000000 0.055000 0.503760
28.000000 0.060000 0.503760
28.000000 0.065000 0.503760
28.000000 0.070000 0.503760
28.000000 0.075000 0.503760
28.000000 0.080000 0.503760
28.000000 0.085000 0.503760
28.000000 0.090000 0.503760
28.000000 0.095000 0.503760
28.000000 0.100000 0.503760
28.000000 0.105000 0.503760
28.000000 0.110000 0.503760
28.000000 0.115000 0.503760
28.000000 0.120000 0.503760
28.000000 0.125000 0.503760
28.000000 0.130000 0.503760
28.000000 0.135000 0.503760
28.000000 0.140000 0.503760
28.000000 0.145000 0.503760
28.000000 0.150000 0.503760
28.000000 0.155000 0.503760
28.000000 0.160000 0.503760
28.000000 0.165000 0.503760
28.000000 0.170000 0.503760
28.000000 0.175000 0.503760
28.000000 0.180000 0.503760
28.000000 0.185000 0.503760
28.000000 0.190000 0.503760
28.000000 0.195000 0.503760
28.000000 0.200000 0.503760
28.000000 0.205000 0.503760
28.000000 0.210000 0.503760
28.000000 0.215000 0.503760
28.000000 0.220000 0.503760
28.000000 0.225000 0.503760
28.000000 0.230000 0.503760
28.000000 0.235000 0.503760
28.000000 0.240000 0.503760
28.000000 0.245000 0.503760
28.000000 0.250000 0.503760
28.000000 0.255000 0.503760
28.000000 0.260000 0.503760
28.000000 0.265000 0.503760
28.000000 0.270000 0.503760
28.000000 0.275000 0.503760
28.000000 0.280000 0.503760
28.000000 0.285000 0.503760
28.000000 0.290000 0.503760
28.000000 0.295000 0.503760
28.000000 0.300000 0.503760
28.000000 0.305000 0.503760
28.000000 0.310000 0.503760
28.000000 0.315000 0.503760
28.000000 0.320000 0.503760
28.000000 0.325000 0.503760
28.000000 0.330000 0.503760
28.000000 0.335000 0.503760
28.000000 0.340000 0.503760
28.000000 0.345000 0.503760
28.000000 0.350000 0.503760
28.000000 0.355000 0.503760
28.000000 0.360000 0.503760
28.000000 0.365000 0.503760
28.000000 0.370000 0.503760
28.000000 0.375000 0.503760
28.000000 0.380000 0.503760
28.000000 0.385000 0.503760
28.000000 0.390000 0.503760
28.000000 0.395000 0.503760
28.000000 0.400000 0.503760
28.000000 0.405000 0.503760
28.000000 0.410000 0.503760
28.000000 0.415000 0.503760
28.000000 0.420000 0.503760
28.000000 0.425000 0.503760
28.000000 0.430000 0.503760
28.000000 0.435000 0.503760
28.000000 0.440000 0.503760
28.000000 0.445000 0.503760
28.000000 0.450000 0.503760
28.000000 0.455000 0.503760
28.000000 0.460000 0.503760
28.000000 0.465000 0.503760
28.000000 0.470000 0.503760
28.000000 0.475000 0.503760
28.000000 0.480000 0.503760
28.000000 0.485000 0.503760
28.000000 0.490000 0.503760
28.000000 0.495000 0.503760
28.000000 0.500000 0.503760
28.000000 0.505000 0.503760
28.000000 0.510000 0.503760
28.000000 0.515000 0.503760
28.000000 0.520000 0.503760
28.000000 0.525000 0.503760
28.000000 0.530000 0.503760
28.000000 0.535000 0.503760
28.000000 0.540000 0.503760
28.000000 0.545000 0.503760
28.000000 0.550000 0.503760
28.000000 0.555000 0.503760
28.000000 0.560000 0.503760
28.000000 0.565000 0.503760
28.000000 0.570000 0.503760
28.000000 0.575000 0.503760
28.000000 0.580000 0.503760
28.000000 0.585000 0.503760
28.000000 0.590000 0.503760
28.000000 0.595000 0.503760
28.000000 0.600000 0.503760
28.000000 0.605000 0.503760
28.000000 0.610000 0.503760
28.000000 0.615000 0.503760
28.000000 0.620000 0.503760
28.000000 0.625000 0.503760
28.000000 0.630000 0.503760
28.000000 0.635000 0.503760
28.000000 0.640000 0.503760
28.000000 0.645000 0.503760
28.000000 0.650000 0.503760
28.000000 0.655000 0.503760
28.000000 0.660000 0.503760
28.000000 0.665000 0.503760
28.000000 0.670000 0.503760
28.000000 0.675000 0.503760
28.000000 0.680000 0.503760
28.000000 0.685000 0.503760
28.000000 0.690000 0.503760
28.000000 0.695000 0.503760
28.000000 0.700000 0.503760
28.000000 0.705000 0.503760
28.000000 0.710000 0.503760
28.000000 0.715000 0.503760
28.000000 0.720000 0.503760
28.000000 0.725000 0.503760
28.000000 0.730000 0.503760
28.000000 0.735000 0.503760
28.000000 0.740000 0.503760
28.000000 0.745000 0.503760
28.000000 0.750000 0.503760
28.000000 0.755000 0.503760
28.000000 0.760000 0.503760
28.000000 0.765000 0.503760
28.000000 0.770000 0.503760
28.000000 0.775000 0.503760
28.000000 0.780000 0.503760
28.000000 0.785000 0.503760
28.000000 0.790000 0.503760
28.000000 0.795000 0.503760
28.000000 0.800000 0.503760
28.000000 0.805000 0.503760
28.000000 0.810000 0.503760
28.000000 0.815000 0.503760
28.000000 0.820000 0.503760
28.000000 0.825000 0.503760
28.000000 0.830000 0.503760
28.000000 0.835000 0.503760
28.000000 0.840000 0.503760
28.000000 0.845000 0.503760
28.000000 0.850000 0.503760
28.000000 0.855000 0.503760
28.000000 0.860000 0.503760
28.000000 0.865000 0.503760
28.000000 0.870000 0.503760
28.000000 0.875000 0.503760
28.000000 0.880000 0.503760
28.000000 0.885000 0.503760
28.000000 0.890000 0.503760
28.000000 0.895000 0.503760
28.000000 0.900000 0.503760
28.000000 0.905000 0.503760
28.000000 0.910000 0.503760
28.000000 0.915000 0.503760
28.000000 0.920000 0.503760
28.000000 0.925000 0.503760
28.000000 0.930000 0.503760
28.000000 0.935000 0.503760
28.000000 0.940000 0.503760
28.000000 0.945000 0.503760
28.000000 0.950000 0.503760
28.000000 0.955000 0.503760
28.000000 0.960000 0.503760
28.000000 0.965000 0.503760
28.000000 0.970000 0.503760
28.000000 0.975000 0.503760
28.000000 0.980000 0.503760
28.000000 0.985000 0.503760
28.000000 0.990000 0.503760
28.000000 0.995000 0.503760
40.000000 0.000000 0.496600
40.000000 0.005000 0.496600
40.000000 0.010000 0.496600
40.000000 0.015000 0.496600
40.000000 0.020000 0.496600
40.000000 0.025000 0.496600
40.000000 0.030000 0.496600
40.000000 0.035000 0.496600
40.000000 0.040000 0.496600
40.000000 0.045000 0.496600
40.000000 0.050000 0.496600
40.000000 0.055000 0.496600
40.000000 0.060000 0.496600
40.000000 0.065000 0.496600
40.000000 0.070000 0.496600
40.000000 0.075000 0.496600
40.000000 0.080000 0.496600
40.000000 0.085000 0.496600
40.000000 0.090000 0.496600
40.000000 0.095000 0.496600
40.000000 0.100000 0.496600
40.000000 0.105000 0.496600
40.000000 0.110000 0.496600
40.000000 0.115000 0.496600
40.000000 0.120000 0.496600
40.000000 0.125000 0.496600
40.000000 0.130000 0.496600
40.000000 0.135000 0.496600
40.000000 0.140000 0.496600
40.000000 0.145000 0.496600
40.000000 0.150000 0.496600
40.000000 0.155000 0.496600
40.000000 0.160000 0.496600
40.000000 0.165000 0.496600
40.000000 0.170000 0.496600
40.000000 0.175000 0.496600
40.000000 0.180000 0.496600
40.000000 0.185000 0.496600
40.000000 0.190000 0.496600
40.000000 0.195000 0.496600
40.000000 0.200000 0.496600
40.000000 0.205000 0.496600
40.000000 0.210000 0.496600
40.000000 0.215000 0.496600
40.000000 0.220000 0.496600
40.000000 0.225000 0.496600
40.000000 0.230000 0.496600
40.000000 0.235000 0.496600
40.000000 0.240000 0.496600
40.000000 0.245000 0.496600
40.000000 0.250000 0.496600
40.000000 0.255000 0.496600
40.000000 0.260000 0.496600
40.000000 0.265000 0.496600
40.000000 0.270000 0.496600
40.000000 0.275000 0.496600
40.000000 0.280000 0.496600
40.000000 0.285000 0.496600
40.000000 0.290000 0.496600
40.000000 0.295000 0.496600
40.000000 0.300000 0.496600
40.000000 0.305000 0.496600
40.000000 0.310000 0.496600
40.000000 0.315000 0.496600
40.000000 0.320000 0.496600
40.000000 0.325000 0.496600
40.000000 0.330000 0.496600
40.000000 0.335000 0.496600
40.000000 0.340000 0.496600
40.000000 0.345000 0.496600
40.000000 0.350000 0.496600
40.000000 0.355000 0.496600
40.000000 0.360000 0.496600
40.000000 0.365000 0.496600
40.000000 0.370000 0.496600
40.000000 0.375000 0.496600
40.000000 0.380000 0.496600
40.000000 0.385000 0.496600
40.000000 0.390000 0.496600
40.000000 0.395000 0.496600
40.000000 0.400000 0.496600
40.000000 0.405000 0.496600
40.000000 0.410000 0.496600
40.000000 0.415000 0.496600
40.000000 0.420000 0.496600
40.000000 0.425000 0.496600
40.000000 0.430000 0.496600
40.000000 0.435000 0.496600
40.000000 0.440000 0.496600
40.000000 0.445000 0.496600
40.000000 0.450000 0.496600
40.000000 0.455000 0.496600
40.000000 0.460000 0.496600
40.000000 0.465000 0.496600
40.000000 0.470000 0.496600
40.000000 0.475000 0.496600
40.000000 0.480000 0.496600
40.000000 0.485000 0.496600
40.000000 0.490000 0.496600
40.000000 0.495000 0.496600
40.000000 0.500000 0.496600
40.000000 0.505000 0.496600
40.000000 0.510000 0.496600
40.000000 0.515000 0.496600
40.000000 0.520000 0.496600
40.000000 0.525000 0.496600
40.000000 0.530000 0.496600
40.000000 0.535000 0.496600
40.000000 0.540000 0.496600
40.000000 0.545000 0.496600
40.000000 0.550000 0.496600
40.000000 0.555000 0.496600
40.000000 0.560000 0.496600
40.000000 0.565000 0.496600
40.000000 0.570000 0.496600
40.000000 0.575000 0.496600
40.000000 0.580000 0.496600
40.000000 0.585000 0.496600
40.000000 0.590000 0.496600
40.000000 0.595000 0.496600
40.000000 0.600000 0.496600
40.000000 0.605000 0.496600
40.000000 0.610000 0.496600
40.000000 0.615000 0.496600
40.000000 0.620000 0.496600
40.000000 0.625000 0.496600
40.000000 0.630000 0.496600
40.000000 0.635000 0.496600
40.000000 0.640000 0.496600
40.000000 0.645000 0.496600
40.000000 0.650000 0.496600
40.000000 0.655000 0.496600
40.000000 0.660000 0.496600
40.000000 0.665000 0.496600
40.000000 0.670000 0.496600
40.000000 0.675000 0.496600
40.000000 0.680000 0.496600
40.000000 0.685000 0.496600
40.000000 0.690000 0.496600
40.000000 0.695000 0.496600
40.000000 0.700000 0.496600
40.000000 0.705000 0.496600
40.000000 0.710000 0.496600
40.000000 0.715000 0.496600
40.000000 0.720000 0.496600
40.000000 0.725000 0.496600
40.000000 0.730000 0.496600
40.000000 0.735000 0.496600
40.000000 0.740000 0.496600
40.000000 0.745000 0.496600
40.000000 0.750000 0.496600
40.000000 0.755000 0.496600
40.000000 0.760000 0.496600
40.000000 0.765000 0.496600
40.000000 0.770000 0.496600
40.000000 0.775000 0.496600
40.000000 0.780000 0.496600
40.000000 0.785000 0.496600
40.000000 0.790000 0.496600
40.000000 0.795000 0.496600
40.000000 0.800000 0.496600
40.000000 0.805000 0.496600
40.000000 0.810000 0.496600
40.000000 0.815000 0.496600
40.000000 0.820000 0.496600
40.000000 0.825000 0.496600
40.000000 0.830000 0.496600
40.000000 0.835000 0.496600
40.000000 0.840000 0.496600
40.000000 0.845000 0.496600
40.000000 0.850000 0.496600
40.000000 0.855000 0.496600
40.000000 0.860000 0.496600
40.000000 0.865000 0.496600
40.000000 0.870000 0.496600
40.000000 0.875000 0.496600
40.000000 0.880000 0.496600
40.000000 0.885000 0.496600
40.000000 0.890000 0.496600
40.000000 0.895000 0.496600
40.000000 0.900000 0.496600
40.000000 0.905000 0.496600
40.000000 0.910000 0.496600
40.000000 0.915000 0.496600
40.000000 0.920000 0.496600
40.000000 0.925000 0.496600
40.000000 0.930000 0.496600
40.000000 0.935000 0.496600
40.000000 0.940000 0.496600
40.000000 0.945000 0.496600
40.000000 0.950000 0.496600
40.000000 0.955000 0.496600
40.000000 0.960000 0.496600
40.000000 0.965000 0.496600
40.000000 0.970000 0.496600
40.000000 0.975000 0.496600
40.000000 0.980000 0.496600
40.000000 0.985000 0.496600
40.000000 0.990000 0.496600
40.000000 0.995000 0.496600
40.000000 0.000000 0.503660
40.000000 0.005000 0.503660
40.000000 0.010000 0.503660
40.000000 0.015000 0.503660
40.000000 0.020000 0.503660
40.000000 0.025000 0.503660
40.000000 0.030000 0.503660
40.000000 0.035000 0.503660
40.000000 0.040000 0.503660
40.000000 0.045000 0.503660
40.000000 0.050000 0.503660
40.000000 0.055000 0.503660
40.000000 0.060000 0.503660
40.000000 0.065000 0.503660
40.000000 0.070000 0.503660
40.000000 0.075000 0.503660
40.000000 0.080000 0.503660
40.000000 0.085000 0.503660
40.000000 0.090000 0.503660
40.000000 0.095000 0.503660
40.000000 0.100000 0.503660
40.000000 0.105000 0.503660
40.000000 0.110000 0.503660
40.000000 0.115000 0.503660
40.000000 0.120000 0.503660
40.000000 0.125000 0.503660
40.000000 0.130000 0.503660
40.000000 0.135000 0.503660
40.000000 0.140000 0.503660
40.000000 0.145000 0.503660
40.000000 0.150000 0.503660
40.000000 0.155000 0.503660
40.000000 0.160000 0.503660
40.000000 0.165000 0.503660
40.000000 0.170000 0.503660
40.000000 0.175000 0.503660
40.000000 0.180000 0.503660
40.000000 0.185000 0.503660
40.000000 0.190000 0.503660
40.000000 0.195000 0.503660
40.000000 0.200000 0.503660
40.000000 0.205000 0.503660
40.000000 0.210000 0.503660
40.000000 0.215000 0.503660
40.000000 0.220000 0.503660
40.000000 0.225000 0.503660
40.000000 0.230000 0.503660
40.000000 0.235000 0.503660
40.000000 0.240000 0.503660
40.000000 0.245000 0.503660
40.000000 0.250000 0.503660
40.000000 0.255000 0.503660
40.000000 0.260000 0.503660
40.000000 0.265000 0.503660
40.000000 0.270000 0.503660
40.000000 0.275000 0.503660
40.000000 0.280000 0.503660
40.000000 0.285000 0.503660
40.000000 0.290000 0.503660
40.000000 0.295000 0.503660
40.000000 0.300000 0.503660
40.000000 0.305000 0.503660
40.000000 0.310000 0.503660
40.000000 0.315000 0.503660
40.000000 0.320000 0.503660
40.000000 0.325000 0.503660
40.000000 0.330000 0.503660
40.000000 0.335000 0.503660
40.000000 0.340000 0.503660
40.000000 0.345000 0.503660
40.000000 0.350000 0.503660
40.000000 0.355000 0.503660
40.000000 0.360000 0.503660
40.000000 0.365000 0.503660
40.000000 0.370000 0.503660
40.000000 0.375000 0.503660
40.000000 0.380000 0.503660
40.000000 0.385000 0.503660
40.000000 0.390000 0.503660
40.000000 0.395000 0.503660
40.000000 0.400000 0.503660
40.000000 0.405000 0.503660
40.000000 0.410000 0.503660
40.000000 0.415000 0.503660
40.000000 0.420000 0.503660
40.000000 0.425000 0.503660
40.000000 0.430000 0.503660
40.000000 0.435000 0.503660
40.000000 0.440000 0.503660
40.000000 0.445000 0.503660
40.000000 0.450000 0.503660
40.000000 0.455000 0.503660
40.000000 0.460000 0.503660
40.000000 0.465000 0.503660
40.000000 0.470000 0.503660
40.000000 0.475000 0.503660
40.000000 0.480000 0.503660
40.000000 0.485000 0.503660
40.000000 0.490000 0.503660
40.000000 0.495000 0.503660
40.000000 0.500000 0.503660
40.000000 0.505000 0.503660
40.000000 0.510000 0.503660
40.000000 0.515000 0.503660
40.000000 0.520000 0.503660
40.000000 0.525000 0.503660
40.000000 0.530000 0.503660
40.000000 0.535000 0.503660
40.000000 0.540000 0.503660
40.000000 0.545000 0.503660
40.000000 0.550000 0.503660
40.000000 0.555000 0.503660
40.000000 0.560000 0.503660
40.000000 0.565000 0.503660
40.000000 0.570000 0.503660
40.000000 0.575000 0.503660
40.000000 0.580000 0.503660
40.000000 0.585000 0.503660
40.000000 0.590000 0.503660
40.000000 0.595000 0.503660
40.000000 0.600000 0.503660
40.000000 0.605000 0.503660
40.000000 0.610000 0.503660
40.000000 0.615000 0.503660
40.000000 0.620000 0.503660
40.000000 0.625000 0.503660
40.000000 0.630000 0.503660
40.000000 0.635000 0.503660
40.000000 0.640000 0.503660
40.000000 0.645000 0.503660
40.000000 0.650000 0.503660
40.000000 0.655000 0.503660
40.000000 0.660000 0.503660
40.000000 0.665000 0.503660
40.000000 0.670000 0.503660
40.000000 0.675000 0.503660
40.000000 0.680000 0.503660
40.000000 0.685000 0.503660
40.000000 0.690000 0.503660
40.000000 0.695000 0.503660
40.000000 0.700000 0.503660
40.000000 0.705000 0.503660
40.000000 0.710000 0.503660
40.000000 0.715000 0.503660
40.000000 0.720000 0.503660
40.000000 0.725000 0.503660
40.000000 0.730000 0.503660
40.000000 0.735000 0.503660
40.000000 0.740000 0.503660
40.000000 0.745000 0.503660
40.000000 0.750000 0.503660
40.000000 0.755000 0.503660
40.000000 0.760000 0.503660
40.000000 0.765000 0.503660
40.000000 0.770000 0.503660
40.000000 0.775000 0.503660
40.000000 0.780000 0.503660
40.000000 0.785000 0.503660
40.000000 0.790000 0.503660
40.000000 0.795000 0.503660
40.000000 0.800000 0.503660
40.000000 0.805000 0.503660
40.000000 0.810000 0.503660
40.000000 0.815000 0.503660
40.000000 0.820000 0.503660
40.000000 0.825000 0.503660
40.000000 0.830000 0.503660
40.000000 0.835000 0.503660
40.000000 0.840000 0.503660
40.000000 0.845000 0.503660
40.000000 0.850000 0.503660
40.000000 0.855000 0.503660
40.000000 0.860000 0.503660
40.000000 0.865000 0.503660
40.000000 0.870000 0.503660
40.000000 0.875000 0.503660
40.000000 0.880000 0.503660
40.000000 0.885000 0.503660
40.000000 0.890000 0.503660
40.000000 0.895000 0.503660
40.000000 0.900000 0.503660
40.000000 0.905000 0.503660
40.000000 0.910000 0.503660
40.000000 0.915000 0.503660
40.000000 0.920000 0.503660
40.000000 0.925000 0.503660
40.000000 0.930000 0.503660
40.000000 0.935000 0.503660
40.000000 0.940000 0.503660
40.000000 0.945000 0.503660
40.000000 0.950000 0.503660
40.000000 0.955000 0.503660
40.000000 0.960000 0.503660
40.000000 0.965000 0.503660
40.000000 0.970000 0.503660
40.000000 0.975000 0.503660
40.000000 0.980000 0.503660
40.000000 0.985000 0.503660
40.000000 0.990000 0.503660
40.000000 0.995000 0.503660
54.000000 0.000000 0.496700
54.000000 0.005000 0.496700
54.000000 0.010000 0.496700
54.000000 0.015000 0.496700
54.000000 0.020000 0.496700
54.000000 0.025000 0.496700
54.000000 0.030000 0.496700
54.000000 0.035000 0.496700
54.000000 0.040000 0.496700
54.000000 0.045000 0.496700
54.000000 0.050000 0.496700
54.000000 0.055000 0.496700
54.000000 0.060000 0.496700
54.000000 0.065000 0.496700
54.000000 0.070000 0.496700
54.000000 0.075000 0.496700
54.000000 0.080000 0.496700
54.000000 0.085000 0.496700
54.000000 0.090000 0.496700
54.000000 0.095000 0.496700
54.000000 0.100000 0.496700
54.000000 0.105000 0.496700
54.000000 0.110000 0.496700
54.000000 0.115000 0.496700
54.000000 0.120000 0.496700
54.000000 0.125000 0.496700
54.000000 0.130000 0.496700
54.000000 0.135000 0.496700
54.000000 0.140000 0.496700
54.000000 0.145000 0.496700
54.000000 0.150000 0.496700
54.000000 0.155000 0.496700
54.000000 0.160000 0.496700
54.000000 0.165000 0.496700
54.000000 0.170000 0.496700
54.000000 0.175000 0.496700
54.000000 0.180000 0.496700
54.000000 0.185000 0.496700
54.000000 0.190000 0.496700
54.000000 0.195000 0.496700
54.000000 0.200000 0.496700
54.000000 0.205000 0.496700
54.000000 0.210000 0.496700
54.000000 0.215000 0.496700
54.000000 0.220000 0.496700
54.000000 0.225000 0.496700
54.000000 0.230000 0.496700
54.000000 0.235000 0.496700
54.000000 0.240000 0.496700
54.000000 0.245000 0.496700
54.000000 0.250000 0.496700
54.000000 0.255000 0.496700
54.000000 0.260000 0.496700
54.000000 0.265000 0.496700
54.000000 0.270000 0.496700
54.000000 0.275000 0.496700
54.000000 0.280000 0.496700
54.000000 0.285000 0.496700
54.000000 0.290000 0.496700
54.000000 0.295000 0.496700
54.000000 0.300000 0.496700
54.000000 0.305000 0.496700
54.000000 0.310000 0.496700
54.000000 0.315000 0.496700
54.000000 0.320000 0.496700
54.000000 0.325000 0.496700
54.000000 0.330000 0.496700
54.000000 0.335000 0.496700
54.000000 0.340000 0.496700
54.000000 0.345000 0.496700
54.000000 0.350000 0.496700
54.000000 0.355000 0.496700
54.000000 0.360000 0.496700
54.000000 0.365000 0.496700
54.000000 0.370000 0.496700
54.000000 0.375000 0.496700
54.000000 0.380000 0.496700
54.000000 0.385000 0.496700
54.000000 0.390000 0.496700
54.000000 0.395000 0.496700
54.000000 0.400000 0.496700
54.000000 0.405000 0.496700
54.000000 0.410000 0.496700
54.000000 0.415000 0.496700
54.000000 0.420000 0.496700
54.000000 0.425000 0.496700
54.000000 0.430000 0.496700
54.000000 0.435000 0.496700
54.000000 0.440000 0.496700
54.000000 0.445000 0.496700
54.000000 0.450000 0.496700
54.000000 0.455000 0.496700
54.000000 0.460000 0.496700
54.000000 0.465000 0.496700
54.000000 0.470000 0.496700
54.000000 0.475000 0.496700
54.000000 0.480000 0.496700
54.000000 0.485000 0.496700
54.000000 0.490000 0.496700
54.000000 0.495000 0.496700
54.000000 0.500000 0.496700
54.000000 0.505000 0.496700
54.000000 0.510000 0.496700
54.000000 0.515000 0.496700
54.000000 0.520000 0.496700
54.000000 0.525000 0.496700
54.000000 0.530000 0.496700
54.000000 0.535000 0.496700
54.000000 0.540000 0.496700
54.000000 0.545000 0.496700
54.000000 0.550000 0.496700
54.000000 0.555000 0.496700
54.000000 0.560000 0.496700
54.000000 0.565000 0.496700
54.000000 0.570000 0.496700
54.000000 0.575000 0.496700
54.000000 0.580000 0.496700
54.000000 0.585000 0.496700
54.000000 0.590000 0.496700
54.000000 0.595000 0.496700
54.000000 0.600000 0.496700
54.000000 0.605000 0.496700
54.000000 0.610000 0.496700
54.000000 0.615000 0.496700
54.000000 0.620000 0.496700
54.000000 0.625000 0.496700
54.000000 0.630000 0.496700
54.000000 0.635000 0.496700
54.000000 0.640000 0.496700
54.000000 0.645000 0.496700
54.000000 0.650000 0.496700
54.000000 0.655000 0.496700
54.000000 0.660000 0.496700
54.000000 0.665000 0.496700
54.000000 0.670000 0.496700
54.000000 0.675000 0.496700
54.000000 0.680000 0.496700
54.000000 0.685000 0.496700
54.000000 0.690000 0.496700
54.000000 0.695000 0.496700
54.000000 0.700000 0.496700
54.000000 0.705000 0.496700
54.000000 0.710000 0.496700
54.000000 0.715000 0.496700
54.000000 0.720000 0.496700
54.000000 0.725000 0.496700
54.000000 0.730000 0.496700
54.000000 0.735000 0.496700
54.000000 0.740000 0.496700
54.000000 0.745000 0.496700
54.000000 0.750000 0.496700
54.000000 0.755000 0.496700
54.000000 0.760000 0.496700
54.000000 0.765000 0.496700
54.000000 0.770000 0.496700
54.000000 0.775000 0.496700
54.000000 0.780000 0.496700
54.000000 0.785000 0.496700
54.000000 0.790000 0.496700
54.000000 0.795000 0.496700
54.000000 0.800000 0.496700
54.000000 0.805000 0.496700
54.000000 0.810000 0.496700
54.000000 0.815000 0.496700
54.000000 0.820000 0.496700
54.000000 0.825000 0.496700
54.000000 0.830000 0.496700
54.000000 0.835000 0.496700
54.000000 0.840000 0.496700
54.000000 0.845000 0.496700
54.000000 0.850000 0.496700
54.000000 0.855000 0.496700
54.000000 0.860000 0.496700
54.000000 0.865000 0.496700
54.000000 0.870000 0.496700
54.000000 0.875000 0.496700
54.000000 0.880000 0.496700
54.000000 0.885000 0.496700
54.000000 0.890000 0.496700
54.000000 0.895000 0.496700
54.000000 0.900000 0.496700
54.000000 0.905000 0.496700
54.000000 0.910000 0.496700
54.000000 0.915000 0.496700
54.000000 0.920000 0.496700
54.000000 0.925000 0.496700
54.000000 0.930000 0.496700
54.000000 0.935000 0.496700
54.000000 0.940000 0.496700
54.000000 0.945000 0.496700
54.000000 0.950000 0.496700
54.000000 0.955000 0.496700
54.000000 0.960000 0.496700
54.000000 0.965000 0.496700
54.000000 0.970000 0.496700
54.000000 0.975000 0.496700
54.000000 0.980000 0.496700
54.000000 0.985000 0.496700
54.000000 0.990000 0.496700
54.000000 0.995000 0.496700
54.000000 0.000000 0.503560
54.000000 0.005000 0.503560
54.000000 0.010000 0.503560
54.000000 0.015000 0.503560
54.000000 0.020000 0.503560
54.000000 0.025000 0.503560
54.000000 0.030000 0.503560
54.000000 0.035000 0.503560
54.000000 0.040000 0.503560
54.000000 0.045000 0.503560
54.000000 0.050000 0.503560
54.000000 0.055000 0.503560
54.000000 0.060000 0.503560
54.000000 0.065000 0.503560
54.000000 0.070000 0.503560
54.000000 0.075000 0.503560
54.000000 0.080000 0.503560
54.000000 0.085000 0.503560
54.000000 0.090000 0.503560
54.000000 0.095000 0.503560
54.000000 0.100000 0.503560
54.000000 0.105000 0.503560
54.000000 0.110000 0.503560
54.000000 0.115000 0.503560
54.000000 0.120000 0.503560
54.000000 0.125000 0.503560
54.000000 0.130000 0.503560
54.000000 0.135000 0.503560
54.000000 0.140000 0.503560
54.000000 0.145000 0.503560
54.000000 0.150000 0.503560
54.000000 0.155000 0.503560
54.000000 0.160000 0.503560
54.000000 0.165000 0.503560
54.000000 0.170000 0.503560
54.000000 0.175000 0.503560
54.000000 0.180000 0.503560
54.000000 0.185000 0.503560
54.000000 0.190000 0.503560
54.000000 0.195000 0.503560
54.000000 0.200000 0.503560
54.000000 0.205000 0.503560
54.000000 0.210000 0.503560
54.000000 0.215000 0.503560
54.000000 0.220000 0.503560
54.000000 0.225000 0.503560
54.000000 0.230000 0.503560
54.000000 0.235000 0.503560
54.000000 0.240000 0.503560
54.000000 0.245000 0.503560
54.000000 0.250000 0.503560
54.000000 0.255000 0.503560
54.000000 0.260000 0.503560
54.000000 0.265000 0.503560
54.000000 0.270000 0.503560
54.000000 0.275000 0.503560
54.000000 0.280000 0.503560
54.000000 0.285000 0.503560
54.000000 0.290000 0.503560
54.000000 0.295000 0.503560
54.000000 0.300000 0.503560
54.000000 0.305000 0.503560
54.000000 0.310000 0.503560
54.000000 0.315000 0.503560
54.000000 0.320000 0.503560
54.000000 0.325000 0.503560
54.000000 0.330000 0.503560
54.000000 0.335000 0.503560
54.000000 0.340000 0.503560
54.000000 0.345000 0.503560
54.000000 0.350000 0.503560
54.000000 0.355000 0.503560
54.000000 0.360000 0.503560
54.000000 0.365000 0.503560
54.000000 0.370000 0.503560
54.000000 0.375000 0.503560
54.000000 0.380000 0.503560
54.000000 0.385000 0.503560
54.000000 0.390000 0.503560
54.000000 0.395000 0.503560
54.000000 0.400000 0.503560
54.000000 0.405000 0.503560
54.000000 0.410000 0.503560
54.000000 0.415000 0.503560
54.000000 0.420000 0.503560
54.000000 0.425000 0.503560
54.000000 0.430000 0.503560
54.000000 0.435000 0.503560
54.000000 0.440000 0.503560
54.000000 0.445000 0.503560
54.000000 0.450000 0.503560
54.000000 0.455000 0.503560
54.000000 0.460000 0.503560
54.000000 0.465000 0.503560
54.000000 0.470000 0.503560
54.000000 0.475000 0.503560
54.000000 0.480000 0.503560
54.000000 0.485000 0.503560
54.000000 0.490000 0.503560
54.000000 0.495000 0.503560
54.000000 0.500000 0.503560
54.000000 0.505000 0.503560
54.000000 0.510000 0.503560
54.000000 0.515000 0.503560
54.000000 0.520000 0.503560
54.000000 0.525000 0.503560
54.000000 0.530000 0.503560
54.000000 0.535000 0.503560
54.000000 0.540000 0.503560
54.000000 0.545000 0.503560
54.000000 0.550000 0.503560
54.000000 0.555000 0.503560
54.000000 0.560000 0.503560
54.000000 0.565000 0.503560
54.000000 0.570000 0.503560
54.000000 0.575000 0.503560
54.000000 0.580000 0.503560
54.000000 0.585000 0.503560
54.000000 0.590000 0.503560
54.000000 0.595000 0.503560
54.000000 0.600000 0.503560
54.000000 0.605000 0.503560
54.000000 0.610000 0.503560
54.000000 0.615000 0.503560
54.000000 0.620000 0.503560
54.000000 0.625000 0.503560
54.000000 0.630000 0.503560
54.000000 0.635000 0.503560
54.000000 0.640000 0.503560
54.000000 0.645000 0.503560
54.000000 0.650000 0.503560
54.000000 0.655000 0.503560
54.000000 0.660000 0.503560
54.000000 0.665000 0.503560
54.000000 0.670000 0.503560
54.000000 0.675000 0.503560
54.000000 0.680000 0.503560
54.000000 0.685000 0.503560
54.000000 0.690000 0.503560
54.000000 0.695000 0.503560
54.000000 0.700000 0.503560
54.000000 0.705000 0.503560
54.000000 0.710000 0.503560
54.000000 0.715000 0.503560
54.000000 0.720000 0.503560
54.000000 0.725000 0.503560
54.000000 0.730000 0.503560
54.000000 0.735000 0.503560
54.000000 0.740000 0.503560
54.000000 0.745000 0.503560
54.000000 0.750000 0.503560
54.000000 0.755000 0.503560
54.000000 0.760000 0.503560
54.000000 0.765000 0.503560
54.000000 0.770000 0.503560
54.000000 0.775000 0.503560
54.000000 0.780000 0.503560
54.000000 0.785000 0.503560
54.000000 0.790000 0.503560
54.000000 0.795000 0.503560
54.000000 0.800000 0.503560
54.000000 0.805000 0.503560
54.000000 0.810000 0.503560
54.000000 0.815000 0.503560
54.000000 0.820000 0.503560
54.000000 0.825000 0.503560
54.000000 0.830000 0.503560
54.000000 0.835000 0.503560
54.000000 0.840000 0.503560
54.000000 0.845000 0.503560
54.000000 0.850000 0.503560
54.000000 0.855000 0.503560
54.000000 0.860000 0.503560
54.000000 0.865000 0.503560
54.000000 0.870000 0.503560
54.000000 0.875000 0.503560
54.000000 0.880000 0.503560
54.000000 0.885000 0.503560
54.000000 0.890000 0.503560
54.000000 0.895000 0.503560
54.000000 0.900000 0.503560
54.000000 0.905000 0.503560
54.000000 0.910000 0.503560
54.000000 0.915000 0.503560
54.000000 0.920000 0.503560
54.000000 0.925000 0.503560
54.000000 0.930000 0.503560
54.000000 0.935000 0.503560
54.000000 0.940000 0.503560
54.000000 0.945000 0.503560
54.000000 0.950000 0.503560
54.000000 0.955000 0.503560
54.000000 0.960000 0.503560
54.000000 0.965000 0.503560
54.000000 0.970000 0.503560
54.000000 0.975000 0.503560
54.000000 0.980000 0.503560
54.000000 0.985000 0.503560
54.000000 0.990000 0.503560
54.000000 0.995000 0.503560
70.000000 0.000000 0.496800
70.000000 0.005000 0.496800
70.000000 0.010000 0.496800
70.000000 0.015000 0.496800
70.000000 0.020000 0.496800
70.000000 0.025000 0.496800
70.000000 0.030000 0.496800
70.000000 0.035000 0.496800
70.000000 0.040000 0.496800
70.000000 0.045000 0.496800
70.000000 0.050000 0.496800
70.000000 0.055000 0.496800
70.000000 0.060000 0.496800
70.000000 0.065000 0.496800
70.000000 0.070000 0.496800
70.000000 0.075000 0.496800
70.000000 0.080000 0.496800
70.000000 0.085000 0.496800
70.000000 0.090000 0.496800
70.000000 0.095000 0.496800
70.000000 0.100000 0.496800
70.000000 0.105000 0.496800
70.000000 0.110000 0.496800
70.000000 0.115000 0.496800
70.000000 0.120000 0.496800
70.000000 0.125000 0.496800
70.000000 0.130000 0.496800
70.000000 0.135000 0.496800
70.000000 0.140000 0.496800
70.000000 0.145000 0.496800
70.000000 0.150000 0.496800
70.000000 0.155000 0.496800
70.000000 0.160000 0.496800
70.000000 0.165000 0.496800
70.000000 0.170000 0.496800
70.000000 0.175000 0.496800
70.000000 0.180000 0.496800
70.000000 0.185000 0.496800
70.000000 0.190000 0.496800
70.000000 0.195000 0.496800
70.000000 0.200000 0.496800
70.000000 0.205000 0.496800
70.000000 0.210000 0.496800
70.000000 0.215000 0.496800
70.000000 0.220000 0.496800
70.000000 0.225000 0.496800
70.000000 0.230000 0.496800
70.000000 0.235000 0.496800
70.000000 0.240000 0.496800
70.000000 0.245000 0.496800
70.000000 0.250000 0.496800
70.000000 0.255000 0.496800
70.000000 0.260000 0.496800
70.000000 0.265000 0.496800
70.000000 0.270000 0.496800
70.000000 0.275000 0.496800
70.000000 0.280000 0.496800
70.000000 0.285000 0.496800
70.000000 0.290000 0.496800
70.000000 0.295000 0.496800
70.000000 0.300000 0.496800
70.000000 0.305000 0.496800
70.000000 0.310000 0.496800
70.000000 0.315000 0.496800
70.000000 0.320000 0.496800
70.000000 0.325000 0.496800
70.000000 0.330000 0.496800
70.000000 0.335000 0.496800
70.000000 0.340000 0.496800
70.000000 0.345000 0.496800
70.000000 0.350000 0.496800
70.000000 0.355000 0.496800
70.000000 0.360000 0.496800
70.000000 0.365000 0.496800
70.000000 0.370000 0.496800
70.000000 0.375000 0.496800
70.000000 0.380000 0.496800
70.000000 0.385000 0.496800
70.000000 0.390000 0.496800
70.000000 0.395000 0.496800
70.000000 0.400000 0.496800
70.000000 0.405000 0.496800
70.000000 0.410000 0.496800
70.000000 0.415000 0.496800
70.000000 0.420000 0.496800
70.000000 0.425000 0.496800
70.000000 0.430000 0.496800
70.000000 0.435000 0.496800
70.000000 0.440000 0.496800
70.000000 0.445000 0.496800
70.000000 0.450000 0.496800
70.000000 0.455000 0.496800
70.000000 0.460000 0.496800
70.000000 0.465000 0.496800
70.000000 0.470000 0.496800
70.000000 0.475000 0.496800
70.000000 0.480000 0.496800
70.000000 0.485000 0.496800
70.000000 0.490000 0.496800
70.000000 0.495000 0.496800
70.000000 0.500000 0.496800
70.000000 0.505000 0.496800
70.000000 0.510000 0.496800
70.000000 0.515000 0.496800
70.000000 0.520000 0.496800
70.000000 0.525000 0.496800
70.000000 0.530000 0.496800
70.000000 0.535000 0.496800
70.000000 0.540000 0.496800
70.000000 0.545000 0.496800
70.000000 0.550000 0.496800
70.000000 0.555000 0.496800
70.000000 0.560000 0.496800
70.000000 0.565000 0.496800
70.000000 0.570000 0.496800
70.000000 0.575000 0.496800
70.000000 0.580000 0.496800
70.000000 0.585000 0.496800
70.000000 0.590000 0.496800
70.000000 0.595000 0.496800
70.000000 0.600000 0.496800
70.000000 0.605000 0.496800
70.000000 0.610000 0.496800
70.000000 0.615000 0.496800
70.000000 0.620000 0.496800
70.000000 0.625000 0.496800
70.000000 0.630000 0.496800
70.000000 0.635000 0.496800
70.000000 0.640000 0.496800
70.000000 0.645000 0.496800
70.000000 0.650000 0.496800
70.000000 0.655000 0.496800
70.000000 0.660000 0.496800
70.000000 0.665000 0.496800
70.000000 0.670000 0.496800
70.000000 0.675000 0.496800
70.000000 0.680000 0.496800
70.000000 0.685000 0.496800
70.000000 0.690000 0.496800
70.000000 0.695000 0.496800
70.000000 0.700000 0.496800
70.000000 0.705000 0.496800
70.000000 0.710000 0.496800
70.000000 0.715000 0.496800
70.000000 0.720000 0.496800
70.000000 0.725000 0.496800
70.000000 0.730000 0.496800
70.000000 0.735000 0.496800
70.000000 0.740000 0.496800
70.000000 0.745000 0.496800
70.000000 0.750000 0.496800
70.000000 0.755000 0.496800
70.000000 0.760000 0.496800
70.000000 0.765000 0.496800
70.000000 0.770000 0.496800
70.000000 0.775000 0.496800
70.000000 0.780000 0.496800
70.000000 0.785000 0.496800
70.000000 0.790000 0.496800
70.000000 0.795000 0.496800
70.000000 0.800000 0.496800
70.000000 0.805000 0.496800
70.000000 0.810000 0.496800
70.000000 0.815000 0.496800
70.000000 0.820000 0.496800
70.000000 0.825000 0.496800
70.000000 0.830000 0.496800
70.000000 0.835000 0.496800
70.000000 0.840000 0.496800
70.000000 0.845000 0.496800
70.000000 0.850000 0.496800
70.000000 0.855000 0.496800
70.000000 0.860000 0.496800
70.000000 0.865000 0.496800
70.000000 0.870000 0.496800
70.000000 0.875000 0.496800
70.000000 0.880000 0.496800
70.000000 0.885000 0.496800
70.000000 0.890000 0.496800
70.000000 0.895000 0.496800
70.000000 0.900000 0.496800
70.000000 0.905000 0.496800
70.000000 0.910000 0.496800
70.000000 0.915000 0.496800
70.000000 0.920000 0.496800
70.000000 0.925000 0.496800
70.000000 0.930000 0.496800
70.000000 0.935000 0.496800
70.000000 0.940000 0.496800
70.000000 0.945000 0.496800
70.000000 0.950000 0.496800
70.000000 0.955000 0.496800
70.000000 0.960000 0.496800
70.000000 0.965000 0.496800
70.000000 0.970000 0.496800
70.000000 0.975000 0.496800
70.000000 0.980000 0.496800
70.000000 0.985000 0.496800
70.000000 0.990000 0.496800
70.000000 0.995000 0.496800
70.000000 0.000000 0.503460
70.000000 0.005000 0.503460
70.000000 0.010000 0.503460
70.000000 0.015000 0.503460
70.000000 0.020000 0.503460
70.000000 0.025000 0.503460
70.000000 0.030000 0.503460
70.000000 0.035000 0.503460
70.000000 0.040000 0.503460
70.000000 0.045000 0.503460
70.000000 0.050000 0.503460
70.000000 0.055000 0.503460
70.000000 0.060000 0.503460
70.000000 0.065000 0.503460
70.000000 0.070000 0.503460
70.000000 0.075000 0.503460
70.000000 0.080000 0.503460
70.000000 0.085000 0.503460
70.000000 0.090000 0.503460
70.000000 0.095000 0.503460
70.000000 0.100000 0.503460
70.000000 0.105000 0.503460
70.000000 0.110000 0.503460
70.000000 0.115000 0.503460
70.000000 0.120000 0.503460
70.000000 0.125000 0.503460
70.000000 0.130000 0.503460
70.000000 0.135000 0.503460
70.000000 0.140000 0.503460
70.000000 0.145000 0.503460
70.000000 0.150000 0.503460
70.000000 0.155000 0.503460
70.000000 0.160000 0.503460
70.000000 0.165000 0.503460
70.000000 0.170000 0.503460
70.000000 0.175000 0.503460
70.000000 0.180000 0.503460
70.000000 0.185000 0.503460
70.000000 0.190000 0.503460
70.000000 0.195000 0.503460
70.000000 0.200000 0.503460
70.000000 0.205000 0.503460
70.000000 0.210000 0.503460
70.000000 0.215000 0.503460
70.000000 0.220000 0.503460
70.000000 0.225000 0.503460
70.000000 0.230000 0.503460
70.000000 0.235000 0.503460
70.000000 0.240000 0.503460
70.000000 0.245000 0.503460
70.000000 0.250000 0.503460
70.000000 0.255000 0.503460
70.000000 0.260000 0.503460
70.000000 0.265000 0.503460
70.000000 0.270000 0.503460
70.000000 0.275000 0.503460
70.000000 0.280000 0.503460
70.000000 0.285000 0.503460
70.000000 0.290000 0.503460
70.000000 0.295000 0.503460
70.000000 0.300000 0.503460
70.000000 0.305000 0.503460
70.000000 0.310000 0.503460
70.000000 0.315000 0.503460
70.000000 0.320000 0.503460
70.000000 0.325000 0.503460
70.000000 0.330000 0.503460
70.000000 0.335000 0.503460
70.000000 0.340000 0.503460
70.000000 0.345000 0.503460
70.000000 0.350000 0.503460
70.000000 0.355000 0.503460
70.000000 0.360000 0.503460
70.000000 0.365000 0.503460
70.000000 0.370000 0.503460
70.000000 0.375000 0.503460
70.000000 0.380000 0.503460
70.000000 0.385000 0.503460
70.000000 0.390000 0.503460
70.000000 0.395000 0.503460
70.000000 0.400000 0.503460
70.000000 0.405000 0.503460
70.000000 0.410000 0.503460
70.000000 0.415000 0.503460
70.000000 0.420000 0.503460
70.000000 0.425000 0.503460
70.000000 0.430000 0.503460
70.000000 0.435000 0.503460
70.000000 0.440000 0.503460
70.000000 0.445000 0.503460
70.000000 0.450000 0.503460
70.000000 0.455000 0.503460
70.000000 0.460000 0.503460
70.000000 0.465000 0.503460
70.000000 0.470000 0.503460
70.000000 0.475000 0.503460
70.000000 0.480000 0.503460
70.000000 0.485000 0.503460
70.000000 0.490000 0.503460
70.000000 0.495000 0.503460
70.000000 0.500000 0.503460
70.000000 0.505000 0.503460
70.000000 0.510000 0.503460
70.000000 0.515000 0.503460
70.000000 0.520000 0.503460
70.000000 0.525000 0.503460
70.000000 0.530000 0.503460
70.000000 0.535000 0.503460
70.000000 0.540000 0.503460
70.000000 0.545000 0.503460
70.000000 0.550000 0.503460
70.000000 0.555000 0.503460
70.000000 0.560000 0.503460
70.000000 0.565000 0.503460
70.000000 0.570000 0.503460
70.000000 0.575000 0.503460
70.000000 0.580000 0.503460
70.000000 0.585000 0.503460
70.000000 0.590000 0.503460
70.000000 0.595000 0.503460
70.000000 0.600000 0.503460
70.000000 0.605000 0.503460
70.000000 0.610000 0.503460
70.000000 0.615000 0.503460
70.000000 0.620000 0.503460
70.000000 0.625000 0.503460
70.000000 0.630000 0.503460
70.000000 0.635000 0.503460
70.000000 0.640000 0.503460
70.000000 0.645000 0.503460
70.000000 0.650000 0.503460
70.000000 0.655000 0.503460
70.000000 0.660000 0.503460
70.000000 0.665000 0.503460
70.000000 0.670000 0.503460
70.000000 0.675000 0.503460
70.000000 0.680000 0.503460
70.000000 0.685000 0.503460
70.000000 0.690000 0.503460
70.000000 0.695000 0.503460
70.000000 0.700000 0.503460
70.000000 0.705000 0.503460
70.000000 0.710000 0.503460
70.000000 0.715000 0.503460
70.000000 0.720000 0.503460
70.000000 0.725000 0.503460
70.000000 0.730000 0.503460
70.000000 0.735000 0.503460
70.000000 0.740000 0.503460
70.000000 0.745000 0.503460
70.000000 0.750000 0.503460
70.000000 0.755000 0.503460
70.000000 0.760000 0.503460
70.000000 0.765000 0.503460
70.000000 0.770000 0.503460
70.000000 0.775000 0.503460
70.000000 0.780000 0.503460
70.000000 0.785000 0.503460
70.000000 0.790000 0.503460
70.000000 0.795000 0.503460
70.000000 0.800000 0.503460
70.000000 0.805000 0.503460
70.000000 0.810000 0.503460
70.000000 0.815000 0.503460
70.000000 0.820000 0.503460
70.000000 0.825000 0.503460
70.000000 0.830000 0.503460
70.000000 0.835000 0.503460
70.000000 0.840000 0.503460
70.000000 0.845000 0.503460
70.000000 0.850000 0.503460
70.000000 0.855000 0.503460
70.000000 0.860000 0.503460
70.000000 0.865000 0.503460
70.000000 0.870000 0.503460
70.000000 0.875000 0.503460
70.000000 0.880000 0.503460
70.000000 0.885000 0.503460
70.000000 0.890000 0.503460
70.000000 0.895000 0.503460
70.000000 0.900000 0.503460
70.000000 0.905000 0.503460
70.000000 0.910000 0.503460
70.000000 0.915000 0.503460
70.000000 0.920000 0.503460
70.000000 0.925000 0.503460
70.000000 0.930000 0.503460
70.000000 0.935000 0.503460
70.000000 0.940000 0.503460
70.000000 0.945000 0.503460
70.000000 0.950000 0.503460
70.000000 0.955000 0.503460
70.000000 0.960000 0.503460
70.000000 0.965000 0.503460
70.000000 0.970000 0.503460
70.000000 0.975000 0.503460
70.000000 0.980000 0.503460
70.000000 0.985000 0.503460
70.000000 0.990000 0.503460
70.000000 0.995000 0.503460
88.000000 0.000000 0.496900
88.000000 0.005000 0.496900
88.000000 0.010000 0.496900
88.000000 0.015000 0.496900
88.000000 0.020000 0.496900
88.000000 0.025000 0.496900
88.000000 0.030000 0.496900
88.000000 0.035000 0.496900
88.000000 0.040000 0.496900
88.000000 0.045000 0.496900
88.000000 0.050000 0.496900
88.000000 0.055000 0.496900
88.000000 0.060000 0.496900
88.000000 0.065000 0.496900
88.000000 0.070000 0.496900
88.000000 0.075000 0.496900
88.000000 0.080000 0.496900
88.000000 0.085000 0.496900
88.000000 0.090000 0.496900
88.000000 0.095000 0.496900
88.000000 0.100000 0.496900
88.000000 0.105000 0.496900
88.000000 0.110000 0.496900
88.000000 0.115000 0.496900
88.000000 0.120000 0.496900
88.000000 0.125000 0.496900
88.000000 0.130000 0.496900
88.000000 0.135000 0.496900
88.000000 0.140000 0.496900
88.000000 0.145000 0.496900
88.000000 0.150000 0.496900
88.000000 0.155000 0.496900
88.000000 0.160000 0.496900
88.000000 0.165000 0.496900
88.000000 0.170000 0.496900
88.000000 0.175000 0.496900
88.000000 0.180000 0.496900
88.000000 0.185000 0.496900
88.000000 0.190000 0.496900
88.000000 0.195000 0.496900
88.000000 0.200000 0.496900
88.000000 0.205000 0.496900
88.000000 0.210000 0.496900
88.000000 0.215000 0.496900
88.000000 0.220000 0.496900
88.000000 0.225000 0.496900
88.000000 0.230000 0.496900
88.000000 0.235000 0.496900
88.000000 0.240000 0.496900
88.000000 0.245000 0.496900
88.000000 0.250000 0.496900
88.000000 0.255000 0.496900
88.000000 0.260000 0.496900
88.000000 0.265000 0.496900
88.000000 0.270000 0.496900
88.000000 0.275000 0.496900
88.000000 0.280000 0.496900
88.000000 0.285000 0.496900
88.000000 0.290000 0.496900
88.000000 0.295000 0.496900
88.000000 0.300000 0.496900
88.000000 0.305000 0.496900
88.000000 0.310000 0.496900
88.000000 0.315000 0.496900
88.000000 0.320000 0.496900
88.000000 0.325000 0.496900
88.000000 0.330000 0.496900
88.000000 0.335000 0.496900
88.000000 0.340000 0.496900
88.000000 0.345000 0.496900
88.000000 0.350000 0.496900
88.000000 0.355000 0.496900
88.000000 0.360000 0.496900
88.000000 0.365000 0.496900
88.000000 0.370000 0.496900
88.000000 0.375000 0.496900
88.000000 0.380000 0.496900
88.000000 0.385000 0.496900
88.000000 0.390000 0.496900
88.000000 0.395000 0.496900
88.000000 0.400000 0.496900
88.000000 0.405000 0.496900
88.000000 0.410000 0.496900
88.000000 0.415000 0.496900
88.000000 0.420000 0.496900
88.000000 0.425000 0.496900
88.000000 0.430000 0.496900
88.000000 0.435000 0.496900
88.000000 0.440000 0.496900
88.000000 0.445000 0.496900
88.000000 0.450000 0.496900
88.000000 0.455000 0.496900
88.000000 0.460000 0.496900
88.000000 0.465000 0.496900
88.000000 0.470000 0.496900
88.000000 0.475000 0.496900
88.000000 0.480000 0.496900
88.000000 0.485000 0.496900
88.000000 0.490000 0.496900
88.000000 0.495000 0.496900
88.000000 0.500000 0.496900
88.000000 0.505000 0.496900
88.000000 0.510000 0.496900
88.000000 0.515000 0.496900
88.000000 0.520000 0.496900
88.000000 0.525000 0.496900
88.000000 0.530000 0.496900
88.000000 0.535000 0.496900
88.000000 0.540000 0.496900
88.000000 0.545000 0.496900
88.000000 0.550000 0.496900
88.000000 0.555000 0.496900
88.000000 0.560000 0.496900
88.000000 0.565000 0.496900
88.000000 0.570000 0.496900
88.000000 0.575000 0.496900
88.000000 0.580000 0.496900
88.000000 0.585000 0.496900
88.000000 0.590000 0.496900
88.000000 0.595000 0.496900
88.000000 0.600000 0.496900
88.000000 0.605000 0.496900
88.000000 0.610000 0.496900
88.000000 0.615000 0.496900
88.000000 0.620000 0.496900
88.000000 0.625000 0.496900
88.000000 0.630000 0.496900
88.000000 0.635000 0.496900
88.000000 0.640000 0.496900
88.000000 0.645000 0.496900
88.000000 0.650000 0.496900
88.000000 0.655000 0.496900
88.000000 0.660000 0.496900
88.000000 0.665000 0.496900
88.000000 0.670000 0.496900
88.000000 0.675000 0.496900
88.000000 0.680000 0.496900
88.000000 0.685000 0.496900
88.000000 0.690000 0.496900
88.000000 0.695000 0.496900
88.000000 0.700000 0.496900
88.000000 0.705000 0.496900
88.000000 0.710000 0.496900
88.000000 0.715000 0.496900
88.000000 0.720000 0.496900
88.000000 0.725000 0.496900
88.000000 0.730000 0.496900
88.000000 0.735000 0.496900
88.000000 0.740000 0.496900
88.000000 0.745000 0.496900
88.000000 0.750000 0.496900
88.000000 0.755000 0.496900
88.000000 0.760000 0.496900
88.000000 0.765000 0.496900
88.000000 0.770000 0.496900
88.000000 0.775000 0.496900
88.000000 0.780000 0.496900
88.000000 0.785000 0.496900
88.000000 0.790000 0.496900
88.000000 0.795000 0.496900
88.000000 0.800000 0.496900
88.000000 0.805000 0.496900
88.000000 0.810000 0.496900
88.000000 0.815000 0.496900
88.000000 0.820000 0.496900
88.000000 0.825000 0.496900
88.000000 0.830000 0.496900
88.000000 0.835000 0.496900
88.000000 0.840000 0.496900
88.000000 0.845000 0.496900
88.000000 0.850000 0.496900
88.000000 0.855000 0.496900
88.000000 0.860000 0.496900
88.000000 0.865000 0.496900
88.000000 0.870000 0.496900
88.000000 0.875000 0.496900
88.000000 0.880000 0.496900
88.000000 0.885000 0.496900
88.000000 0.890000 0.496900
88.000000 0.895000 0.496900
88.000000 0.900000 0.496900
88.000000 0.905000 0.496900
88.000000 0.910000 0.496900
88.000000 0.915000 0.496900
88.000000 0.920000 0.496900
88.000000 0.925000 0.496900
88.000000 0.930000 0.496900
88.000000 0.935000 0.496900
88.000000 0.940000 0.496900
88.000000 0.945000 0.496900
88.000000 0.950000 0.496900
88.000000 0.955000 0.496900
88.000000 0.960000 0.496900
88.000000 0.965000 0.496900
88.000000 0.970000 0.496900
88.000000 0.975000 0.496900
88.000000 0.980000 0.496900
88.000000 0.985000 0.496900
88.000000 0.990000 0.496900
88.000000 0.995000 0.496900
88.000000 0.000000 0.503360
88.000000 0.005000 0.503360
88.000000 0.010000 0.503360
88.000000 0.015000 0.503360
88.000000 0.020000 0.503360
88.000000 0.025000 0.503360
88.000000 0.030000 0.503360
88.000000 0.035000 0.503360
88.000000 0.040000 0.503360
88.000000 0.045000 0.503360
88.000000 0.050000 0.503360
88.000000 0.055000 0.503360
88.000000 0.060000 0.503360
88.000000 0.065000 0.503360
88.000000 0.070000 0.503360
88.000000 0.075000 0.503360
88.000000 0.080000 0.503360
88.000000 0.085000 0.503360
88.000000 0.090000 0.503360
88.000000 0.095000 0.503360
88.000000 0.100000 0.503360
88.000000 0.105000 0.503360
88.000000 0.110000 0.503360
88.000000 0.115000 0.503360
88.000000 0.120000 0.503360
88.000000 0.125000 0.503360
88.000000 0.130000 0.503360
88.000000 0.135000 0.503360
88.000000 0.140000 0.503360
88.000000 0.145000 0.503360
88.000000 0.150000 0.503360
88.000000 0.155000 0.503360
88.000000 0.160000 0.503360
88.000000 0.165000 0.503360
88.000000 0.170000 0.503360
88.000000 0.175000 0.503360
88.000000 0.180000 0.503360
88.000000 0.185000 0.503360
88.000000 0.190000 0.503360
88.000000 0.195000 0.503360
88.000000 0.200000 0.503360
88.000000 0.205000 0.503360
88.000000 0.210000 0.503360
88.000000 0.215000 0.503360
88.000000 0.220000 0.503360
88.000000 0.225000 0.503360
88.000000 0.230000 0.503360
88.000000 0.235000 0.503360
88.000000 0.240000 0.503360
88.000000 0.245000 0.503360
88.000000 0.250000 0.503360
88.000000 0.255000 0.503360
88.000000 0.260000 0.503360
88.000000 0.265000 0.503360
88.000000 0.270000 0.503360
88.000000 0.275000 0.503360
88.000000 0.280000 0.503360
88.000000 0.285000 0.503360
88.000000 0.290000 0.503360
88.000000 0.295000 0.503360
88.000000 0.300000 0.503360
88.000000 0.305000 0.503360
88.000000 0.310000 0.503360
88.000000 0.315000 0.503360
88.000000 0.320000 0.503360
88.000000 0.325000 0.503360
88.000000 0.330000 0.503360
88.000000 0.335000 0.503360
88.000000 0.340000 0.503360
88.000000 0.345000 0.503360
88.000000 0.350000 0.503360
88.000000 0.355000 0.503360
88.000000 0.360000 0.503360
88.000000 0.365000 0.503360
88.000000 0.370000 0.503360
88.000000 0.375000 0.503360
88.000000 0.380000 0.503360
88.000000 0.385000 0.503360
88.000000 0.390000 0.503360
88.000000 0.395000 0.503360
88.000000 0.400000 0.503360
88.000000 0.405000 0.503360
88.000000 0.410000 0.503360
88.000000 0.415000 0.503360
88.000000 0.420000 0.503360
88.000000 0.425000 0.503360
88.000000 0.430000 0.503360
88.000000 0.435000 0.503360
88.000000 0.440000 0.503360
88.000000 0.445000 0.503360
88.000000 0.450000 0.503360
88.000000 0.455000 0.503360
88.000000 0.460000 0.503360
88.000000 0.465000 0.503360
88.000000 0.470000 0.503360
88.000000 0.475000 0.503360
88.000000 0.480000 0.503360
88.000000 0.485000 0.503360
88.000000 0.490000 0.503360
88.000000 0.495000 0.503360
88.000000 0.500000 0.503360
88.000000 0.505000 0.503360
88.000000 0.510000 0.503360
88.000000 0.515000 0.503360
88.000000 0.520000 0.503360
88.000000 0.525000 0.503360
88.000000 0.530000 0.503360
88.000000 0.535000 0.503360
88.000000 0.540000 0.503360
88.000000 0.545000 0.503360
88.000000 0.550000 0.503360
88.000000 0.555000 0.503360
88.000000 0.560000 0.503360
88.000000 0.565000 0.503360
88.000000 0.570000 0.503360
88.000000 0.575000 0.503360
88.000000 0.580000 0.503360
88.000000 0.585000 0.503360
88.000000 0.590000 0.503360
88.000000 0.595000 0.503360
88.000000 0.600000 0.503360
88.000000 0.605000 0.503360
88.000000 0.610000 0.503360
88.000000 0.615000 0.503360
88.000000 0.620000 0.503360
88.000000 0.625000 0.503360
88.000000 0.630000 0.503360
88.000000 0.635000 0.503360
88.000000 0.640000 0.503360
88.000000 0.645000 0.503360
88.000000 0.650000 0.503360
88.000000 0.655000 0.503360
88.000000 0.660000 0.503360
88.000000 0.665000 0.503360
88.000000 0.670000 0.503360
88.000000 0.675000 0.503360
88.000000 0.680000 0.503360
88.000000 0.685000 0.503360
88.000000 0.690000 0.503360
88.000000 0.695000 0.503360
88.000000 0.700000 0.503360
88.000000 0.705000 0.503360
88.000000 0.710000 0.503360
88.000000 0.715000 0.503360
88.000000 0.720000 0.503360
88.000000 0.725000 0.503360
88.000000 0.730000 0.503360
88.000000 0.735000 0.503360
88.000000 0.740000 0.503360
88.000000 0.745000 0.503360
88.000000 0.750000 0.503360
88.000000 0.755000 0.503360
88.000000 0.760000 0.503360
88.000000 0.765000 0.503360
88.000000 0.770000 0.503360
88.000000 0.775000 0.503360
88.000000 0.780000 0.503360
88.000000 0.785000 0.503360
88.000000 0.790000 0.503360
88.000000 0.795000 0.503360
88.000000 0.800000 0.503360
88.000000 0.805000 0.503360
88.000000 0.810000 0.503360
88.000000 0.815000 0.503360
88.000000 0.820000 0.503360
88.000000 0.825000 0.503360
88.000000 0.830000 0.503360
88.000000 0.835000 0.503360
88.000000 0.840000 0.503360
88.000000 0.845000 0.503360
88.000000 0.850000 0.503360
88.000000 0.855000 0.503360
88.000000 0.860000 0.503360
88.000000 0.865000 0.503360
88.000000 0.870000 0.503360
88.000000 0.875000 0.503360
88.000000 0.880000 0.503360
88.000000 0.885000 0.503360
88.000000 0.890000 0.503360
88.000000 0.895000 0.503360
88.000000 0.900000 0.503360
88.000000 0.905000 0.503360
88.000000 0.910000 0.503360
88.000000 0.915000 0.503360
88.000000 0.920000 0.503360
88.000000 0.925000 0.503360
88.000000 0.930000 0.503360
88.000000 0.935000 0.503360
88.000000 0.940000 0.503360
88.000000 0.945000 0.503360
88.000000 0.950000 0.503360
88.000000 0.955000 0.503360
88.000000 0.960000 0.503360
88.000000 0.965000 0.503360
88.000000 0.970000 0.503360
88.000000 0.975000 0.503360
88.000000 0.980000 0.503360
88.000000 0.985000 0.503360
88.000000 0.990000 0.503360
88.000000 0.995000 0.503360
108.000000 0.000000 0.497000
108.000000 0.005000 0.497000
108.000000 0.010000 0.497000
108.000000 0.015000 0.497000
108.000000 0.020000 0.497000
108.000000 0.025000 0.497000
108.000000 0.030000 0.497000
108.000000 0.035000 0.497000
108.000000 0.040000 0.497000
108.000000 0.045000 0.497000
108.000000 0.050000 0.497000
108.000000 0.055000 0.497000
108.000000 0.060000 0.497000
108.000000 0.065000 0.497000
108.000000 0.070000 0.497000
108.000000 0.075000 0.497000
108.000000 0.080000 0.497000
108.000000 0.085000 0.497000
108.000000 0.090000 0.497000
108.000000 0.095000 0.497000
108.000000 0.100000 0.497000
108.000000 0.105000 0.497000
108.000000 0.110000 0.497000
108.000000 0.115000 0.497000
108.000000 0.120000 0.497000
108.000000 0.125000 0.497000
108.000000 0.130000 0.497000
108.000000 0.135000 0.497000
108.000000 0.140000 0.497000
108.000000 0.145000 0.497000
108.000000 0.150000 0.497000
108.000000 0.155000 0.497000
108.000000 0.160000 0.497000
108.000000 0.165000 0.497000
108.000000 0.170000 0.497000
108.000000 0.175000 0.497000
108.000000 0.180000 0.497000
108.000000 0.185000 0.497000
108.000000 0.190000 0.497000
108.000000 0.195000 0.497000
108.000000 0.200000 0.497000
108.000000 0.205000 0.497000
108.000000 0.210000 0.497000
108.000000 0.215000 0.497000
108.000000 0.220000 0.497000
108.000000 0.225000 0.497000
108.000000 0.230000 0.497000
108.000000 0.235000 0.497000
108.000000 0.240000 0.497000
108.000000 0.245000 0.497000
108.000000 0.250000 0.497000
108.000000 0.255000 0.497000
108.000000 0.260000 0.497000
108.000000 0.265000 0.497000
108.000000 0.270000 0.497000
108.000000 0.275000 0.497000
108.000000 0.280000 0.497000
108.000000 0.285000 0.497000
108.000000 0.290000 0.497000
108.000000 0.295000 0.497000
108.000000 0.300000 0.497000
108.000000 0.305000 0.497000
108.000000 0.310000 0.497000
108.000000 0.315000 0.497000
108.000000 0.320000 0.497000
108.000000 0.325000 0.497000
108.000000 0.330000 0.497000
108.000000 0.335000 0.497000
108.000000 0.340000 0.497000
108.000000 0.345000 0.497000
108.000000 0.350000 0.497000
108.000000 0.355000 0.497000
108.000000 0.360000 0.497000
108.000000 0.365000 0.497000
108.000000 0.370000 0.497000
108.000000 0.375000 0.497000
108.000000 0.380000 0.497000
108.000000 0.385000 0.497000
108.000000 0.390000 0.497000
108.000000 0.395000 0.497000
108.000000 0.400000 0.497000
108.000000 0.405000 0.497000
108.000000 0.410000 0.497000
108.000000 0.415000 0.497000
108.000000 0.420000 0.497000
108.000000 0.425000 0.497000
108.000000 0.430000 0.497000
108.000000 0.435000 0.497000
108.000000 0.440000 0.497000
108.000000 0.445000 0.497000
108.000000 0.450000 0.497000
108.000000 0.455000 0.497000
108.000000 0.460000 0.497000
108.000000 0.465000 0.497000
108.000000 0.470000 0.497000
108.000000 0.475000 0.497000
108.000000 0.480000 0.497000
108.000000 0.485000 0.497000
108.000000 0.490000 0.497000
108.000000 0.495000 0.497000
108.000000 0.500000 0.497000
108.000000 0.505000 0.497000
108.000000 0.510000 0.497000
108.000000 0.515000 0.497000
108.000000 0.520000 0.497000
108.000000 0.525000 0.497000
108.000000 0.530000 0.497000
108.000000 0.535000 0.497000
108.000000 0.540000 0.497000
108.000000 0.545000 0.497000
108.000000 0.550000 0.497000
108.000000 0.555000 0.497000
108.000000 0.560000 0.497000
108.000000 0.565000 0.497000
108.000000 0.570000 0.497000
108.000000 0.575000 0.497000
108.000000 0.580000 0.497000
108.000000 0.585000 0.497000
108.000000 0.590000 0.497000
108.000000 0.595000 0.497000
108.000000 0.600000 0.497000
108.000000 0.605000 0.497000
108.000000 0.610000 0.497000
108.000000 0.615000 0.497000
108.000000 0.620000 0.497000
108.000000 0.625000 0.497000
108.000000 0.630000 0.497000
108.000000 0.635000 0.497000
108.000000 0.640000 0.497000
108.000000 0.645000 0.497000
108.000000 0.650000 0.497000
108.000000 0.655000 0.497000
108.000000 0.660000 0.497000
108.000000 0.665000 0.497000
108.000000 0.670000 0.497000
108.000000 0.675000 0.497000
108.000000 0.680000 0.497000
108.000000 0.685000 0.497000
108.000000 0.690000 0.497000
108.000000 0.695000 0.497000
108.000000 0.700000 0.497000
108.000000 0.705000 0.497000
108.000000 0.710000 0.497000
108.000000 0.715000 0.497000
108.000000 0.720000 0.497000
108.000000 0.725000 0.497000
108.000000 0.730000 0.497000
108.000000 0.735000 0.497000
108.000000 0.740000 0.497000
108.000000 0.745000 0.497000
108.000000 0.750000 0.497000
108.000000 0.755000 0.497000
108.000000 0.760000 0.497000
108.000000 0.765000 0.497000
108.000000 0.770000 0.497000
108.000000 0.775000 0.497000
108.000000 0.780000 0.497000
108.000000 0.785000 0.497000
108.000000 0.790000 0.497000
108.000000 0.795000 0.497000
108.000000 0.800000 0.497000
108.000000 0.805000 0.497000
108.000000 0.810000 0.497000
108.000000 0.815000 0.497000
108.000000 0.820000 0.497000
108.000000 0.825000 0.497000
108.000000 0.830000 0.497000
108.000000 0.835000 0.497000
108.000000 0.840000 0.497000
108.000000 0.845000 0.497000
108.000000 0.850000 0.497000
108.000000 0.855000 0.497000
108.000000 0.860000 0.497000
108.000000 0.865000 0.497000
108.000000 0.870000 0.497000
108.000000 0.875000 0.497000
108.000000 0.880000 0.497000
108.000000 0.885000 0.497000
108.000000 0.890000 0.497000
108.000000 0.895000 0.497000
108.000000 0.900000 0.497000
108.000000 0.905000 0.497000
108.000000 0.910000 0.497000
108.000000 0.915000 0.497000
108.000000 0.920000 0.497000
108.000000 0.925000 0.497000
108.000000 0.930000 0.497000
108.000000 0.935000 0.497000
108.000000 0.940000 0.497000
108.000000 0.945000 0.497000
108.000000 0.950000 0.497000
108.000000 0.955000 0.497000
108.000000 0.960000 0.497000
108.000000 0.965000 0.497000
108.000000 0.970000 0.497000
108.000000 0.975000 0.497000
108.000000 0.980000 0.497000
108.000000 0.985000 0.497000
108.000000 0.990000 0.497000
108.000000 0.995000 0.497000
108.000000 0.000000 0.503260
108.000000 0.005000 0.503260
108.000000 0.010000 0.503260
108.000000 0.015000 0.503260
108.000000 0.020000 0.503260
108.000000 0.025000 0.503260
108.000000 0.030000 0.503260
108.000000 0.035000 0.503260
108.000000 0.040000 0.503260
108.000000 0.045000 0.503260
108.000000 0.050000 0.503260
108.000000 0.055000 0.503260
108.000000 0.060000 0.503260
108.000000 0.065000 0.503260
108.000000 0.070000 0.503260
108.000000 0.075000 0.503260
108.000000 0.080000 0.503260
108.000000 0.085000 0.503260
108.000000 0.090000 0.503260
108.000000 0.095000 0.503260
108.000000 0.100000 0.503260
108.000000 0.105000 0.503260
108.000000 0.110000 0.503260
108.000000 0.115000 0.503260
108.000000 0.120000 0.503260
108.000000 0.125000 0.503260
108.000000 0.130000 0.503260
108.000000 0.135000 0.503260
108.000000 0.140000 0.503260
108.000000 0.145000 0.503260
108.000000 0.150000 0.503260
108.000000 0.155000 0.503260
108.000000 0.160000 0.503260
108.000000 0.165000 0.503260
108.000000 0.170000 0.503260
108.000000 0.175000 0.503260
108.000000 0.180000 0.503260
108.000000 0.185000 0.503260
108.000000 0.190000 0.503260
108.000000 0.195000 0.503260
108.000000 0.200000 0.503260
108.000000 0.205000 0.503260
108.000000 0.210000 0.503260
108.000000 0.215000 0.503260
108.000000 0.220000 0.503260
108.000000 0.225000 0.503260
108.000000 0.230000 0.503260
108.000000 0.235000 0.503260
108.000000 0.240000 0.503260
108.000000 0.245000 0.503260
108.000000 0.250000 0.503260
108.000000 0.255000 0.503260
108.000000 0.260000 0.503260
108.000000 0.265000 0.503260
108.000000 0.270000 0.503260
108.000000 0.275000 0.503260
108.000000 0.280000 0.503260
108.000000 0.285000 0.503260
108.000000 0.290000 0.503260
108.000000 0.295000 0.503260
108.000000 0.300000 0.503260
108.000000 0.305000 0.503260
108.000000 0.310000 0.503260
108.000000 0.315000 0.503260
108.000000 0.320000 0.503260
108.000000 0.325000 0.503260
108.000000 0.330000 0.503260
108.000000 0.335000 0.503260
108.000000 0.340000 0.503260
108.000000 0.345000 0.503260
108.000000 0.350000 0.503260
108.000000 0.355000 0.503260
108.000000 0.360000 0.503260
108.000000 0.365000 0.503260
108.000000 0.370000 0.503260
108.000000 0.375000 0.503260
108.000000 0.380000 0.503260
108.000000 0.385000 0.503260
108.000000 0.390000 0.503260
108.000000 0.395000 0.503260
108.000000 0.400000 0.503260
108.000000 0.405000 0.503260
108.000000 0.410000 0.503260
108.000000 0.415000 0.503260
108.000000 0.420000 0.503260
108.000000 0.425000 0.503260
108.000000 0.430000 0.503260
108.000000 0.435000 0.503260
108.000000 0.440000 0.503260
108.000000 0.445000 0.503260
108.000000 0.450000 0.503260
108.000000 0.455000 0.503260
108.000000 0.460000 0.503260
108.000000 0.465000 0.503260
108.000000 0.470000 0.503260
108.000000 0.475000 0.503260
108.000000 0.480000 0.503260
108.000000 0.485000 0.503260
108.000000 0.490000 0.503260
108.000000 0.495000 0.503260
108.000000 0.500000 0.503260
108.000000 0.505000 0.503260
108.000000 0.510000 0.503260
108.000000 0.515000 0.503260
108.000000 0.520000 0.503260
108.000000 0.525000 0.503260
108.000000 0.530000 0.503260
108.000000 0.535000 0.503260
108.000000 0.540000 0.503260
108.000000 0.545000 0.503260
108.000000 0.550000 0.503260
108.000000 0.555000 0.503260
108.000000 0.560000 0.503260
108.000000 0.565000 0.503260
108.000000 0.570000 0.503260
108.000000 0.575000 0.503260
108.000000 0.580000 0.503260
108.000000 0.585000 0.503260
108.000000 0.590000 0.503260
108.000000 0.595000 0.503260
108.000000 0.600000 0.503260
108.000000 0.605000 0.503260
108.000000 0.610000 0.503260
108.000000 0.615000 0.503260
108.000000 0.620000 0.503260
108.000000 0.625000 0.503260
108.000000 0.630000 0.503260
108.000000 0.635000 0.503260
108.000000 0.640000 0.503260
108.000000 0.645000 0.503260
108.000000 0.650000 0.503260
108.000000 0.655000 0.503260
108.000000 0.660000 0.503260
108.000000 0.665000 0.503260
108.000000 0.670000 0.503260
108.000000 0.675000 0.503260
108.000000 0.680000 0.503260
108.000000 0.685000 0.503260
108.000000 0.690000 0.503260
108.000000 0.695000 0.503260
108.000000 0.700000 0.503260
108.000000 0.705000 0.503260
108.000000 0.710000 0.503260
108.000000 0.715000 0.503260
108.000000 0.720000 0.503260
108.000000 0.725000 0.503260
108.000000 0.730000 0.503260
108.000000 0.735000 0.503260
108.000000 0.740000 0.503260
108.000000 0.745000 0.503260
108.000000 0.750000 0.503260
108.000000 0.755000 0.503260
108.000000 0.760000 0.503260
108.000000 0.765000 0.503260
108.000000 0.770000 0.503260
108.000000 0.775000 0.503260
108.000000 0.780000 0.503260
108.000000 0.785000 0.503260
108.000000 0.790000 0.503260
108.000000 0.795000 0.503260
108.000000 0.800000 0.503260
108.000000 0.805000 0.503260
108.000000 0.810000 0.503260
108.000000 0.815000 0.503260
108.000000 0.820000 0.503260
108.000000 0.825000 0.503260
108.000000 0.830000 0.503260
108.000000 0.835000 0.503260
108.000000 0.840000 0.503260
108.000000 0.845000 0.503260
108.000000 0.850000 0.503260
108.000000 0.855000 0.503260
108.000000 0.860000 0.503260
108.000000 0.865000 0.503260
108.000000 0.870000 0.503260
108.000000 0.875000 0.503260
108.000000 0.880000 0.503260
108.000000 0.885000 0.503260
108.000000 0.890000 0.503260
108.000000 0.895000 0.503260
108.000000 0.900000 0.503260
108.000000 0.905000 0.503260
108.000000 0.910000 0.503260
108.000000 0.915000 0.503260
108.000000 0.920000 0.503260
108.000000 0.925000 0.503260
108.000000 0.930000 0.503260
108.000000 0.935000 0.503260
108.000000 0.940000 0.503260
108.000000 0.945000 0.503260
108.000000 0.950000 0.503260
108.000000 0.955000 0.503260
108.000000 0.960000 0.503260
108.000000 0.965000 0.503260
108.000000 0.970000 0.503260
108.000000 0.975000 0.503260
108.000000 0.980000 0.503260
108.000000 0.985000 0.503260
108.000000 0.990000 0.503260
108.000000 0.995000 0.503260
130.000000 0.000000 0.497100
130.000000 0.005000 0.497100
130.000000 0.010000 0.497100
130.000000 0.015000 0.497100
130.000000 0.020000 0.497100
130.000000 0.025000 0.497100
130.000000 0.030000 0.497100
130.000000 0.035000 0.497100
130.000000 0.040000 0.497100
130.000000 0.045000 0.497100
130.000000 0.050000 0.497100
130.000000 0.055000 0.497100
130.000000 0.060000 0.497100
130.000000 0.065000 0.497100
130.000000 0.070000 0.497100
130.000000 0.075000 0.497100
130.000000 0.080000 0.497100
130.000000 0.085000 0.497100
130.000000 0.090000 0.497100
130.000000 0.095000 0.497100
130.000000 0.100000 0.497100
130.000000 0.105000 0.497100
130.000000 0.110000 0.497100
130.000000 0.115000 0.497100
130.000000 0.120000 0.497100
130.000000 0.125000 0.497100
130.000000 0.130000 0.497100
130.000000 0.135000 0.497100
130.000000 0.140000 0.497100
130.000000 0.145000 0.497100
130.000000 0.150000 0.497100
130.000000 0.155000 0.497100
130.000000 0.160000 0.497100
130.000000 0.165000 0.497100
130.000000 0.170000 0.497100
130.000000 0.175000 0.497100
130.000000 0.180000 0.497100
130.000000 0.185000 0.497100
130.000000 0.190000 0.497100
130.000000 0.195000 0.497100
130.000000 0.200000 0.497100
130.000000 0.205000 0.497100
130.000000 0.210000 0.497100
130.000000 0.215000 0.497100
130.000000 0.220000 0.497100
130.000000 0.225000 0.497100
130.000000 0.230000 0.497100
130.000000 0.235000 0.497100
130.000000 0.240000 0.497100
130.000000 0.245000 0.497100
130.000000 0.250000 0.497100
130.000000 0.255000 0.497100
130.000000 0.260000 0.497100
130.000000 0.265000 0.497100
130.000000 0.270000 0.497100
130.000000 0.275000 0.497100
130.000000 0.280000 0.497100
130.000000 0.285000 0.497100
130.000000 0.290000 0.497100
130.000000 0.295000 0.497100
130.000000 0.300000 0.497100
130.000000 0.305000 0.497100
130.000000 0.310000 0.497100
130.000000 0.315000 0.497100
130.000000 0.320000 0.497100
130.000000 0.325000 0.497100
130.000000 0.330000 0.497100
130.000000 0.335000 0.497100
130.000000 0.340000 0.497100
130.000000 0.345000 0.497100
130.000000 0.350000 0.497100
130.000000 0.355000 0.497100
130.000000 0.360000 0.497100
130.000000 0.365000 0.497100
130.000000 0.370000 0.497100
130.000000 0.375000 0.497100
130.000000 0.380000 0.497100
130.000000 0.385000 0.497100
130.000000 0.390000 0.497100
130.000000 0.395000 0.497100
130.000000 0.400000 0.497100
130.000000 0.405000 0.497100
130.000000 0.410000 0.497100
130.000000 0.415000 0.497100
130.000000 0.420000 0.497100
130.000000 0.425000 0.497100
130.000000 0.430000 0.497100
130.000000 0.435000 0.497100
130.000000 0.440000 0.497100
130.000000 0.445000 0.497100
130.000000 0.450000 0.497100
130.000000 0.455000 0.497100
130.000000 0.460000 0.497100
130.000000 0.465000 0.497100
130.000000 0.470000 0.497100
130.000000 0.475000 0.497100
130.000000 0.480000 0.497100
130.000000 0.485000 0.497100
130.000000 0.490000 0.497100
130.000000 0.495000 0.497100
130.000000 0.500000 0.497100
130.000000 0.505000 0.497100
130.000000 0.510000 0.497100
130.000000 0.515000 0.497100
130.000000 0.520000 0.497100
130.000000 0.525000 0.497100
130.000000 0.530000 0.497100
130.000000 0.535000 0.497100
130.000000 0.540000 0.497100
130.000000 0.545000 0.497100
130.000000 0.550000 0.497100
130.000000 0.555000 0.497100
130.000000 0.560000 0.497100
130.000000 0.565000 0.497100
130.000000 0.570000 0.497100
130.000000 0.575000 0.497100
130.000000 0.580000 0.497100
130.000000 0.585000 0.497100
130.000000 0.590000 0.497100
130.000000 0.595000 0.497100
130.000000 0.600000 0.497100
130.000000 0.605000 0.497100
130.000000 0.610000 0.497100
130.000000 0.615000 0.497100
130.000000 0.620000 0.497100
130.000000 0.625000 0.497100
130.000000 0.630000 0.497100
130.000000 0.635000 0.497100
130.000000 0.640000 0.497100
130.000000 0.645000 0.497100
130.000000 0.650000 0.497100
130.000000 0.655000 0.497100
130.000000 0.660000 0.497100
130.000000 0.665000 0.497100
130.000000 0.670000 0.497100
130.000000 0.675000 0.497100
130.000000 0.680000 0.497100
130.000000 0.685000 0.497100
130.000000 0.690000 0.497100
130.000000 0.695000 0.497100
130.000000 0.700000 0.497100
130.000000 0.705000 0.497100
130.000000 0.710000 0.497100
130.000000 0.715000 0.497100
130.000000 0.720000 0.497100
130.000000 0.725000 0.497100
130.000000 0.730000 0.497100
130.000000 0.735000 0.497100
130.000000 0.740000 0.497100
130.000000 0.745000 0.497100
130.000000 0.750000 0.497100
130.000000 0.755000 0.497100
130.000000 0.760000 0.497100
130.000000 0.765000 0.497100
130.000000 0.770000 0.497100
130.000000 0.775000 0.497100
130.000000 0.780000 0.497100
130.000000 0.785000 0.497100
130.000000 0.790000 0.497100
130.000000 0.795000 0.497100
130.000000 0.800000 0.497100
130.000000 0.805000 0.497100
130.000000 0.810000 0.497100
130.000000 0.815000 0.497100
130.000000 0.820000 0.497100
130.000000 0.825000 0.497100
130.000000 0.830000 0.497100
130.000000 0.835000 0.497100
130.000000 0.840000 0.497100
130.000000 0.845000 0.497100
130.000000 0.850000 0.497100
130.000000 0.855000 0.497100
130.000000 0.860000 0.497100
130.000000 0.865000 0.497100
130.000000 0.870000 0.497100
130.000000 0.875000 0.497100
130.000000 0.880000 0.497100
130.000000 0.885000 0.497100
130.000000 0.890000 0.497100
130.000000 0.895000 0.497100
130.000000 0.900000 0.497100
130.000000 0.905000 0.497100
130.000000 0.910000 0.497100
130.000000 0.915000 0.497100
130.000000 0.920000 0.497100
130.000000 0.925000 0.497100
130.000000 0.930000 0.497100
130.000000 0.935000 0.497100
130.000000 0.940000 0.497100
130.000000 0.945000 0.497100
130.000000 0.950000 0.497100
130.000000 0.955000 0.497100
130.000000 0.960000 0.497100
130.000000 0.965000 0.497100
130.000000 0.970000 0.497100
130.000000 0.975000 0.497100
130.000000 0.980000 0.497100
130.000000 0.985000 0.497100
130.000000 0.990000 0.497100
130.000000 0.995000 0.497100
130.000000 0.000000 0.503160
130.000000 0.005000 0.503160
130.000000 0.010000 0.503160
130.000000 0.015000 0.503160
130.000000 0.020000 0.503160
130.000000 0.025000 0.503160
130.000000 0.030000 0.503160
130.000000 0.035000 0.503160
130.000000 0.040000 0.503160
130.000000 0.045000 0.503160
130.000000 0.050000 0.503160
130.000000 0.055000 0.503160
130.000000 0.060000 0.503160
130.000000 0.065000 0.503160
130.000000 0.070000 0.503160
130.000000 0.075000 0.503160
130.000000 0.080000 0.503160
130.000000 0.085000 0.503160
130.000000 0.090000 0.503160
130.000000 0.095000 0.503160
130.000000 0.100000 0.503160
130.000000 0.105000 0.503160
130.000000 0.110000 0.503160
130.000000 0.115000 0.503160
130.000000 0.120000 0.503160
130.000000 0.125000 0.503160
130.000000 0.130000 0.503160
130.000000 0.135000 0.503160
130.000000 0.140000 0.503160
130.000000 0.145000 0.503160
130.000000 0.150000 0.503160
130.000000 0.155000 0.503160
130.000000 0.160000 0.503160
130.000000 0.165000 0.503160
130.000000 0.170000 0.503160
130.000000 0.175000 0.503160
130.000000 0.180000 0.503160
130.000000 0.185000 0.503160
130.000000 0.190000 0.503160
130.000000 0.195000 0.503160
130.000000 0.200000 0.503160
130.000000 0.205000 0.503160
130.000000 0.210000 0.503160
130.000000 0.215000 0.503160
130.000000 0.220000 0.503160
130.000000 0.225000 0.503160
130.000000 0.230000 0.503160
130.000000 0.235000 0.503160
130.000000 0.240000 0.503160
130.000000 0.245000 0.503160
130.000000 0.250000 0.503160
130.000000 0.255000 0.503160
130.000000 0.260000 0.503160
130.000000 0.265000 0.503160
130.000000 0.270000 0.503160
130.000000 0.275000 0.503160
130.000000 0.280000 0.503160
130.000000 0.285000 0.503160
130.000000 0.290000 0.503160
130.000000 0.295000 0.503160
130.000000 0.300000 0.503160
130.000000 0.305000 0.503160
130.000000 0.310000 0.503160
130.000000 0.315000 0.503160
130.000000 0.320000 0.503160
130.000000 0.325000 0.503160
130.000000 0.330000 0.503160
130.000000 0.335000 0.503160
130.000000 0.340000 0.503160
130.000000 0.345000 0.503160
130.000000 0.350000 0.503160
130.000000 0.355000 0.503160
130.000000 0.360000 0.503160
130.000000 0.365000 0.503160
130.000000 0.370000 0.503160
130.000000 0.375000 0.503160
130.000000 0.380000 0.503160
130.000000 0.385000 0.503160
130.000000 0.390000 0.503160
130.000000 0.395000 0.503160
130.000000 0.400000 0.503160
130.000000 0.405000 0.503160
130.000000 0.410000 0.503160
130.000000 0.415000 0.503160
130.000000 0.420000 0.503160
130.000000 0.425000 0.503160
130.000000 0.430000 0.503160
130.000000 0.435000 0.503160
130.000000 0.440000 0.503160
130.000000 0.445000 0.503160
130.000000 0.450000 0.503160
130.000000 0.455000 0.503160
130.000000 0.460000 0.503160
130.000000 0.465000 0.503160
130.000000 0.470000 0.503160
130.000000 0.475000 0.503160
130.000000 0.480000 0.503160
130.000000 0.485000 0.503160
130.000000 0.490000 0.503160
130.000000 0.495000 0.503160
130.000000 0.500000 0.503160
130.000000 0.505000 0.503160
130.000000 0.510000 0.503160
130.000000 0.515000 0.503160
130.000000 0.520000 0.503160
130.000000 0.525000 0.503160
130.000000 0.530000 0.503160
130.000000 0.535000 0.503160
130.000000 0.540000 0.503160
130.000000 0.545000 0.503160
130.000000 0.550000 0.503160
130.000000 0.555000 0.503160
130.000000 0.560000 0.503160
130.000000 0.565000 0.503160
130.000000 0.570000 0.503160
130.000000 0.575000 0.503160
130.000000 0.580000 0.503160
130.000000 0.585000 0.503160
130.000000 0.590000 0.503160
130.000000 0.595000 0.503160
130.000000 0.600000 0.503160
130.000000 0.605000 0.503160
130.000000 0.610000 0.503160
130.000000 0.615000 0.503160
130.000000 0.620000 0.503160
130.000000 0.625000 0.503160
130.000000 0.630000 0.503160
130.000000 0.635000 0.503160
130.000000 0.640000 0.503160
130.000000 0.645000 0.503160
130.000000 0.650000 0.503160
130.000000 0.655000 0.503160
130.000000 0.660000 0.503160
130.000000 0.665000 0.503160
130.000000 0.670000 0.503160
130.000000 0.675000 0.503160
130.000000 0.680000 0.503160
130.000000 0.685000 0.503160
130.000000 0.690000 0.503160
130.000000 0.695000 0.503160
130.000000 0.700000 0.503160
130.000000 0.705000 0.503160
130.000000 0.710000 0.503160
130.000000 0.715000 0.503160
130.000000 0.720000 0.503160
130.000000 0.725000 0.503160
130.000000 0.730000 0.503160
130.000000 0.735000 0.503160
130.000000 0.740000 0.503160
130.000000 0.745000 0.503160
130.000000 0.750000 0.503160
130.000000 0.755000 0.503160
130.000000 0.760000 0.503160
130.000000 0.765000 0.503160
130.000000 0.770000 0.503160
130.000000 0.775000 0.503160
130.000000 0.780000 0.503160
130.000000 0.785000 0.503160
130.000000 0.790000 0.503160
130.000000 0.795000 0.503160
130.000000 0.800000 0.503160
130.000000 0.805000 0.503160
130.000000 0.810000 0.503160
130.000000 0.815000 0.503160
130.000000 0.820000 0.503160
130.000000 0.825000 0.503160
130.000000 0.830000 0.503160
130.000000 0.835000 0.503160
130.000000 0.840000 0.503160
130.000000 0.845000 0.503160
130.000000 0.850000 0.503160
130.000000 0.855000 0.503160
130.000000 0.860000 0.503160
130.000000 0.865000 0.503160
130.000000 0.870000 0.503160
130.000000 0.875000 0.503160
130.000000 0.880000 0.503160
130.000000 0.885000 0.503160
130.000000 0.890000 0.503160
130.000000 0.895000 0.503160
130.000000 0.900000 0.503160
130.000000 0.905000 0.503160
130.000000 0.910000 0.503160
130.000000 0.915000 0.503160
130.000000 0.920000 0.503160
130.000000 0.925000 0.503160
130.000000 0.930000 0.503160
130.000000 0.935000 0.503160
130.000000 0.940000 0.503160
130.000000 0.945000 0.503160
130.000000 0.950000 0.503160
130.000000 0.955000 0.503160
130.000000 0.960000 0.503160
130.000000 0.965000 0.503160
130.000000 0.970000 0.503160
130.000000 0.975000 0.503160
130.000000 0.980000 0.503160
130.000000 0.985000 0.503160
130.000000 0.990000 0.503160
130.000000 0.995000 0.503160
154.000000 0.000000 0.497200
154.000000 0.005000 0.497200
154.000000 0.010000 0.497200
154.000000 0.015000 0.497200
154.000000 0.020000 0.497200
154.000000 0.025000 0.497200
154.000000 0.030000 0.497200
154.000000 0.035000 0.497200
154.000000 0.040000 0.497200
154.000000 0.045000 0.497200
154.000000 0.050000 0.497200
154.000000 0.055000 0.497200
154.000000 0.060000 0.497200
154.000000 0.065000 0.497200
154.000000 0.070000 0.497200
154.000000 0.075000 0.497200
154.000000 0.080000 0.497200
154.000000 0.085000 0.497200
154.000000 0.090000 0.497200
154.000000 0.095000 0.497200
154.000000 0.100000 0.497200
154.000000 0.105000 0.497200
154.000000 0.110000 0.497200
154.000000 0.115000 0.497200
154.000000 0.120000 0.497200
154.000000 0.125000 0.497200
154.000000 0.130000 0.497200
154.000000 0.135000 0.497200
154.000000 0.140000 0.497200
154.000000 0.145000 0.497200
154.000000 0.150000 0.497200
154.000000 0.155000 0.497200
154.000000 0.160000 0.497200
154.000000 0.165000 0.497200
154.000000 0.170000 0.497200
154.000000 0.175000 0.497200
154.000000 0.180000 0.497200
154.000000 0.185000 0.497200
154.000000 0.190000 0.497200
154.000000 0.195000 0.497200
154.000000 0.200000 0.497200
154.000000 0.205000 0.497200
154.000000 0.210000 0.497200
154.000000 0.215000 0.497200
154.000000 0.220000 0.497200
154.000000 0.225000 0.497200
154.000000 0.230000 0.497200
154.000000 0.235000 0.497200
154.000000 0.240000 0.497200
154.000000 0.245000 0.497200
154.000000 0.250000 0.497200
154.000000 0.255000 0.497200
154.000000 0.260000 0.497200
154.000000 0.265000 0.497200
154.000000 0.270000 0.497200
154.000000 0.275000 0.497200
154.000000 0.280000 0.497200
154.000000 0.285000 0.497200
154.000000 0.290000 0.497200
154.000000 0.295000 0.497200
154.000000 0.300000 0.497200
154.000000 0.305000 0.497200
154.000000 0.310000 0.497200
154.000000 0.315000 0.497200
154.000000 0.320000 0.497200
154.000000 0.325000 0.497200
154.000000 0.330000 0.497200
154.000000 0.335000 0.497200
154.000000 0.340000 0.497200
154.000000 0.345000 0.497200
154.000000 0.350000 0.497200
154.000000 0.355000 0.497200
154.000000 0.360000 0.497200
154.000000 0.365000 0.497200
154.000000 0.370000 0.497200
154.000000 0.375000 0.497200
154.000000 0.380000 0.497200
154.000000 0.385000 0.497200
154.000000 0.390000 0.497200
154.000000 0.395000 0.497200
154.000000 0.400000 0.497200
154.000000 0.405000 0.497200
154.000000 0.410000 0.497200
154.000000 0.415000 0.497200
154.000000 0.420000 0.497200
154.000000 0.425000 0.497200
154.000000 0.430000 0.497200
154.000000 0.435000 0.497200
154.000000 0.440000 0.497200
154.000000 0.445000 0.497200
154.000000 0.450000 0.497200
154.000000 0.455000 0.497200
154.000000 0.460000 0.497200
154.000000 0.465000 0.497200
154.000000 0.470000 0.497200
154.000000 0.475000 0.497200
154.000000 0.480000 0.497200
154.000000 0.485000 0.497200
154.000000 0.490000 0.497200
154.000000 0.495000 0.497200
154.000000 0.500000 0.497200
154.000000 0.505000 0.497200
154.000000 0.510000 0.497200
154.000000 0.515000 0.497200
154.000000 0.520000 0.497200
154.000000 0.525000 0.497200
154.000000 0.530000 0.497200
154.000000 0.535000 0.497200
154.000000 0.540000 0.497200
154.000000 0.545000 0.497200
154.000000 0.550000 0.497200
154.000000 0.555000 0.497200
154.000000 0.560000 0.497200
154.000000 0.565000 0.497200
154.000000 0.570000 0.497200
154.000000 0.575000 0.497200
154.000000 0.580000 0.497200
154.000000 0.585000 0.497200
154.000000 0.590000 0.497200
154.000000 0.595000 0.497200
154.000000 0.600000 0.497200
154.000000 0.605000 0.497200
154.000000 0.610000 0.497200
154.000000 0.615000 0.497200
154.000000 0.620000 0.497200
154.000000 0.625000 0.497200
154.000000 0.630000 0.497200
154.000000 0.635000 0.497200
154.000000 0.640000 0.497200
154.000000 0.645000 0.497200
154.000000 0.650000 0.497200
154.000000 0.655000 0.497200
154.000000 0.660000 0.497200
154.000000 0.665000 0.497200
154.000000 0.670000 0.497200
154.000000 0.675000 0.497200
154.000000 0.680000 0.497200
154.000000 0.685000 0.497200
154.000000 0.690000 0.497200
154.000000 0.695000 0.497200
154.000000 0.700000 0.497200
154.000000 0.705000 0.497200
154.000000 0.710000 0.497200
154.000000 0.715000 0.497200
154.000000 0.720000 0.497200
154.000000 0.725000 0.497200
154.000000 0.730000 0.497200
154.000000 0.735000 0.497200
154.000000 0.740000 0.497200
154.000000 0.745000 0.497200
154.000000 0.750000 0.497200
154.000000 0.755000 0.497200
154.000000 0.760000 0.497200
154.000000 0.765000 0.497200
154.000000 0.770000 0.497200
154.000000 0.775000 0.497200
154.000000 0.780000 0.497200
154.000000 0.785000 0.497200
154.000000 0.790000 0.497200
154.000000 0.795000 0.497200
154.000000 0.800000 0.497200
154.000000 0.805000 0.497200
154.000000 0.810000 0.497200
154.000000 0.815000 0.497200
154.000000 0.820000 0.497200
154.000000 0.825000 0.497200
154.000000 0.830000 0.497200
154.000000 0.835000 0.497200
154.000000 0.840000 0.497200
154.000000 0.845000 0.497200
154.000000 0.850000 0.497200
154.000000 0.855000 0.497200
154.000000 0.860000 0.497200
154.000000 0.865000 0.497200
154.000000 0.870000 0.497200
154.000000 0.875000 0.497200
154.000000 0.880000 0.497200
154.000000 0.885000 0.497200
154.000000 0.890000 0.497200
154.000000 0.895000 0.497200
154.000000 0.900000 0.497200
154.000000 0.905000 0.497200
154.000000 0.910000 0.497200
154.000000 0.915000 0.497200
154.000000 0.920000 0.497200
154.000000 0.925000 0.497200
154.000000 0.930000 0.497200
154.000000 0.935000 0.497200
154.000000 0.940000 0.497200
154.000000 0.945000 0.497200
154.000000 0.950000 0.497200
154.000000 0.955000 0.497200
154.000000 0.960000 0.497200
154.000000 0.965000 0.497200
154.000000 0.970000 0.497200
154.000000 0.975000 0.497200
154.000000 0.980000 0.497200
154.000000 0.985000 0.497200
154.000000 0.990000 0.497200
154.000000 0.995000 0.497200
154.000000 0.000000 0.503060
154.000000 0.005000 0.503060
154.000000 0.010000 0.503060
154.000000 0.015000 0.503060
154.000000 0.020000 0.503060
154.000000 0.025000 0.503060
154.000000 0.030000 0.503060
154.000000 0.035000 0.503060
154.000000 0.040000 0.503060
154.000000 0.045000 0.503060
154.000000 0.050000 0.503060
154.000000 0.055000 0.503060
154.000000 0.060000 0.503060
154.000000 0.065000 0.503060
154.000000 0.070000 0.503060
154.000000 0.075000 0.503060
154.000000 0.080000 0.503060
154.000000 0.085000 0.503060
154.000000 0.090000 0.503060
154.000000 0.095000 0.503060
154.000000 0.100000 0.503060
154.000000 0.105000 0.503060
154.000000 0.110000 0.503060
154.000000 0.115000 0.503060
154.000000 0.120000 0.503060
154.000000 0.125000 0.503060
154.000000 0.130000 0.503060
154.000000 0.135000 0.503060
154.000000 0.140000 0.503060
154.000000 0.145000 0.503060
154.000000 0.150000 0.503060
154.000000 0.155000 0.503060
154.000000 0.160000 0.503060
154.000000 0.165000 0.503060
154.000000 0.170000 0.503060
154.000000 0.175000 0.503060
154.000000 0.180000 0.503060
154.000000 0.185000 0.503060
154.000000 0.190000 0.503060
154.000000 0.195000 0.503060
154.000000 0.200000 0.503060
154.000000 0.205000 0.503060
154.000000 0.210000 0.503060
154.000000 0.215000 0.503060
154.000000 0.220000 0.503060
154.000000 0.225000 0.503060
154.000000 0.230000 0.503060
154.000000 0.235000 0.503060
154.000000 0.240000 0.503060
154.000000 0.245000 0.503060
154.000000 0.250000 0.503060
154.000000 0.255000 0.503060
154.000000 0.260000 0.503060
154.000000 0.265000 0.503060
154.000000 0.270000 0.503060
154.000000 0.275000 0.503060
154.000000 0.280000 0.503060
154.000000 0.285000 0.503060
154.000000 0.290000 0.503060
154.000000 0.295000 0.503060
154.000000 0.300000 0.503060
154.000000 0.305000 0.503060
154.000000 0.310000 0.503060
154.000000 0.315000 0.503060
154.000000 0.320000 0.503060
154.000000 0.325000 0.503060
154.000000 0.330000 0.503060
154.000000 0.335000 0.503060
154.000000 0.340000 0.503060
154.000000 0.345000 0.503060
154.000000 0.350000 0.503060
154.000000 0.355000 0.503060
154.000000 0.360000 0.503060
154.000000 0.365000 0.503060
154.000000 0.370000 0.503060
154.000000 0.375000 0.503060
154.000000 0.380000 0.503060
154.000000 0.385000 0.503060
154.000000 0.390000 0.503060
154.000000 0.395000 0.503060
154.000000 0.400000 0.503060
154.000000 0.405000 0.503060
154.000000 0.410000 0.503060
154.000000 0.415000 0.503060
154.000000 0.420000 0.503060
154.000000 0.425000 0.503060
154.000000 0.430000 0.503060
154.000000 0.435000 0.503060
154.000000 0.440000 0.503060
154.000000 0.445000 0.503060
154.000000 0.450000 0.503060
154.000000 0.455000 0.503060
154.000000 0.460000 0.503060
154.000000 0.465000 0.503060
154.000000 0.470000 0.503060
154.000000 0.475000 0.503060
154.000000 0.480000 0.503060
154.000000 0.485000 0.503060
154.000000 0.490000 0.503060
154.000000 0.495000 0.503060
154.000000 0.500000 0.503060
154.000000 0.505000 0.503060
154.000000 0.510000 0.503060
154.000000 0.515000 0.503060
154.000000 0.520000 0.503060
154.000000 0.525000 0.503060
154.000000 0.530000 0.503060
154.000000 0.535000 0.503060
154.000000 0.540000 0.503060
154.000000 0.545000 0.503060
154.000000 0.550000 0.503060
154.000000 0.555000 0.503060
154.000000 0.560000 0.503060
154.000000 0.565000 0.503060
154.000000 0.570000 0.503060
154.000000 0.575000 0.503060
154.000000 0.580000 0.503060
154.000000 0.585000 0.503060
154.000000 0.590000 0.503060
154.000000 0.595000 0.503060
154.000000 0.600000 0.503060
154.000000 0.605000 0.503060
154.000000 0.610000 0.503060
154.000000 0.615000 0.503060
154.000000 0.620000 0.503060
154.000000 0.625000 0.503060
154.000000 0.630000 0.503060
154.000000 0.635000 0.503060
154.000000 0.640000 0.503060
154.000000 0.645000 0.503060
154.000000 0.650000 0.503060
154.000000 0.655000 0.503060
154.000000 0.660000 0.503060
154.000000 0.665000 0.503060
154.000000 0.670000 0.503060
154.000000 0.675000 0.503060
154.000000 0.680000 0.503060
154.000000 0.685000 0.503060
154.000000 0.690000 0.503060
154.000000 0.695000 0.503060
154.000000 0.700000 0.503060
154.000000 0.705000 0.503060
154.000000 0.710000 0.503060
154.000000 0.715000 0.503060
154.000000 0.720000 0.503060
154.000000 0.725000 0.503060
154.000000 0.730000 0.503060
154.000000 0.735000 0.503060
154.000000 0.740000 0.503060
154.000000 0.745000 0.503060
154.000000 0.750000 0.503060
154.000000 0.755000 0.503060
154.000000 0.760000 0.503060
154.000000 0.765000 0.503060
154.000000 0.770000 0.503060
154.000000 0.775000 0.503060
154.000000 0.780000 0.503060
154.000000 0.785000 0.503060
154.000000 0.790000 0.503060
154.000000 0.795000 0.503060
154.000000 0.800000 0.503060
154.000000 0.805000 0.503060
154.000000 0.810000 0.503060
154.000000 0.815000 0.503060
154.000000 0.820000 0.503060
154.000000 0.825000 0.503060
154.000000 0.830000 0.503060
154.000000 0.835000 0.503060
154.000000 0.840000 0.503060
154.000000 0.845000 0.503060
154.000000 0.850000 0.503060
154.000000 0.855000 0.503060
154.000000 0.860000 0.503060
154.000000 0.865000 0.503060
154.000000 0.870000 0.503060
154.000000 0.875000 0.503060
154.000000 0.880000 0.503060
154.000000 0.885000 0.503060
154.000000 0.890000 0.503060
154.000000 0.895000 0.503060
154.000000 0.900000 0.503060
154.000000 0.905000 0.503060
154.000000 0.910000 0.503060
154.000000 0.915000 0.503060
154.000000 0.920000 0.503060
154.000000 0.925000 0.503060
154.000000 0.930000 0.503060
154.000000 0.935000 0.503060
154.000000 0.940000 0.503060
154.000000 0.945000 0.503060
154.000000 0.950000 0.503060
154.000000 0.955000 0.503060
154.000000 0.960000 0.503060
154.000000 0.965000 0.503060
154.000000 0.970000 0.503060
154.000000 0.975000 0.503060
154.000000 0.980000 0.503060
154.000000 0.985000 0.503060
154.000000 0.990000 0.503060
154.000000 0.995000 0.503060
180.000000 0.000000 0.497300
180.000000 0.005000 0.497300
180.000000 0.010000 0.497300
180.000000 0.015000 0.497300
180.000000 0.020000 0.497300
180.000000 0.025000 0.497300
180.000000 0.030000 0.497300
180.000000 0.035000 0.497300
180.000000 0.040000 0.497300
180.000000 0.045000 0.497300
180.000000 0.050000 0.497300
180.000000 0.055000 0.497300
180.000000 0.060000 0.497300
180.000000 0.065000 0.497300
180.000000 0.070000 0.497300
180.000000 0.075000 0.497300
180.000000 0.080000 0.497300
180.000000 0.085000 0.497300
180.000000 0.090000 0.497300
180.000000 0.095000 0.497300
180.000000 0.100000 0.497300
180.000000 0.105000 0.497300
180.000000 0.110000 0.497300
180.000000 0.115000 0.497300
180.000000 0.120000 0.497300
180.000000 0.125000 0.497300
180.000000 0.130000 0.497300
180.000000 0.135000 0.497300
180.000000 0.140000 0.497300
180.000000 0.145000 0.497300
180.000000 0.150000 0.497300
180.000000 0.155000 0.497300
180.000000 0.160000 0.497300
180.000000 0.165000 0.497300
180.000000 0.170000 0.497300
180.000000 0.175000 0.497300
180.000000 0.180000 0.497300
180.000000 0.185000 0.497300
180.000000 0.190000 0.497300
180.000000 0.195000 0.497300
180.000000 0.200000 0.497300
180.000000 0.205000 0.497300
180.000000 0.210000 0.497300
180.000000 0.215000 0.497300
180.000000 0.220000 0.497300
180.000000 0.225000 0.497300
180.000000 0.230000 0.497300
180.000000 0.235000 0.497300
180.000000 0.240000 0.497300
180.000000 0.245000 0.497300
180.000000 0.250000 0.497300
180.000000 0.255000 0.497300
180.000000 0.260000 0.497300
180.000000 0.265000 0.497300
180.000000 0.270000 0.497300
180.000000 0.275000 0.497300
180.000000 0.280000 0.497300
180.000000 0.285000 0.497300
180.000000 0.290000 0.497300
180.000000 0.295000 0.497300
180.000000 0.300000 0.497300
180.000000 0.305000 0.497300
180.000000 0.310000 0.497300
180.000000 0.315000 0.497300
180.000000 0.320000 0.497300
180.000000 0.325000 0.497300
180.000000 0.330000 0.497300
180.000000 0.335000 0.497300
180.000000 0.340000 0.497300
180.000000 0.345000 0.497300
180.000000 0.350000 0.497300
180.000000 0.355000 0.497300
180.000000 0.360000 0.497300
180.000000 0.365000 0.497300
180.000000 0.370000 0.497300
180.000000 0.375000 0.497300
180.000000 0.380000 0.497300
180.000000 0.385000 0.497300
180.000000 0.390000 0.497300
180.000000 0.395000 0.497300
180.000000 0.400000 0.497300
180.000000 0.405000 0.497300
180.000000 0.410000 0.497300
180.000000 0.415000 0.497300
180.000000 0.420000 0.497300
180.000000 0.425000 0.497300
180.000000 0.430000 0.497300
180.000000 0.435000 0.497300
180.000000 0.440000 0.497300
180.000000 0.445000 0.497300
180.000000 0.450000 0.497300
180.000000 0.455000 0.497300
180.000000 0.460000 0.497300
180.000000 0.465000 0.497300
180.000000 0.470000 0.497300
180.000000 0.475000 0.497300
180.000000 0.480000 0.497300
180.000000 0.485000 0.497300
180.000000 0.490000 0.497300
180.000000 0.495000 0.497300
180.000000 0.500000 0.497300
180.000000 0.505000 0.497300
180.000000 0.510000 0.497300
180.000000 0.515000 0.497300
180.000000 0.520000 0.497300
180.000000 0.525000 0.497300
180.000000 0.530000 0.497300
180.000000 0.535000 0.497300
180.000000 0.540000 0.497300
180.000000 0.545000 0.497300
180.000000 0.550000 0.497300
180.000000 0.555000 0.497300
180.000000 0.560000 0.497300
180.000000 0.565000 0.497300
180.000000 0.570000 0.497300
180.000000 0.575000 0.497300
180.000000 0.580000 0.497300
180.000000 0.585000 0.497300
180.000000 0.590000 0.497300
180.000000 0.595000 0.497300
180.000000 0.600000 0.497300
180.000000 0.605000 0.497300
180.000000 0.610000 0.497300
180.000000 0.615000 0.497300
180.000000 0.620000 0.497300
180.000000 0.625000 0.497300
180.000000 0.630000 0.497300
180.000000 0.635000 0.497300
180.000000 0.640000 0.497300
180.000000 0.645000 0.497300
180.000000 0.650000 0.497300
180.000000 0.655000 0.497300
180.000000 0.660000 0.497300
180.000000 0.665000 0.497300
180.000000 0.670000 0.497300
180.000000 0.675000 0.497300
180.000000 0.680000 0.497300
180.000000 0.685000 0.497300
180.000000 0.690000 0.497300
180.000000 0.695000 0.497300
180.000000 0.700000 0.497300
180.000000 0.705000 0.497300
180.000000 0.710000 0.497300
180.000000 0.715000 0.497300
180.000000 0.720000 0.497300
180.000000 0.725000 0.497300
180.000000 0.730000 0.497300
180.000000 0.735000 0.497300
180.000000 0.740000 0.497300
180.000000 0.745000 0.497300
180.000000 0.750000 0.497300
180.000000 0.755000 0.497300
180.000000 0.760000 0.497300
180.000000 0.765000 0.497300
180.000000 0.770000 0.497300
180.000000 0.775000 0.497300
180.000000 0.780000 0.497300
180.000000 0.785000 0.497300
180.000000 0.790000 0.497300
180.000000 0.795000 0.497300
180.000000 0.800000 0.497300
180.000000 0.805000 0.497300
180.000000 0.810000 0.497300
180.000000 0.815000 0.497300
180.000000 0.820000 0.497300
180.000000 0.825000 0.497300
180.000000 0.830000 0.497300
180.000000 0.835000 0.497300
180.000000 0.840000 0.497300
180.000000 0.845000 0.497300
180.000000 0.850000 0.497300
180.000000 0.855000 0.497300
180.000000 0.860000 0.497300
180.000000 0.865000 0.497300
180.000000 0.870000 0.497300
180.000000 0.875000 0.497300
180.000000 0.880000 0.497300
180.000000 0.885000 0.497300
180.000000 0.890000 0.497300
180.000000 0.895000 0.497300
180.000000 0.900000 0.497300
180.000000 0.905000 0.497300
180.000000 0.910000 0.497300
180.000000 0.915000 0.497300
180.000000 0.920000 0.497300
180.000000 0.925000 0.497300
180.000000 0.930000 0.497300
180.000000 0.935000 0.497300
180.000000 0.940000 0.497300
180.000000 0.945000 0.497300
180.000000 0.950000 0.497300
180.000000 0.955000 0.497300
180.000000 0.960000 0.497300
180.000000 0.965000 0.497300
180.000000 0.970000 0.497300
180.000000 0.975000 0.497300
180.000000 0.980000 0.497300
180.000000 0.985000 0.497300
180.000000 0.990000 0.497300
180.000000 0.995000 0.497300
180.000000 0.000000 0.502960
180.000000 0.005000 0.502960
180.000000 0.010000 0.502960
180.000000 0.015000 0.502960
180.000000 0.020000 0.502960
180.000000 0.025000 0.502960
180.000000 0.030000 0.502960
180.000000 0.035000 0.502960
180.000000 0.040000 0.502960
180.000000 0.045000 0.502960
180.000000 0.050000 0.502960
180.000000 0.055000 0.502960
180.000000 0.060000 0.502960
180.000000 0.065000 0.502960
180.000000 0.070000 0.502960
180.000000 0.075000 0.502960
180.000000 0.080000 0.502960
180.000000 0.085000 0.502960
180.000000 0.090000 0.502960
180.000000 0.095000 0.502960
180.000000 0.100000 0.502960
180.000000 0.105000 0.502960
180.000000 0.110000 0.502960
180.000000 0.115000 0.502960
180.000000 0.120000 0.502960
180.000000 0.125000 0.502960
180.000000 0.130000 0.502960
180.000000 0.135000 0.502960
180.000000 0.140000 0.502960
180.000000 0.145000 0.502960
180.000000 0.150000 0.502960
180.000000 0.155000 0.502960
180.000000 0.160000 0.502960
180.000000 0.165000 0.502960
180.000000 0.170000 0.502960
180.000000 0.175000 0.502960
180.000000 0.180000 0.502960
180.000000 0.185000 0.502960
180.000000 0.190000 0.502960
180.000000 0.195000 0.502960
180.000000 0.200000 0.502960
180.000000 0.205000 0.502960
180.000000 0.210000 0.502960
180.000000 0.215000 0.502960
180.000000 0.220000 0.502960
180.000000 0.225000 0.502960
180.000000 0.230000 0.502960
180.000000 0.235000 0.502960
180.000000 0.240000 0.502960
180.000000 0.245000 0.502960
180.000000 0.250000 0.502960
180.000000 0.255000 0.502960
180.000000 0.260000 0.502960
180.000000 0.265000 0.502960
180.000000 0.270000 0.502960
180.000000 0.275000 0.502960
180.000000 0.280000 0.502960
180.000000 0.285000 0.502960
180.000000 0.290000 0.502960
180.000000 0.295000 0.502960
180.000000 0.300000 0.502960
180.000000 0.305000 0.502960
180.000000 0.310000 0.502960
180.000000 0.315000 0.502960
180.000000 0.320000 0.502960
180.000000 0.325000 0.502960
180.000000 0.330000 0.502960
180.000000 0.335000 0.502960
180.000000 0.340000 0.502960
180.000000 0.345000 0.502960
180.000000 0.350000 0.502960
180.000000 0.355000 0.502960
180.000000 0.360000 0.502960
180.000000 0.365000 0.502960
180.000000 0.370000 0.502960
180.000000 0.375000 0.502960
180.000000 0.380000 0.502960
180.000000 0.385000 0.502960
180.000000 0.390000 0.502960
180.000000 0.395000 0.502960
180.000000 0.400000 0.502960
180.000000 0.405000 0.502960
180.000000 0.410000 0.502960
180.000000 0.415000 0.502960
180.000000 0.420000 0.502960
180.000000 0.425000 0.502960
180.000000 0.430000 0.502960
180.000000 0.435000 0.502960
180.000000 0.440000 0.502960
180.000000 0.445000 0.502960
180.000000 0.450000 0.502960
180.000000 0.455000 0.502960
180.000000 0.460000 0.502960
180.000000 0.465000 0.502960
180.000000 0.470000 0.502960
180.000000 0.475000 0.502960
180.000000 0.480000 0.502960
180.000000 0.485000 0.502960
180.000000 0.490000 0.502960
180.000000 0.495000 0.502960
180.000000 0.500000 0.502960
180.000000 0.505000 0.502960
180.000000 0.510000 0.502960
180.000000 0.515000 0.502960
180.000000 0.520000 0.502960
180.000000 0.525000 0.502960
180.000000 0.530000 0.502960
180.000000 0.535000 0.502960
180.000000 0.540000 0.502960
180.000000 0.545000 0.502960
180.000000 0.550000 0.502960
180.000000 0.555000 0.502960
180.000000 0.560000 0.502960
180.000000 0.565000 0.502960
180.000000 0.570000 0.502960
180.000000 0.575000 0.502960
180.000000 0.580000 0.502960
180.000000 0.585000 0.502960
180.000000 0.590000 0.502960
180.000000 0.595000 0.502960
180.000000 0.600000 0.502960
180.000000 0.605000 0.502960
180.000000 0.610000 0.502960
180.000000 0.615000 0.502960
180.000000 0.620000 0.502960
180.000000 0.625000 0.502960
180.000000 0.630000 0.502960
180.000000 0.635000 0.502960
180.000000 0.640000 0.502960
180.000000 0.645000 0.502960
180.000000 0.650000 0.502960
180.000000 0.655000 0.502960
180.000000 0.660000 0.502960
180.000000 0.665000 0.502960
180.000000 0.670000 0.502960
180.000000 0.675000 0.502960
180.000000 0.680000 0.502960
180.000000 0.685000 0.502960
180.000000 0.690000 0.502960
180.000000 0.695000 0.502960
180.000000 0.700000 0.502960
180.000000 0.705000 0.502960
180.000000 0.710000 0.502960
180.000000 0.715000 0.502960
180.000000 0.720000 0.502960
180.000000 0.725000 0.502960
180.000000 0.730000 0.502960
180.000000 0.735000 0.502960
180.000000 0.740000 0.502960
180.000000 0.745000 0.502960
180.000000 0.750000 0.502960
180.000000 0.755000 0.502960
180.000000 0.760000 0.502960
180.000000 0.765000 0.502960
180.000000 0.770000 0.502960
180.000000 0.775000 0.502960
180.000000 0.780000 0.502960
180.000000 0.785000 0.502960
180.000000 0.790000 0.502960
180.000000 0.795000 0.502960
180.000000 0.800000 0.502960
180.000000 0.805000 0.502960
180.000000 0.810000 0.502960
180.000000 0.815000 0.502960
180.000000 0.820000 0.502960
180.000000 0.825000 0.502960
180.000000 0.830000 0.502960
180.000000 0.835000 0.502960
180.000000 0.840000 0.502960
180.000000 0.845000 0.502960
180.000000 0.850000 0.502960
180.000000 0.855000 0.502960
180.000000 0.860000 0.502960
180.000000 0.865000 0.502960
180.000000 0.870000 0.502960
180.000000 0.875000 0.502960
180.000000 0.880000 0.502960
180.000000 0.885000 0.502960
180.000000 0.890000 0.502960
180.000000 0.895000 0.502960
180.000000 0.900000 0.502960
180.000000 0.905000 0.502960
180.000000 0.910000 0.502960
180.000000 0.915000 0.502960
180.000000 0.920000 0.502960
180.000000 0.925000 0.502960
180.000000 0.930000 0.502960
180.000000 0.935000 0.502960
180.000000 0.940000 0.502960
180.000000 0.945000 0.502960
180.000000 0.950000 0.502960
180.000000 0.955000 0.502960
180.000000 0.960000 0.502960
180.000000 0.965000 0.502960
180.000000 0.970000 0.502960
180.000000 0.975000 0.502960
180.000000 0.980000 0.502960
180.000000 0.985000 0.502960
180.000000 0.990000 0.502960
180.000000 0.995000 0.502960
208.000000 0.000000 0.497400
208.000000 0.005000 0.497400
208.000000 0.010000 0.497400
208.000000 0.015000 0.497400
208.000000 0.020000 0.497400
208.000000 0.025000 0.497400
208.000000 0.030000 0.497400
208.000000 0.035000 0.497400
208.000000 0.040000 0.497400
208.000000 0.045000 0.497400
208.000000 0.050000 0.497400
208.000000 0.055000 0.497400
208.000000 0.060000 0.497400
208.000000 0.065000 0.497400
208.000000 0.070000 0.497400
208.000000 0.075000 0.497400
208.000000 0.080000 0.497400
208.000000 0.085000 0.497400
208.000000 0.090000 0.497400
208.000000 0.095000 0.497400
208.000000 0.100000 0.497400
208.000000 0.105000 0.497400
208.000000 0.110000 0.497400
208.000000 0.115000 0.497400
208.000000 0.120000 0.497400
208.000000 0.125000 0.497400
208.000000 0.130000 0.497400
208.000000 0.135000 0.497400
208.000000 0.140000 0.497400
208.000000 0.145000 0.497400
208.000000 0.150000 0.497400
208.000000 0.155000 0.497400
208.000000 0.160000 0.497400
208.000000 0.165000 0.497400
208.000000 0.170000 0.497400
208.000000 0.175000 0.497400
208.000000 0.180000 0.497400
208.000000 0.185000 0.497400
208.000000 0.190000 0.497400
208.000000 0.195000 0.497400
208.000000 0.200000 0.497400
208.000000 0.205000 0.497400
208.000000 0.210000 0.497400
208.000000 0.215000 0.497400
208.000000 0.220000 0.497400
208.000000 0.225000 0.497400
208.000000 0.230000 0.497400
208.000000 0.235000 0.497400
208.000000 0.240000 0.497400
208.000000 0.245000 0.497400
208.000000 0.250000 0.497400
208.000000 0.255000 0.497400
208.000000 0.260000 0.497400
208.000000 0.265000 0.497400
208.000000 0.270000 0.497400
208.000000 0.275000 0.497400
208.000000 0.280000 0.497400
208.000000 0.285000 0.497400
208.000000 0.290000 0.497400
208.000000 0.295000 0.497400
208.000000 0.300000 0.497400
208.000000 0.305000 0.497400
208.000000 0.310000 0.497400
208.000000 0.315000 0.497400
208.000000 0.320000 0.497400
208.000000 0.325000 0.497400
208.000000 0.330000 0.497400
208.000000 0.335000 0.497400
208.000000 0.340000 0.497400
208.000000 0.345000 0.497400
208.000000 0.350000 0.497400
208.000000 0.355000 0.497400
208.000000 0.360000 0.497400
208.000000 0.365000 0.497400
208.000000 0.370000 0.497400
208.000000 0.375000 0.497400
208.000000 0.380000 0.497400
208.000000 0.385000 0.497400
208.000000 0.390000 0.497400
208.000000 0.395000 0.497400
208.000000 0.400000 0.497400
208.000000 0.405000 0.497400
208.000000 0.410000 0.497400
208.000000 0.415000 0.497400
208.000000 0.420000 0.497400
208.000000 0.425000 0.497400
208.000000 0.430000 0.497400
208.000000 0.435000 0.497400
208.000000 0.440000 0.497400
208.000000 0.445000 0.497400
208.000000 0.450000 0.497400
208.000000 0.455000 0.497400
208.000000 0.460000 0.497400
208.000000 0.465000 0.497400
208.000000 0.470000 0.497400
208.000000 0.475000 0.497400
208.000000 0.480000 0.497400
208.000000 0.485000 0.497400
208.000000 0.490000 0.497400
208.000000 0.495000 0.497400
208.000000 0.500000 0.497400
208.000000 0.505000 0.497400
208.000000 0.510000 0.497400
208.000000 0.515000 0.497400
208.000000 0.520000 0.497400
208.000000 0.525000 0.497400
208.000000 0.530000 0.497400
208.000000 0.535000 0.497400
208.000000 0.540000 0.497400
208.000000 0.545000 0.497400
208.000000 0.550000 0.497400
208.000000 0.555000 0.497400
208.000000 0.560000 0.497400
208.000000 0.565000 0.497400
208.000000 0.570000 0.497400
208.000000 0.575000 0.497400
208.000000 0.580000 0.497400
208.000000 0.585000 0.497400
208.000000 0.590000 0.497400
208.000000 0.595000 0.497400
208.000000 0.600000 0.497400
208.000000 0.605000 0.497400
208.000000 0.610000 0.497400
208.000000 0.615000 0.497400
208.000000 0.620000 0.497400
208.000000 0.625000 0.497400
208.000000 0.630000 0.497400
208.000000 0.635000 0.497400
208.000000 0.640000 0.497400
208.000000 0.645000 0.497400
208.000000 0.650000 0.497400
208.000000 0.655000 0.497400
208.000000 0.660000 0.497400
208.000000 0.665000 0.497400
208.000000 0.670000 0.497400
208.000000 0.675000 0.497400
208.000000 0.680000 0.497400
208.000000 0.685000 0.497400
208.000000 0.690000 0.497400
208.000000 0.695000 0.497400
208.000000 0.700000 0.497400
208.000000 0.705000 0.497400
208.000000 0.710000 0.497400
208.000000 0.715000 0.497400
208.000000 0.720000 0.497400
208.000000 0.725000 0.497400
208.000000 0.730000 0.497400
208.000000 0.735000 0.497400
208.000000 0.740000 0.497400
208.000000 0.745000 0.497400
208.000000 0.750000 0.497400
208.000000 0.755000 0.497400
208.000000 0.760000 0.497400
208.000000 0.765000 0.497400
208.000000 0.770000 0.497400
208.000000 0.775000 0.497400
208.000000 0.780000 0.497400
208.000000 0.785000 0.497400
208.000000 0.790000 0.497400
208.000000 0.795000 0.497400
208.000000 0.800000 0.497400
208.000000 0.805000 0.497400
208.000000 0.810000 0.497400
208.000000 0.815000 0.497400
208.000000 0.820000 0.497400
208.000000 0.825000 0.497400
208.000000 0.830000 0.497400
208.000000 0.835000 0.497400
208.000000 0.840000 0.497400
208.000000 0.845000 0.497400
208.000000 0.850000 0.497400
208.000000 0.855000 0.497400
208.000000 0.860000 0.497400
208.000000 0.865000 0.497400
208.000000 0.870000 0.497400
208.000000 0.875000 0.497400
208.000000 0.880000 0.497400
208.000000 0.885000 0.497400
208.000000 0.890000 0.497400
208.000000 0.895000 0.497400
208.000000 0.900000 0.497400
208.000000 0.905000 0.497400
208.000000 0.910000 0.497400
208.000000 0.915000 0.497400
208.000000 0.920000 0.497400
208.000000 0.925000 0.497400
208.000000 0.930000 0.497400
208.000000 0.935000 0.497400
208.000000 0.940000 0.497400
208.000000 0.945000 0.497400
208.000000 0.950000 0.497400
208.000000 0.955000 0.497400
208.000000 0.960000 0.497400
208.000000 0.965000 0.497400
208.000000 0.970000 0.497400
208.000000 0.975000 0.497400
208.000000 0.980000 0.497400
208.000000 0.985000 0.497400
208.000000 0.990000 0.497400
208.000000 0.995000 0.497400
208.000000 0.000000 0.502860
208.000000 0.005000 0.502860
208.000000 0.010000 0.502860
208.000000 0.015000 0.502860
208.000000 0.020000 0.502860
208.000000 0.025000 0.502860
208.000000 0.030000 0.502860
208.000000 0.035000 0.502860
208.000000 0.040000 0.502860
208.000000 0.045000 0.502860
208.000000 0.050000 0.502860
208.000000 0.055000 0.502860
208.000000 0.060000 0.502860
208.000000 0.065000 0.502860
208.000000 0.070000 0.502860
208.000000 0.075000 0.502860
208.000000 0.080000 0.502860
208.000000 0.085000 0.502860
208.000000 0.090000 0.502860
208.000000 0.095000 0.502860
208.000000 0.100000 0.502860
208.000000 0.105000 0.502860
208.000000 0.110000 0.502860
208.000000 0.115000 0.502860
208.000000 0.120000 0.502860
208.000000 0.125000 0.502860
208.000000 0.130000 0.502860
208.000000 0.135000 0.502860
208.000000 0.140000 0.502860
208.000000 0.145000 0.502860
208.000000 0.150000 0.502860
208.000000 0.155000 0.502860
208.000000 0.160000 0.502860
208.000000 0.165000 0.502860
208.000000 0.170000 0.502860
208.000000 0.175000 0.502860
208.000000 0.180000 0.502860
208.000000 0.185000 0.502860
208.000000 0.190000 0.502860
208.000000 0.195000 0.502860
208.000000 0.200000 0.502860
208.000000 0.205000 0.502860
208.000000 0.210000 0.502860
208.000000 0.215000 0.502860
208.000000 0.220000 0.502860
208.000000 0.225000 0.502860
208.000000 0.230000 0.502860
208.000000 0.235000 0.502860
208.000000 0.240000 0.502860
208.000000 0.245000 0.502860
208.000000 0.250000 0.502860
208.000000 0.255000 0.502860
208.000000 0.260000 0.502860
208.000000 0.265000 0.502860
208.000000 0.270000 0.502860
208.000000 0.275000 0.502860
208.000000 0.280000 0.502860
208.000000 0.285000 0.502860
208.000000 0.290000 0.502860
208.000000 0.295000 0.502860
208.000000 0.300000 0.502860
208.000000 0.305000 0.502860
208.000000 0.310000 0.502860
208.000000 0.315000 0.502860
208.000000 0.320000 0.502860
208.000000 0.325000 0.502860
208.000000 0.330000 0.502860
208.000000 0.335000 0.502860
208.000000 0.340000 0.502860
208.000000 0.345000 0.502860
208.000000 0.350000 0.502860
208.000000 0.355000 0.502860
208.000000 0.360000 0.502860
208.000000 0.365000 0.502860
208.000000 0.370000 0.502860
208.000000 0.375000 0.502860
208.000000 0.380000 0.502860
208.000000 0.385000 0.502860
208.000000 0.390000 0.502860
208.000000 0.395000 0.502860
208.000000 0.400000 0.502860
208.000000 0.405000 0.502860
208.000000 0.410000 0.502860
208.000000 0.415000 0.502860
208.000000 0.420000 0.502860
208.000000 0.425000 0.502860
208.000000 0.430000 0.502860
208.000000 0.435000 0.502860
208.000000 0.440000 0.502860
208.000000 0.445000 0.502860
208.000000 0.450000 0.502860
208.000000 0.455000 0.502860
208.000000 0.460000 0.502860
208.000000 0.465000 0.502860
208.000000 0.470000 0.502860
208.000000 0.475000 0.502860
208.000000 0.480000 0.502860
208.000000 0.485000 0.502860
208.000000 0.490000 0.502860
208.000000 0.495000 0.502860
208.000000 0.500000 0.502860
208.000000 0.505000 0.502860
208.000000 0.510000 0.502860
208.000000 0.515000 0.502860
208.000000 0.520000 0.502860
208.000000 0.525000 0.502860
208.000000 0.530000 0.502860
208.000000 0.535000 0.502860
208.000000 0.540000 0.502860
208.000000 0.545000 0.502860
208.000000 0.550000 0.502860
208.000000 0.555000 0.502860
208.000000 0.560000 0.502860
208.000000 0.565000 0.502860
208.000000 0.570000 0.502860
208.000000 0.575000 0.502860
208.000000 0.580000 0.502860
208.000000 0.585000 0.502860
208.000000 0.590000 0.502860
208.000000 0.595000 0.502860
208.000000 0.600000 0.502860
208.000000 0.605000 0.502860
208.000000 0.610000 0.502860
208.000000 0.615000 0.502860
208.000000 0.620000 0.502860
208.000000 0.625000 0.502860
208.000000 0.630000 0.502860
208.000000 0.635000 0.502860
208.000000 0.640000 0.502860
208.000000 0.645000 0.502860
208.000000 0.650000 0.502860
208.000000 0.655000 0.502860
208.000000 0.660000 0.502860
208.000000 0.665000 0.502860
208.000000 0.670000 0.502860
208.000000 0.675000 0.502860
208.000000 0.680000 0.502860
208.000000 0.685000 0.502860
208.000000 0.690000 0.502860
208.000000 0.695000 0.502860
208.000000 0.700000 0.502860
208.000000 0.705000 0.502860
208.000000 0.710000 0.502860
208.000000 0.715000 0.502860
208.000000 0.720000 0.502860
208.000000 0.725000 0.502860
208.000000 0.730000 0.502860
208.000000 0.735000 0.502860
208.000000 0.740000 0.502860
208.000000 0.745000 0.502860
208.000000 0.750000 0.502860
208.000000 0.755000 0.502860
208.000000 0.760000 0.502860
208.000000 0.765000 0.502860
208.000000 0.770000 0.502860
208.000000 0.775000 0.502860
208.000000 0.780000 0.502860
208.000000 0.785000 0.502860
208.000000 0.790000 0.502860
208.000000 0.795000 0.502860
208.000000 0.800000 0.502860
208.000000 0.805000 0.502860
208.000000 0.810000 0.502860
208.000000 0.815000 0.502860
208.000000 0.820000 0.502860
208.000000 0.825000 0.502860
208.000000 0.830000 0.502860
208.000000 0.835000 0.502860
208.000000 0.840000 0.502860
208.000000 0.845000 0.502860
208.000000 0.850000 0.502860
208.000000 0.855000 0.502860
208.000000 0.860000 0.502860
208.000000 0.865000 0.502860
208.000000 0.870000 0.502860
208.000000 0.875000 0.502860
208.000000 0.880000 0.502860
208.000000 0.885000 0.502860
208.000000 0.890000 0.502860
208.000000 0.895000 0.502860
208.000000 0.900000 0.502860
208.000000 0.905000 0.502860
208.000000 0.910000 0.502860
208.000000 0.915000 0.502860
208.000000 0.920000 0.502860
208.000000 0.925000 0.502860
208.000000 0.930000 0.502860
208.000000 0.935000 0.502860
208.000000 0.940000 0.502860
208.000000 0.945000 0.502860
208.000000 0.950000 0.502860
208.000000 0.955000 0.502860
208.000000 0.960000 0.502860
208.000000 0.965000 0.502860
208.000000 0.970000 0.502860
208.000000 0.975000 0.502860
208.000000 0.980000 0.502860
208.000000 0.985000 0.502860
208.000000 0.990000 0.502860
208.000000 0.995000 0.502860
238.000000 0.000000 0.497500
238.000000 0.005000 0.497500
238.000000 0.010000 0.497500
238.000000 0.015000 0.497500
238.000000 0.020000 0.497500
238.000000 0.025000 0.497500
238.000000 0.030000 0.497500
238.000000 0.035000 0.497500
238.000000 0.040000 0.497500
238.000000 0.045000 0.497500
238.000000 0.050000 0.497500
238.000000 0.055000 0.497500
238.000000 0.060000 0.497500
238.000000 0.065000 0.497500
238.000000 0.070000 0.497500
238.000000 0.075000 0.497500
238.000000 0.080000 0.497500
238.000000 0.085000 0.497500
238.000000 0.090000 0.497500
238.000000 0.095000 0.497500
238.000000 0.100000 0.497500
238.000000 0.105000 0.497500
238.000000 0.110000 0.497500
238.000000 0.115000 0.497500
238.000000 0.120000 0.497500
238.000000 0.125000 0.497500
238.000000 0.130000 0.497500
238.000000 0.135000 0.497500
238.000000 0.140000 0.497500
238.000000 0.145000 0.497500
238.000000 0.150000 0.497500
238.000000 0.155000 0.497500
238.000000 0.160000 0.497500
238.000000 0.165000 0.497500
238.000000 0.170000 0.497500
238.000000 0.175000 0.497500
238.000000 0.180000 0.497500
238.000000 0.185000 0.497500
238.000000 0.190000 0.497500
238.000000 0.195000 0.497500
238.000000 0.200000 0.497500
238.000000 0.205000 0.497500
238.000000 0.210000 0.497500
238.000000 0.215000 0.497500
238.000000 0.220000 0.497500
238.000000 0.225000 0.497500
238.000000 0.230000 0.497500
238.000000 0.235000 0.497500
238.000000 0.240000 0.497500
238.000000 0.245000 0.497500
238.000000 0.250000 0.497500
238.000000 0.255000 0.497500
238.000000 0.260000 0.497500
238.000000 0.265000 0.497500
238.000000 0.270000 0.497500
238.000000 0.275000 0.497500
238.000000 0.280000 0.497500
238.000000 0.285000 0.497500
238.000000 0.290000 0.497500
238.000000 0.295000 0.497500
238.000000 0.300000 0.497500
238.000000 0.305000 0.497500
238.000000 0.310000 0.497500
238.000000 0.315000 0.497500
238.000000 0.320000 0.497500
238.000000 0.325000 0.497500
238.000000 0.330000 0.497500
238.000000 0.335000 0.497500
238.000000 0.340000 0.497500
238.000000 0.345000 0.497500
238.000000 0.350000 0.497500
238.000000 0.355000 0.497500
238.000000 0.360000 0.497500
238.000000 0.365000 0.497500
238.000000 0.370000 0.497500
238.000000 0.375000 0.497500
238.000000 0.380000 0.497500
238.000000 0.385000 0.497500
238.000000 0.390000 0.497500
238.000000 0.395000 0.497500
238.000000 0.400000 0.497500
238.000000 0.405000 0.497500
238.000000 0.410000 0.497500
238.000000 0.415000 0.497500
238.000000 0.420000 0.497500
238.000000 0.425000 0.497500
238.000000 0.430000 0.497500
238.000000 0.435000 0.497500
238.000000 0.440000 0.497500
238.000000 0.445000 0.497500
238.000000 0.450000 0.497500
238.000000 0.455000 0.497500
238.000000 0.460000 0.497500
238.000000 0.465000 0.497500
238.000000 0.470000 0.497500
238.000000 0.475000 0.497500
238.000000 0.480000 0.497500
238.000000 0.485000 0.497500
238.000000 0.490000 0.497500
238.000000 0.495000 0.497500
238.000000 0.500000 0.497500
238.000000 0.505000 0.497500
238.000000 0.510000 0.497500
238.000000 0.515000 0.497500
238.000000 0.520000 0.497500
238.000000 0.525000 0.497500
238.000000 0.530000 0.497500
238.000000 0.535000 0.497500
238.000000 0.540000 0.497500
238.000000 0.545000 0.497500
238.000000 0.550000 0.497500
238.000000 0.555000 0.497500
238.000000 0.560000 0.497500
238.000000 0.565000 0.497500
238.000000 0.570000 0.497500
238.000000 0.575000 0.497500
238.000000 0.580000 0.497500
238.000000 0.585000 0.497500
238.000000 0.590000 0.497500
238.000000 0.595000 0.497500
238.000000 0.600000 0.497500
238.000000 0.605000 0.497500
238.000000 0.610000 0.497500
238.000000 0.615000 0.497500
238.000000 0.620000 0.497500
238.000000 0.625000 0.497500
238.000000 0.630000 0.497500
238.000000 0.635000 0.497500
238.000000 0.640000 0.497500
238.000000 0.645000 0.497500
238.000000 0.650000 0.497500
238.000000 0.655000 0.497500
238.000000 0.660000 0.497500
238.000000 0.665000 0.497500
238.000000 0.670000 0.497500
238.000000 0.675000 0.497500
238.000000 0.680000 0.497500
238.000000 0.685000 0.497500
238.000000 0.690000 0.497500
238.000000 0.695000 0.497500
238.000000 0.700000 0.497500
238.000000 0.705000 0.497500
238.000000 0.710000 0.497500
238.000000 0.715000 0.497500
238.000000 0.720000 0.497500
238.000000 0.725000 0.497500
238.000000 0.730000 0.497500
238.000000 0.735000 0.497500
238.000000 0.740000 0.497500
238.000000 0.745000 0.497500
238.000000 0.750000 0.497500
238.000000 0.755000 0.497500
238.000000 0.760000 0.497500
238.000000 0.765000 0.497500
238.000000 0.770000 0.497500
238.000000 0.775000 0.497500
238.000000 0.780000 0.497500
238.000000 0.785000 0.497500
238.000000 0.790000 0.497500
238.000000 0.795000 0.497500
238.000000 0.800000 0.497500
238.000000 0.805000 0.497500
238.000000 0.810000 0.497500
238.000000 0.815000 0.497500
238.000000 0.820000 0.497500
238.000000 0.825000 0.497500
238.000000 0.830000 0.497500
238.000000 0.835000 0.497500
238.000000 0.840000 0.497500
238.000000 0.845000 0.497500
238.000000 0.850000 0.497500
238.000000 0.855000 0.497500
238.000000 0.860000 0.497500
238.000000 0.865000 0.497500
238.000000 0.870000 0.497500
238.000000 0.875000 0.497500
238.000000 0.880000 0.497500
238.000000 0.885000 0.497500
238.000000 0.890000 0.497500
238.000000 0.895000 0.497500
238.000000 0.900000 0.497500
238.000000 0.905000 0.497500
238.000000 0.910000 0.497500
238.000000 0.915000 0.497500
238.000000 0.920000 0.497500
238.000000 0.925000 0.497500
238.000000 0.930000 0.497500
238.000000 0.935000 0.497500
238.000000 0.940000 0.497500
238.000000 0.945000 0.497500
238.000000 0.950000 0.497500
238.000000 0.955000 0.497500
238.000000 0.960000 0.497500
238.000000 0.965000 0.497500
238.000000 0.970000 0.497500
238.000000 0.975000 0.497500
238.000000 0.980000 0.497500
238.000000 0.985000 0.497500
238.000000 0.990000 0.497500
238.000000 0.995000 0.497500
238.000000 0.000000 0.502760
238.000000 0.005000 0.502760
238.000000 0.010000 0.502760
238.000000 0.015000 0.502760
238.000000 0.020000 0.502760
238.000000 0.025000 0.502760
238.000000 0.030000 0.502760
238.000000 0.035000 0.502760
238.000000 0.040000 0.502760
238.000000 0.045000 0.502760
238.000000 0.050000 0.502760
238.000000 0.055000 0.502760
238.000000 0.060000 0.502760
238.000000 0.065000 0.502760
238.000000 0.070000 0.502760
238.000000 0.075000 0.502760
238.000000 0.080000 0.502760
238.000000 0.085000 0.502760
238.000000 0.090000 0.502760
238.000000 0.095000 0.502760
238.000000 0.100000 0.502760
238.000000 0.105000 0.502760
238.000000 0.110000 0.502760
238.000000 0.115000 0.502760
238.000000 0.120000 0.502760
238.000000 0.125000 0.502760
238.000000 0.130000 0.502760
238.000000 0.135000 0.502760
238.000000 0.140000 0.502760
238.000000 0.145000 0.502760
238.000000 0.150000 0.502760
238.000000 0.155000 0.502760
238.000000 0.160000 0.502760
238.000000 0.165000 0.502760
238.000000 0.170000 0.502760
238.000000 0.175000 0.502760
238.000000 0.180000 0.502760
238.000000 0.185000 0.502760
238.000000 0.190000 0.502760
238.000000 0.195000 0.502760
238.000000 0.200000 0.502760
238.000000 0.205000 0.502760
238.000000 0.210000 0.502760
238.000000 0.215000 0.502760
238.000000 0.220000 0.502760
238.000000 0.225000 0.502760
238.000000 0.230000 0.502760
238.000000 0.235000 0.502760
238.000000 0.240000 0.502760
238.000000 0.245000 0.502760
238.000000 0.250000 0.502760
238.000000 0.255000 0.502760
238.000000 0.260000 0.502760
238.000000 0.265000 0.502760
238.000000 0.270000 0.502760
238.000000 0.275000 0.502760
238.000000 0.280000 0.502760
238.000000 0.285000 0.502760
238.000000 0.290000 0.502760
238.000000 0.295000 0.502760
238.000000 0.300000 0.502760
238.000000 0.305000 0.502760
238.000000 0.310000 0.502760
238.000000 0.315000 0.502760
238.000000 0.320000 0.502760
238.000000 0.325000 0.502760
238.000000 0.330000 0.502760
238.000000 0.335000 0.502760
238.000000 0.340000 0.502760
238.000000 0.345000 0.502760
238.000000 0.350000 0.502760
238.000000 0.355000 0.502760
238.000000 0.360000 0.502760
238.000000 0.365000 0.502760
238.000000 0.370000 0.502760
238.000000 0.375000 0.502760
238.000000 0.380000 0.502760
238.000000 0.385000 0.502760
238.000000 0.390000 0.502760
238.000000 0.395000 0.502760
238.000000 0.400000 0.502760
238.000000 0.405000 0.502760
238.000000 0.410000 0.502760
238.000000 0.415000 0.502760
238.000000 0.420000 0.502760
238.000000 0.425000 0.502760
238.000000 0.430000 0.502760
238.000000 0.435000 0.502760
238.000000 0.440000 0.502760
238.000000 0.445000 0.502760
238.000000 0.450000 0.502760
238.000000 0.455000 0.502760
238.000000 0.460000 0.502760
238.000000 0.465000 0.502760
238.000000 0.470000 0.502760
238.000000 0.475000 0.502760
238.000000 0.480000 0.502760
238.000000 0.485000 0.502760
238.000000 0.490000 0.502760
238.000000 0.495000 0.502760
238.000000 0.500000 0.502760
238.000000 0.505000 0.502760
238.000000 0.510000 0.502760
238.000000 0.515000 0.502760
238.000000 0.520000 0.502760
238.000000 0.525000 0.502760
238.000000 0.530000 0.502760
238.000000 0.535000 0.502760
238.000000 0.540000 0.502760
238.000000 0.545000 0.502760
238.000000 0.550000 0.502760
238.000000 0.555000 0.502760
238.000000 0.560000 0.502760
238.000000 0.565000 0.502760
238.000000 0.570000 0.502760
238.000000 0.575000 0.502760
238.000000 0.580000 0.502760
238.000000 0.585000 0.502760
238.000000 0.590000 0.502760
238.000000 0.595000 0.502760
238.000000 0.600000 0.502760
238.000000 0.605000 0.502760
238.000000 0.610000 0.502760
238.000000 0.615000 0.502760
238.000000 0.620000 0.502760
238.000000 0.625000 0.502760
238.000000 0.630000 0.502760
238.000000 0.635000 0.502760
238.000000 0.640000 0.502760
238.000000 0.645000 0.502760
238.000000 0.650000 0.502760
238.000000 0.655000 0.502760
238.000000 0.660000 0.502760
238.000000 0.665000 0.502760
238.000000 0.670000 0.502760
238.000000 0.675000 0.502760
238.000000 0.680000 0.502760
238.000000 0.685000 0.502760
238.000000 0.690000 0.502760
238.000000 0.695000 0.502760
238.000000 0.700000 0.502760
238.000000 0.705000 0.502760
238.000000 0.710000 0.502760
238.000000 0.715000 0.502760
238.000000 0.720000 0.502760
238.000000 0.725000 0.502760
238.000000 0.730000 0.502760
238.000000 0.735000 0.502760
238.000000 0.740000 0.502760
238.000000 0.745000 0.502760
238.000000 0.750000 0.502760
238.000000 0.755000 0.502760
238.000000 0.760000 0.502760
238.000000 0.765000 0.502760
238.000000 0.770000 0.502760
238.000000 0.775000 0.502760
238.000000 0.780000 0.502760
238.000000 0.785000 0.502760
238.000000 0.790000 0.502760
238.000000 0.795000 0.502760
238.000000 0.800000 0.502760
238.000000 0.805000 0.502760
238.000000 0.810000 0.502760
238.000000 0.815000 0.502760
238.000000 0.820000 0.502760
238.000000 0.825000 0.502760
238.000000 0.830000 0.502760
238.000000 0.835000 0.502760
238.000000 0.840000 0.502760
238.000000 0.845000 0.502760
238.000000 0.850000 0.502760
238.000000 0.855000 0.502760
238.000000 0.860000 0.502760
238.000000 0.865000 0.502760
238.000000 0.870000 0.502760
238.000000 0.875000 0.502760
238.000000 0.880000 0.502760
238.000000 0.885000 0.502760
238.000000 0.890000 0.502760
238.000000 0.895000 0.502760
238.000000 0.900000 0.502760
238.000000 0.905000 0.502760
238.000000 0.910000 0.502760
238.000000 0.915000 0.502760
238.000000 0.920000 0.502760
238.000000 0.925000 0.502760
238.000000 0.930000 0.502760
238.000000 0.935000 0.502760
238.000000 0.940000 0.502760
238.000000 0.945000 0.502760
238.000000 0.950000 0.502760
238.000000 0.955000 0.502760
238.000000 0.960000 0.502760
238.000000 0.965000 0.502760
238.000000 0.970000 0.502760
238.000000 0.975000 0.502760
238.000000 0.980000 0.502760
238.000000 0.985000 0.502760
238.000000 0.990000 0.502760
238.000000 0.995000 0.502760
270.000000 0.000000 0.497600
270.000000 0.005000 0.497600
270.000000 0.010000 0.497600
270.000000 0.015000 0.497600
270.000000 0.020000 0.497600
270.000000 0.025000 0.497600
270.000000 0.030000 0.497600
270.000000 0.035000 0.497600
270.000000 0.040000 0.497600
270.000000 0.045000 0.497600
270.000000 0.050000 0.497600
270.000000 0.055000 0.497600
270.000000 0.060000 0.497600
270.000000 0.065000 0.497600
270.000000 0.070000 0.497600
270.000000 0.075000 0.497600
270.000000 0.080000 0.497600
270.000000 0.085000 0.497600
270.000000 0.090000 0.497600
270.000000 0.095000 0.497600
270.000000 0.100000 0.497600
270.000000 0.105000 0.497600
270.000000 0.110000 0.497600
270.000000 0.115000 0.497600
270.000000 0.120000 0.497600
270.000000 0.125000 0.497600
270.000000 0.130000 0.497600
270.000000 0.135000 0.497600
270.000000 0.140000 0.497600
270.000000 0.145000 0.497600
270.000000 0.150000 0.497600
270.000000 0.155000 0.497600
270.000000 0.160000 0.497600
270.000000 0.165000 0.497600
270.000000 0.170000 0.497600
270.000000 0.175000 0.497600
270.000000 0.180000 0.497600
270.000000 0.185000 0.497600
270.000000 0.190000 0.497600
270.000000 0.195000 0.497600
270.000000 0.200000 0.497600
270.000000 0.205000 0.497600
270.000000 0.210000 0.497600
270.000000 0.215000 0.497600
270.000000 0.220000 0.497600
270.000000 0.225000 0.497600
270.000000 0.230000 0.497600
270.000000 0.235000 0.497600
270.000000 0.240000 0.497600
270.000000 0.245000 0.497600
270.000000 0.250000 0.497600
270.000000 0.255000 0.497600
270.000000 0.260000 0.497600
270.000000 0.265000 0.497600
270.000000 0.270000 0.497600
270.000000 0.275000 0.497600
270.000000 0.280000 0.497600
270.000000 0.285000 0.497600
270.000000 0.290000 0.497600
270.000000 0.295000 0.497600
270.000000 0.300000 0.497600
270.000000 0.305000 0.497600
270.000000 0.310000 0.497600
270.000000 0.315000 0.497600
270.000000 0.320000 0.497600
270.000000 0.325000 0.497600
270.000000 0.330000 0.497600
270.000000 0.335000 0.497600
270.000000 0.340000 0.497600
270.000000 0.345000 0.497600
270.000000 0.350000 0.497600
270.000000 0.355000 0.497600
270.000000 0.360000 0.497600
270.000000 0.365000 0.497600
270.000000 0.370000 0.497600
270.000000 0.375000 0.497600
270.000000 0.380000 0.497600
270.000000 0.385000 0.497600
270.000000 0.390000 0.497600
270.000000 0.395000 0.497600
270.000000 0.400000 0.497600
270.000000 0.405000 0.497600
270.000000 0.410000 0.497600
270.000000 0.415000 0.497600
270.000000 0.420000 0.497600
270.000000 0.425000 0.497600
270.000000 0.430000 0.497600
270.000000 0.435000 0.497600
270.000000 0.440000 0.497600
270.000000 0.445000 0.497600
270.000000 0.450000 0.497600
270.000000 0.455000 0.497600
270.000000 0.460000 0.497600
270.000000 0.465000 0.497600
270.000000 0.470000 0.497600
270.000000 0.475000 0.497600
270.000000 0.480000 0.497600
270.000000 0.485000 0.497600
270.000000 0.490000 0.497600
270.000000 0.495000 0.497600
270.000000 0.500000 0.497600
270.000000 0.505000 0.497600
270.000000 0.510000 0.497600
270.000000 0.515000 0.497600
270.000000 0.520000 0.497600
270.000000 0.525000 0.497600
270.000000 0.530000 0.497600
270.000000 0.535000 0.497600
270.000000 0.540000 0.497600
270.000000 0.545000 0.497600
270.000000 0.550000 0.497600
270.000000 0.555000 0.497600
270.000000 0.560000 0.497600
270.000000 0.565000 0.497600
270.000000 0.570000 0.497600
270.000000 0.575000 0.497600
270.000000 0.580000 0.497600
270.000000 0.585000 0.497600
270.000000 0.590000 0.497600
270.000000 0.595000 0.497600
270.000000 0.600000 0.497600
270.000000 0.605000 0.497600
270.000000 0.610000 0.497600
270.000000 0.615000 0.497600
270.000000 0.620000 0.497600
270.000000 0.625000 0.497600
270.000000 0.630000 0.497600
270.000000 0.635000 0.497600
270.000000 0.640000 0.497600
270.000000 0.645000 0.497600
270.000000 0.650000 0.497600
270.000000 0.655000 0.497600
270.000000 0.660000 0.497600
270.000000 0.665000 0.497600
270.000000 0.670000 0.497600
270.000000 0.675000 0.497600
270.000000 0.680000 0.497600
270.000000 0.685000 0.497600
270.000000 0.690000 0.497600
270.000000 0.695000 0.497600
270.000000 0.700000 0.497600
270.000000 0.705000 0.497600
270.000000 0.710000 0.497600
270.000000 0.715000 0.497600
270.000000 0.720000 0.497600
270.000000 0.725000 0.497600
270.000000 0.730000 0.497600
270.000000 0.735000 0.497600
270.000000 0.740000 0.497600
270.000000 0.745000 0.497600
270.000000 0.750000 0.497600
270.000000 0.755000 0.497600
270.000000 0.760000 0.497600
270.000000 0.765000 0.497600
270.000000 0.770000 0.497600
270.000000 0.775000 0.497600
270.000000 0.780000 0.497600
270.000000 0.785000 0.497600
270.000000 0.790000 0.497600
270.000000 0.795000 0.497600
270.000000 0.800000 0.497600
270.000000 0.805000 0.497600
270.000000 0.810000 0.497600
270.000000 0.815000 0.497600
270.000000 0.820000 0.497600
270.000000 0.825000 0.497600
270.000000 0.830000 0.497600
270.000000 0.835000 0.497600
270.000000 0.840000 0.497600
270.000000 0.845000 0.497600
270.000000 0.850000 0.497600
270.000000 0.855000 0.497600
270.000000 0.860000 0.497600
270.000000 0.865000 0.497600
270.000000 0.870000 0.497600
270.000000 0.875000 0.497600
270.000000 0.880000 0.497600
270.000000 0.885000 0.497600
270.000000 0.890000 0.497600
270.000000 0.895000 0.497600
270.000000 0.900000 0.497600
270.000000 0.905000 0.497600
270.000000 0.910000 0.497600
270.000000 0.915000 0.497600
270.000000 0.920000 0.497600
270.000000 0.925000 0.497600
270.000000 0.930000 0.497600
270.000000 0.935000 0.497600
270.000000 0.940000 0.497600
270.000000 0.945000 0.497600
270.000000 0.950000 0.497600
270.000000 0.955000 0.497600
270.000000 0.960000 0.497600
270.000000 0.965000 0.497600
270.000000 0.970000 0.497600
270.000000 0.975000 0.497600
270.000000 0.980000 0.497600
270.000000 0.985000 0.497600
270.000000 0.990000 0.497600
270.000000 0.995000 0.497600
270.000000 0.000000 0.502660
270.000000 0.005000 0.502660
270.000000 0.010000 0.502660
270.000000 0.015000 0.502660
270.000000 0.020000 0.502660
270.000000 0.025000 0.502660
270.000000 0.030000 0.502660
270.000000 0.035000 0.502660
270.000000 0.040000 0.502660
270.000000 0.045000 0.502660
270.000000 0.050000 0.502660
270.000000 0.055000 0.502660
270.000000 0.060000 0.502660
270.000000 0.065000 0.502660
270.000000 0.070000 0.502660
270.000000 0.075000 0.502660
270.000000 0.080000 0.502660
270.000000 0.085000 0.502660
270.000000 0.090000 0.502660
270.000000 0.095000 0.502660
270.000000 0.100000 0.502660
270.000000 0.105000 0.502660
270.000000 0.110000 0.502660
270.000000 0.115000 0.502660
270.000000 0.120000 0.502660
270.000000 0.125000 0.502660
270.000000 0.130000 0.502660
270.000000 0.135000 0.502660
270.000000 0.140000 0.502660
270.000000 0.145000 0.502660
270.000000 0.150000 0.502660
270.000000 0.155000 0.502660
270.000000 0.160000 0.502660
270.000000 0.165000 0.502660
270.000000 0.170000 0.502660
270.000000 0.175000 0.502660
270.000000 0.180000 0.502660
270.000000 0.185000 0.502660
270.000000 0.190000 0.502660
270.000000 0.195000 0.502660
270.000000 0.200000 0.502660
270.000000 0.205000 0.502660
270.000000 0.210000 0.502660
270.000000 0.215000 0.502660
270.000000 0.220000 0.502660
270.000000 0.225000 0.502660
270.000000 0.230000 0.502660
270.000000 0.235000 0.502660
270.000000 0.240000 0.502660
270.000000 0.245000 0.502660
270.000000 0.250000 0.502660
270.000000 0.255000 0.502660
270.000000 0.260000 0.502660
270.000000 0.265000 0.502660
270.000000 0.270000 0.502660
270.000000 0.275000 0.502660
270.000000 0.280000 0.502660
270.000000 0.285000 0.502660
270.000000 0.290000 0.502660
270.000000 0.295000 0.502660
270.000000 0.300000 0.502660
270.000000 0.305000 0.502660
270.000000 0.310000 0.502660
270.000000 0.315000 0.502660
270.000000 0.320000 0.502660
270.000000 0.325000 0.502660
270.000000 0.330000 0.502660
270.000000 0.335000 0.502660
270.000000 0.340000 0.502660
270.000000 0.345000 0.502660
270.000000 0.350000 0.502660
270.000000 0.355000 0.502660
270.000000 0.360000 0.502660
270.000000 0.365000 0.502660
270.000000 0.370000 0.502660
270.000000 0.375000 0.502660
270.000000 0.380000 0.502660
270.000000 0.385000 0.502660
270.000000 0.390000 0.502660
270.000000 0.395000 0.502660
270.000000 0.400000 0.502660
270.000000 0.405000 0.502660
270.000000 0.410000 0.502660
270.000000 0.415000 0.502660
270.000000 0.420000 0.502660
270.000000 0.425000 0.502660
270.000000 0.430000 0.502660
270.000000 0.435000 0.502660
270.000000 0.440000 0.502660
270.000000 0.445000 0.502660
270.000000 0.450000 0.502660
270.000000 0.455000 0.502660
270.000000 0.460000 0.502660
270.000000 0.465000 0.502660
270.000000 0.470000 0.502660
270.000000 0.475000 0.502660
270.000000 0.480000 0.502660
270.000000 0.485000 0.502660
270.000000 0.490000 0.502660
270.000000 0.495000 0.502660
270.000000 0.500000 0.502660
270.000000 0.505000 0.502660
270.000000 0.510000 0.502660
270.000000 0.515000 0.502660
270.000000 0.520000 0.502660
270.000000 0.525000 0.502660
270.000000 0.530000 0.502660
270.000000 0.535000 0.502660
270.000000 0.540000 0.502660
270.000000 0.545000 0.502660
270.000000 0.550000 0.502660
270.000000 0.555000 0.502660
270.000000 0.560000 0.502660
270.000000 0.565000 0.502660
270.000000 0.570000 0.502660
270.000000 0.575000 0.502660
270.000000 0.580000 0.502660
270.000000 0.585000 0.502660
270.000000 0.590000 0.502660
270.000000 0.595000 0.502660
270.000000 0.600000 0.502660
270.000000 0.605000 0.502660
270.000000 0.610000 0.502660
270.000000 0.615000 0.502660
270.000000 0.620000 0.502660
270.000000 0.625000 0.502660
270.000000 0.630000 0.502660
270.000000 0.635000 0.502660
270.000000 0.640000 0.502660
270.000000 0.645000 0.502660
270.000000 0.650000 0.502660
270.000000 0.655000 0.502660
270.000000 0.660000 0.502660
270.000000 0.665000 0.502660
270.000000 0.670000 0.502660
270.000000 0.675000 0.502660
270.000000 0.680000 0.502660
270.000000 0.685000 0.502660
270.000000 0.690000 0.502660
270.000000 0.695000 0.502660
270.000000 0.700000 0.502660
270.000000 0.705000 0.502660
270.000000 0.710000 0.502660
270.000000 0.715000 0.502660
270.000000 0.720000 0.502660
270.000000 0.725000 0.502660
270.000000 0.730000 0.502660
270.000000 0.735000 0.502660
270.000000 0.740000 0.502660
270.000000 0.745000 0.502660
270.000000 0.750000 0.502660
270.000000 0.755000 0.502660
270.000000 0.760000 0.502660
270.000000 0.765000 0.502660
270.000000 0.770000 0.502660
270.000000 0.775000 0.502660
270.000000 0.780000 0.502660
270.000000 0.785000 0.502660
270.000000 0.790000 0.502660
270.000000 0.795000 0.502660
270.000000 0.800000 0.502660
270.000000 0.805000 0.502660
270.000000 0.810000 0.502660
270.000000 0.815000 0.502660
270.000000 0.820000 0.502660
270.000000 0.825000 0.502660
270.000000 0.830000 0.502660
270.000000 0.835000 0.502660
270.000000 0.840000 0.502660
270.000000 0.845000 0.502660
270.000000 0.850000 0.502660
270.000000 0.855000 0.502660
270.000000 0.860000 0.502660
270.000000 0.865000 0.502660
270.000000 0.870000 0.502660
270.000000 0.875000 0.502660
270.000000 0.880000 0.502660
270.000000 0.885000 0.502660
270.000000 0.890000 0.502660
270.000000 0.895000 0.502660
270.000000 0.900000 0.502660
270.000000 0.905000 0.502660
270.000000 0.910000 0.502660
270.000000 0.915000 0.502660
270.000000 0.920000 0.502660
270.000000 0.925000 0.502660
270.000000 0.930000 0.502660
270.000000 0.935000 0.502660
270.000000 0.940000 0.502660
270.000000 0.945000 0.502660
270.000000 0.950000 0.502660
270.000000 0.955000 0.502660
270.000000 0.960000 0.502660
270.000000 0.965000 0.502660
270.000000 0.970000 0.502660
270.000000 0.975000 0.502660
270.000000 0.980000 0.502660
270.000000 0.985000 0.502660
270.000000 0.990000 0.502660
270.000000 0.995000 0.502660
304.000000 0.000000 0.497676
304.000000 0.005002 0.497646
304.000000 0.010001 0.497644
304.000000 0.015000 0.497644
304.000000 0.020000 0.497644
304.000000 0.025000 0.497644
304.000000 0.030000 0.497644
304.000000 0.035000 0.497644
304.000000 0.040000 0.497644
304.000000 0.045000 0.497644
304.000000 0.050000 0.497644
304.000000 0.055000 0.497644
304.000000 0.060000 0.497644
304.000000 0.065000 0.497644
304.000000 0.070000 0.497644
304.000000 0.075000 0.497644
304.000000 0.080000 0.497644
304.000000 0.085000 0.497644
304.000000 0.090000 0.497644
304.000000 0.095000 0.497644
304.000000 0.100000 0.497644
304.000000 0.105000 0.497644
304.000000 0.110000 0.497644
304.000000 0.115000 0.497644
304.000000 0.120000 0.497644
304.000000 0.125000 0.497644
304.000000 0.130000 0.497644
304.000000 0.135000 0.497644
304.000000 0.140000 0.497644
304.000000 0.145000 0.497644
304.000000 0.150000 0.497644
304.000000 0.155000 0.497644
304.000000 0.160000 0.497644
304.000000 0.165000 0.497644
304.000000 0.170000 0.497644
304.000000 0.175000 0.497644
304.000000 0.180000 0.497644
304.000000 0.185000 0.497644
304.000000 0.190000 0.497644
304.000000 0.195000 0.497644
304.000000 0.200000 0.497644
304.000000 0.205000 0.497644
304.000000 0.210000 0.497644
304.000000 0.215000 0.497644
304.000000 0.220000 0.497644
304.000000 0.225000 0.497644
304.000000 0.230000 0.497644
304.000000 0.235000 0.497644
304.000000 0.240000 0.497644
304.000000 0.245000 0.497644
304.000000 0.250000 0.497644
304.000000 0.255000 0.497644
304.000000 0.260000 0.497644
304.000000 0.265000 0.497644
304.000000 0.270000 0.497644
304.000000 0.275000 0.497644
304.000000 0.280000 0.497644
304.000000 0.285000 0.497644
304.000000 0.290000 0.497644
304.000000 0.295000 0.497644
304.000000 0.300000 0.497644
304.000000 0.305000 0.497644
304.000000 0.310000 0.497644
304.000000 0.315000 0.497644
304.000000 0.320000 0.497644
304.000000 0.325000 0.497644
304.000000 0.330000 0.497644
304.000000 0.335000 0.497644
304.000000 0.340000 0.497644
304.000000 0.345000 0.497644
304.000000 0.350000 0.497644
304.000000 0.355000 0.497644
304.000000 0.360000 0.497644
304.000000 0.365000 0.497644
304.000000 0.370000 0.497644
304.000000 0.375000 0.497644
304.000000 0.380000 0.497644
304.000000 0.385000 0.497644
304.000000 0.390000 0.497644
304.000000 0.395000 0.497644
304.000000 0.400000 0.497644
304.000000 0.405000 0.497644
304.000000 0.410000 0.497644
304.000000 0.415000 0.497644
304.000000 0.420000 0.497644
304.000000 0.425000 0.497644
304.000000 0.430000 0.497644
304.000000 0.435000 0.497644
304.000000 0.440000 0.497644
304.000000 0.445000 0.497644
304.000000 0.450000 0.497644
304.000000 0.455000 0.497644
304.000000 0.460000 0.497644
304.000000 0.465000 0.497644
304.000000 0.470000 0.497644
304.000000 0.475000 0.497644
304.000000 0.480000 0.497644
304.000000 0.485000 0.497644
304.000000 0.490000 0.497644
304.000000 0.495000 0.497644
304.000000 0.500000 0.497644
304.000000 0.505000 0.497644
304.000000 0.510000 0.497644
304.000000 0.515000 0.497644
304.000000 0.520000 0.497644
304.000000 0.525000 0.497644
304.000000 0.530000 0.497644
304.000000 0.535000 0.497644
304.000000 0.540000 0.497644
304.000000 0.545000 0.497644
304.000000 0.550000 0.497644
304.000000 0.555000 0.497644
304.000000 0.560000 0.497644
304.000000 0.565000 0.497644
304.000000 0.570000 0.497644
304.000000 0.575000 0.497644
304.000000 0.580000 0.497644
304.000000 0.585000 0.497644
304.000000 0.590000 0.497644
304.000000 0.595000 0.497644
304.000000 0.600000 0.497644
304.000000 0.605000 0.497644
304.000000 0.610000 0.497644
304.000000 0.615000 0.497644
304.000000 0.620000 0.497644
304.000000 0.625000 0.497644
304.000000 0.630000 0.497644
304.000000 0.635000 0.497644
304.000000 0.640000 0.497644
304.000000 0.645000 0.497644
304.000000 0.650000 0.497644
304.000000 0.655000 0.497644
304.000000 0.660000 0.497644
304.000000 0.665000 0.497644
304.000000 0.670000 0.497644
304.000000 0.675000 0.497644
304.000000 0.680000 0.497644
304.000000 0.685000 0.497644
304.000000 0.690000 0.497644
304.000000 0.695000 0.497644
304.000000 0.700000 0.497644
304.000000 0.705000 0.497644
304.000000 0.710000 0.497644
304.000000 0.715000 0.497644
304.000000 0.720000 0.497644
304.000000 0.725000 0.497644
304.000000 0.730000 0.497644
304.000000 0.735000 0.497644
304.000000 0.740000 0.497644
304.000000 0.745000 0.497644
304.000000 0.750000 0.497644
304.000000 0.755000 0.497644
304.000000 0.760000 0.497644
304.000000 0.765000 0.497644
304.000000 0.770000 0.497644
304.000000 0.775000 0.497644
304.000000 0.780000 0.497644
304.000000 0.785000 0.497644
304.000000 0.790000 0.497644
304.000000 0.795000 0.497644
304.000000 0.800000 0.497644
304.000000 0.805000 0.497644
304.000000 0.810000 0.497644
304.000000 0.815000 0.497644
304.000000 0.820000 0.497644
304.000000 0.825000 0.497644
304.000000 0.830000 0.497644
304.000000 0.835000 0.497644
304.000000 0.840000 0.497644
304.000000 0.845000 0.497644
304.000000 0.850000 0.497644
304.000000 0.855000 0.497644
304.000000 0.860000 0.497644
304.000000 0.865000 0.497644
304.000000 0.870000 0.497644
304.000000 0.875000 0.497644
304.000000 0.880000 0.497644
304.000000 0.885000 0.497644
304.000000 0.890000 0.497644
304.000000 0.895000 0.497644
304.000000 0.900000 0.497644
304.000000 0.905000 0.497644
304.000000 0.910000 0.497644
304.000000 0.915000 0.497644
304.000000 0.920000 0.497644
304.000000 0.925000 0.497644
304.000000 0.930000 0.497644
304.000000 0.935000 0.497644
304.000000 0.940000 0.497644
304.000000 0.945000 0.497644
304.000000 0.950000 0.497644
304.000000 0.955000 0.497644
304.000000 0.960000 0.497644
304.000000 0.965000 0.497644
304.000000 0.970000 0.497644
304.000000 0.975000 0.497644
304.000000 0.980000 0.497644
304.000000 0.985000 0.497644
304.000000 0.990000 0.497644
304.000000 0.995000 0.497644
304.000000 0.000000 0.502587
304.000000 0.005002 0.502616
304.000000 0.010001 0.502619
304.000000 0.015000 0.502619
304.000000 0.020000 0.502619
304.000000 0.025000 0.502619
304.000000 0.030000 0.502619
304.000000 0.035000 0.502619
304.000000 0.040000 0.502619
304.000000 0.045000 0.502619
304.000000 0.050000 0.502619
304.000000 0.055000 0.502619
304.000000 0.060000 0.502619
304.000000 0.065000 0.502619
304.000000 0.070000 0.502619
304.000000 0.075000 0.502619
304.000000 0.080000 0.502619
304.000000 0.085000 0.502619
304.000000 0.090000 0.502619
304.000000 0.095000 0.502619
304.000000 0.100000 0.502619
304.000000 0.105000 0.502619
304.000000 0.110000 0.502619
304.000000 0.115000 0.502619
304.000000 0.120000 0.502619
304.000000 0.125000 0.502619
304.000000 0.130000 0.502619
304.000000 0.135000 0.502619
304.000000 0.140000 0.502619
304.000000 0.145000 0.502619
304.000000 0.150000 0.502619
304.000000 0.155000 0.502619
304.000000 0.160000 0.502619
304.000000 0.165000 0.502619
304.000000 0.170000 0.502619
304.000000 0.175000 0.502619
304.000000 0.180000 0.502619
304.000000 0.185000 0.502619
304.000000 0.190000 0.502619
304.000000 0.195000 0.502619
304.000000 0.200000 0.502619
304.000000 0.205000 0.502619
304.000000 0.210000 0.502619
304.000000 0.215000 0.502619
304.000000 0.220000 0.502619
304.000000 0.225000 0.502619
304.000000 0.230000 0.502619
304.000000 0.235000 0.502619
304.000000 0.240000 0.502619
304.000000 0.245000 0.502619
304.000000 0.250000 0.502619
304.000000 0.255000 0.502619
304.000000 0.260000 0.502619
304.000000 0.265000 0.502619
304.000000 0.270000 0.502619
304.000000 0.275000 0.502619
304.000000 0.280000 0.502619
304.000000 0.285000 0.502619
304.000000 0.290000 0.502619
304.000000 0.295000 0.502619
304.000000 0.300000 0.502619
304.000000 0.305000 0.502619
304.000000 0.310000 0.502619
304.000000 0.315000 0.502619
304.000000 0.320000 0.502619
304.000000 0.325000 0.502619
304.000000 0.330000 0.502619
304.000000 0.335000 0.502619
304.000000 0.340000 0.502619
304.000000 0.345000 0.502619
304.000000 0.350000 0.502619
304.000000 0.355000 0.502619
304.000000 0.360000 0.502619
304.000000 0.365000 0.502619
304.000000 0.370000 0.502619
304.000000 0.375000 0.502619
304.000000 0.380000 0.502619
304.000000 0.385000 0.502619
304.000000 0.390000 0.502619
304.000000 0.395000 0.502619
304.000000 0.400000 0.502619
304.000000 0.405000 0.502619
304.000000 0.410000 0.502619
304.000000 0.415000 0.502619
304.000000 0.420000 0.502619
304.000000 0.425000 0.502619
304.000000 0.430000 0.502619
304.000000 0.435000 0.502619
304.000000 0.440000 0.502619
304.000000 0.445000 0.502619
304.000000 0.450000 0.502619
304.000000 0.455000 0.502619
304.000000 0.460000 0.502619
304.000000 0.465000 0.502619
304.000000 0.470000 0.502619
304.000000 0.475000 0.502619
304.000000 0.480000 0.502619
304.000000 0.485000 0.502619
304.000000 0.490000 0.502619
304.000000 0.495000 0.502619
304.000000 0.500000 0.502619
304.000000 0.505000 0.502619
304.000000 0.510000 0.502619
304.000000 0.515000 0.502619
304.000000 0.520000 0.502619
304.000000 0.525000 0.502619
304.000000 0.530000 0.502619
304.000000 0.535000 0.502619
304.000000 0.540000 0.502619
304.000000 0.545000 0.502619
304.000000 0.550000 0.502619
304.000000 0.555000 0.502619
304.000000 0.560000 0.502619
304.000000 0.565000 0.502619
304.000000 0.570000 0.502619
304.000000 0.575000 0.502619
304.000000 0.580000 0.502619
304.000000 0.585000 0.502619
304.000000 0.590000 0.502619
304.000000 0.595000 0.502619
304.000000 0.600000 0.502619
304.000000 0.605000 0.502619
304.000000 0.610000 0.502619
304.000000 0.615000 0.502619
304.000000 0.620000 0.502619
304.000000 0.625000 0.502619
304.000000 0.630000 0.502619
304.000000 0.635000 0.502619
304.000000 0.640000 0.502619
304.000000 0.645000 0.502619
304.000000 0.650000 0.502619
304.000000 0.655000 0.502619
304.000000 0.660000 0.502619
304.000000 0.665000 0.502619
304.000000 0.670000 0.502619
304.000000 0.675000 0.502619
304.000000 0.680000 0.502619
304.000000 0.685000 0.502619
304.000000 0.690000 0.502619
304.000000 0.695000 0.502619
304.000000 0.700000 0.502619
304.000000 0.705000 0.502619
304.000000 0.710000 0.502619
304.000000 0.715000 0.502619
304.000000 0.720000 0.502619
304.000000 0.725000 0.502619
304.000000 0.730000 0.502619
304.000000 0.735000 0.502619
304.000000 0.740000 0.502619
304.000000 0.745000 0.502619
304.000000 0.750000 0.502619
304.000000 0.755000 0.502619
304.000000 0.760000 0.502619
304.000000 0.765000 0.502619
304.000000 0.770000 0.502619
304.000000 0.775000 0.502619
304.000000 0.780000 0.502619
304.000000 0.785000 0.502619
304.000000 0.790000 0.502619
304.000000 0.795000 0.502619
304.000000 0.800000 0.502619
304.000000 0.805000 0.502619
304.000000 0.810000 0.502619
304.000000 0.815000 0.502619
304.000000 0.820000 0.502619
304.000000 0.825000 0.502619
304.000000 0.830000 0.502619
304.000000 0.835000 0.502619
304.000000 0.840000 0.502619
304.000000 0.845000 0.502619
304.000000 0.850000 0.502619
304.000000 0.855000 0.502619
304.000000 0.860000 0.502619
304.000000 0.865000 0.502619
304.000000 0.870000 0.502619
304.000000 0.875000 0.502619
304.000000 0.880000 0.502619
304.000000 0.885000 0.502619
304.000000 0.890000 0.502619
304.000000 0.895000 0.502619
304.000000 0.900000 0.502619
304.000000 0.905000 0.502619
304.000000 0.910000 0.502619
304.000000 0.915000 0.502619
304.000000 0.920000 0.502619
304.000000 0.925000 0.502619
304.000000 0.930000 0.502619
304.000000 0.935000 0.502619
304.000000 0.940000 0.502619
304.000000 0.945000 0.502619
304.000000 0.950000 0.502619
304.000000 0.955000 0.502619
304.000000 0.960000 0.502619
304.000000 0.965000 0.502619
304.000000 0.970000 0.502619
304.000000 0.975000 0.502619
304.000000 0.980000 0.502619
304.000000 0.985000 0.502619
304.000000 0.990000 0.502619
304.000000 0.995000 0.502620
340.000000 0.000000 0.497705
340.000000 0.005005 0.497657
340.000000 0.010004 0.497654
340.000000 0.015002 0.497654
340.000000 0.020001 0.497652
340.000000 0.025001 0.497652
340.000000 0.030000 0.497652
340.000000 0.035000 0.497652
340.000000 0.040000 0.497652
340.000000 0.045000 0.497652
340.000000 0.050000 0.497652
340.000000 0.055000 0.497652
340.000000 0.060000 0.497652
340.000000 0.065000 0.497652
340.000000 0.070000 0.497652
340.000000 0.075000 0.497652
340.000000 0.080000 0.497652
340.000000 0.085000 0.497652
340.000000 0.090000 0.497652
340.000000 0.095000 0.497652
340.000000 0.100000 0.497652
340.000000 0.105000 0.497652
340.000000 0.110000 0.497652
340.000000 0.115000 0.497652
340.000000 0.120000 0.497652
340.000000 0.125000 0.497652
340.000000 0.130000 0.497652
340.000000 0.135000 0.497652
340.000000 0.140000 0.497652
340.000000 0.145000 0.497652
340.000000 0.150000 0.497652
340.000000 0.155000 0.497652
340.000000 0.160000 0.497652
340.000000 0.165000 0.497652
340.000000 0.170000 0.497652
340.000000 0.175000 0.497652
340.000000 0.180000 0.497652
340.000000 0.185000 0.497652
340.000000 0.190000 0.497652
340.000000 0.195000 0.497652
340.000000 0.200000 0.497652
340.000000 0.205000 0.497652
340.000000 0.210000 0.497652
340.000000 0.215000 0.497652
340.000000 0.220000 0.497652
340.000000 0.225000 0.497652
340.000000 0.230000 0.497652
340.000000 0.235000 0.497652
340.000000 0.240000 0.497652
340.000000 0.245000 0.497652
340.000000 0.250000 0.497652
340.000000 0.255000 0.497652
340.000000 0.260000 0.497652
340.000000 0.265000 0.497652
340.000000 0.270000 0.497652
340.000000 0.275000 0.497652
340.000000 0.280000 0.497652
340.000000 0.285000 0.497652
340.000000 0.290000 0.497652
340.000000 0.295000 0.497652
340.000000 0.300000 0.497652
340.000000 0.305000 0.497652
340.000000 0.310000 0.497652
340.000000 0.315000 0.497652
340.000000 0.320000 0.497652
340.000000 0.325000 0.497652
340.000000 0.330000 0.497652
340.000000 0.335000 0.497652
340.000000 0.340000 0.497652
340.000000 0.345000 0.497652
340.000000 0.350000 0.497652
340.000000 0.355000 0.497652
340.000000 0.360000 0.497652
340.000000 0.365000 0.497652
340.000000 0.370000 0.497652
340.000000 0.375000 0.497652
340.000000 0.380000 0.497652
340.000000 0.385000 0.497652
340.000000 0.390000 0.497652
340.000000 0.395000 0.497652
340.000000 0.400000 0.497652
340.000000 0.405000 0.497652
340.000000 0.410000 0.497652
340.000000 0.415000 0.497652
340.000000 0.420000 0.497652
340.000000 0.425000 0.497652
340.000000 0.430000 0.497652
340.000000 0.435000 0.497652
340.000000 0.440000 0.497652
340.000000 0.445000 0.497652
340.000000 0.450000 0.497652
340.000000 0.455000 0.497652
340.000000 0.460000 0.497652
340.000000 0.465000 0.497652
340.000000 0.470000 0.497652
340.000000 0.475000 0.497652
340.000000 0.480000 0.497652
340.000000 0.485000 0.497652
340.000000 0.490000 0.497652
340.000000 0.495000 0.497652
340.000000 0.500000 0.497652
340.000000 0.505000 0.497652
340.000000 0.510000 0.497652
340.000000 0.515000 0.497652
340.000000 0.520000 0.497652
340.000000 0.525000 0.497652
340.000000 0.530000 0.497652
340.000000 0.535000 0.497652
340.000000 0.540000 0.497652
340.000000 0.545000 0.497652
340.000000 0.550000 0.497652
340.000000 0.555000 0.497652
340.000000 0.560000 0.497652
340.000000 0.565000 0.497652
340.000000 0.570000 0.497652
340.000000 0.575000 0.497652
340.000000 0.580000 0.497652
340.000000 0.585000 0.497652
340.000000 0.590000 0.497652
340.000000 0.595000 0.497652
340.000000 0.600000 0.497652
340.000000 0.605000 0.497652
340.000000 0.610000 0.497652
340.000000 0.615000 0.497652
340.000000 0.620000 0.497652
340.000000 0.625000 0.497652
340.000000 0.630000 0.497652
340.000000 0.635000 0.497652
340.000000 0.640000 0.497652
340.000000 0.645000 0.497652
340.000000 0.650000 0.497652
340.000000 0.655000 0.497652
340.000000 0.660000 0.497652
340.000000 0.665000 0.497652
340.000000 0.670000 0.497652
340.000000 0.675000 0.497652
340.000000 0.680000 0.497652
340.000000 0.685000 0.497652
340.000000 0.690000 0.497652
340.000000 0.695000 0.497652
340.000000 0.700000 0.497652
340.000000 0.705000 0.497652
340.000000 0.710000 0.497652
340.000000 0.715000 0.497652
340.000000 0.720000 0.497652
340.000000 0.725000 0.497652
340.000000 0.730000 0.497652
340.000000 0.735000 0.497652
340.000000 0.740000 0.497652
340.000000 0.745000 0.497652
340.000000 0.750000 0.497652
340.000000 0.755000 0.497652
340.000000 0.760000 0.497652
340.000000 0.765000 0.497652
340.000000 0.770000 0.497652
340.000000 0.775000 0.497652
340.000000 0.780000 0.497652
340.000000 0.785000 0.497652
340.000000 0.790000 0.497652
340.000000 0.795000 0.497652
340.000000 0.800000 0.497652
340.000000 0.805000 0.497652
340.000000 0.810000 0.497652
340.000000 0.815000 0.497652
340.000000 0.820000 0.497652
340.000000 0.825000 0.497652
340.000000 0.830000 0.497652
340.000000 0.835000 0.497652
340.000000 0.840000 0.497652
340.000000 0.845000 0.497652
340.000000 0.850000 0.497652
340.000000 0.855000 0.497652
340.000000 0.860000 0.497652
340.000000 0.865000 0.497652
340.000000 0.870000 0.497652
340.000000 0.875000 0.497652
340.000000 0.880000 0.497652
340.000000 0.885000 0.497652
340.000000 0.890000 0.497652
340.000000 0.895000 0.497652
340.000000 0.900000 0.497652
340.000000 0.905000 0.497652
340.000000 0.910000 0.497652
340.000000 0.915000 0.497652
340.000000 0.920000 0.497652
340.000000 0.925000 0.497652
340.000000 0.930000 0.497652
340.000000 0.935000 0.497652
340.000000 0.940000 0.497652
340.000000 0.945000 0.497652
340.000000 0.950000 0.497652
340.000000 0.955000 0.497652
340.000000 0.960000 0.497652
340.000000 0.965000 0.497652
340.000000 0.970000 0.497652
340.000000 0.975000 0.497652
340.000000 0.980000 0.497652
340.000000 0.985000 0.497652
340.000000 0.990000 0.497652
340.000000 0.995000 0.497651
340.000000 0.000000 0.502558
340.000000 0.005005 0.502607
340.000000 0.010004 0.502611
340.000000 0.015002 0.502613
340.000000 0.020001 0.502612
340.000000 0.025000 0.502612
340.000000 0.030000 0.502612
340.000000 0.035000 0.502612
340.000000 0.040000 0.502612
340.000000 0.045000 0.502612
340.000000 0.050000 0.502612
340.000000 0.055000 0.502612
340.000000 0.060000 0.502612
340.000000 0.065000 0.502612
340.000000 0.070000 0.502612
340.000000 0.075000 0.502612
340.000000 0.080000 0.502612
340.000000 0.085000 0.502612
340.000000 0.090000 0.502612
340.000000 0.095000 0.502612
340.000000 0.100000 0.502612
340.000000 0.105000 0.502612
340.000000 0.110000 0.502612
340.000000 0.115000 0.502612
340.000000 0.120000 0.502612
340.000000 0.125000 0.502612
340.000000 0.130000 0.502612
340.000000 0.135000 0.502612
340.000000 0.140000 0.502612
340.000000 0.145000 0.502612
340.000000 0.150000 0.502612
340.000000 0.155000 0.502612
340.000000 0.160000 0.502612
340.000000 0.165000 0.502612
340.000000 0.170000 0.502612
340.000000 0.175000 0.502612
340.000000 0.180000 0.502612
340.000000 0.185000 0.502612
340.000000 0.190000 0.502612
340.000000 0.195000 0.502612
340.000000 0.200000 0.502612
340.000000 0.205000 0.502612
340.000000 0.210000 0.502612
340.000000 0.215000 0.502612
340.000000 0.220000 0.502612
340.000000 0.225000 0.502612
340.000000 0.230000 0.502612
340.000000 0.235000 0.502612
340.000000 0.240000 0.502612
340.000000 0.245000 0.502612
340.000000 0.250000 0.502612
340.000000 0.255000 0.502612
340.000000 0.260000 0.502612
340.000000 0.265000 0.502612
340.000000 0.270000 0.502612
340.000000 0.275000 0.502612
340.000000 0.280000 0.502612
340.000000 0.285000 0.502612
340.000000 0.290000 0.502612
340.000000 0.295000 0.502612
340.000000 0.300000 0.502612
340.000000 0.305000 0.502612
340.000000 0.310000 0.502612
340.000000 0.315000 0.502612
340.000000 0.320000 0.502612
340.000000 0.325000 0.502612
340.000000 0.330000 0.502612
340.000000 0.335000 0.502612
340.000000 0.340000 0.502612
340.000000 0.345000 0.502612
340.000000 0.350000 0.502612
340.000000 0.355000 0.502612
340.000000 0.360000 0.502612
340.000000 0.365000 0.502612
340.000000 0.370000 0.502612
340.000000 0.375000 0.502612
340.000000 0.380000 0.502612
340.000000 0.385000 0.502612
340.000000 0.390000 0.502612
340.000000 0.395000 0.502612
340.000000 0.400000 0.502612
340.000000 0.405000 0.502612
340.000000 0.410000 0.502612
340.000000 0.415000 0.502612
340.000000 0.420000 0.502612
340.000000 0.425000 0.502612
340.000000 0.430000 0.502612
340.000000 0.435000 0.502612
340.000000 0.440000 0.502612
340.000000 0.445000 0.502612
340.000000 0.450000 0.502612
340.000000 0.455000 0.502612
340.000000 0.460000 0.502612
340.000000 0.465000 0.502612
340.000000 0.470000 0.502612
340.000000 0.475000 0.502612
340.000000 0.480000 0.502612
340.000000 0.485000 0.502612
340.000000 0.490000 0.502612
340.000000 0.495000 0.502612
340.000000 0.500000 0.502612
340.000000 0.505000 0.502612
340.000000 0.510000 0.502612
340.000000 0.515000 0.502612
340.000000 0.520000 0.502612
340.000000 0.525000 0.502612
340.000000 0.530000 0.502612
340.000000 0.535000 0.502612
340.000000 0.540000 0.502612
340.000000 0.545000 0.502612
340.000000 0.550000 0.502612
340.000000 0.555000 0.502612
340.000000 0.560000 0.502612
340.000000 0.565000 0.502612
340.000000 0.570000 0.502612
340.000000 0.575000 0.502612
340.000000 0.580000 0.502612
340.000000 0.585000 0.502612
340.000000 0.590000 0.502612
340.000000 0.595000 0.502612
340.000000 0.600000 0.502612
340.000000 0.605000 0.502612
340.000000 0.610000 0.502612
340.000000 0.615000 0.502612
340.000000 0.620000 0.502612
340.000000 0.625000 0.502612
340.000000 0.630000 0.502612
340.000000 0.635000 0.502612
340.000000 0.640000 0.502612
340.000000 0.645000 0.502612
340.000000 0.650000 0.502612
340.000000 0.655000 0.502612
340.000000 0.660000 0.502612
340.000000 0.665000 0.502612
340.000000 0.670000 0.502612
340.000000 0.675000 0.502612
340.000000 0.680000 0.502612
340.000000 0.685000 0.502612
340.000000 0.690000 0.502612
340.000000 0.695000 0.502612
340.000000 0.700000 0.502612
340.000000 0.705000 0.502612
340.000000 0.710000 0.502612
340.000000 0.715000 0.502612
340.000000 0.720000 0.502612
340.000000 0.725000 0.502612
340.000000 0.730000 0.502612
340.000000 0.735000 0.502612
340.000000 0.740000 0.502612
340.000000 0.745000 0.502612
340.000000 0.750000 0.502612
340.000000 0.755000 0.502612
340.000000 0.760000 0.502612
340.000000 0.765000 0.502612
340.000000 0.770000 0.502612
340.000000 0.775000 0.502612
340.000000 0.780000 0.502612
340.000000 0.785000 0.502612
340.000000 0.790000 0.502612
340.000000 0.795000 0.502612
340.000000 0.800000 0.502612
340.000000 0.805000 0.502612
340.000000 0.810000 0.502612
340.000000 0.815000 0.502612
340.000000 0.820000 0.502612
340.000000 0.825000 0.502612
340.000000 0.830000 0.502612
340.000000 0.835000 0.502612
340.000000 0.840000 0.502612
340.000000 0.845000 0.502612
340.000000 0.850000 0.502612
340.000000 0.855000 0.502612
340.000000 0.860000 0.502612
340.000000 0.865000 0.502612
340.000000 0.870000 0.502612
340.000000 0.875000 0.502612
340.000000 0.880000 0.502612
340.000000 0.885000 0.502612
340.000000 0.890000 0.502612
340.000000 0.895000 0.502612
340.000000 0.900000 0.502612
340.000000 0.905000 0.502612
340.000000 0.910000 0.502612
340.000000 0.915000 0.502612
340.000000 0.920000 0.502612
340.000000 0.925000 0.502612
340.000000 0.930000 0.502612
340.000000 0.935000 0.502612
340.000000 0.940000 0.502612
340.000000 0.945000 0.502612
340.000000 0.950000 0.502612
340.000000 0.955000 0.502612
340.000000 0.960000 0.502612
340.000000 0.965000 0.502612
340.000000 0.970000 0.502612
340.000000 0.975000 0.502612
340.000000 0.980000 0.502612
340.000000 0.985000 0.502613
340.000000 0.990000 0.502614
340.000000 0.995000 0.502613
378.000000 0.000000 0.497779
378.000000 0.005003 0.497778
378.000000 0.010006 0.497771
378.000000 0.015009 0.497758
378.000000 0.020011 0.497733
378.000000 0.025006 0.497658
378.000000 0.030001 0.497657
378.000000 0.035001 0.497657
378.000000 0.040000 0.497657
378.000000 0.045000 0.497657
378.000000 0.050000 0.497657
378.000000 0.055000 0.497659
378.000000 0.060000 0.497658
378.000000 0.065000 0.497658
378.000000 0.070000 0.497659
378.000000 0.075000 0.497659
378.000000 0.080000 0.497659
378.000000 0.085000 0.497660
378.000000 0.090000 0.497659
378.000000 0.095000 0.497658
378.000000 0.100000 0.497658
378.000000 0.105000 0.497658
378.000000 0.110000 0.497658
378.000000 0.115000 0.497658
378.000000 0.120000 0.497658
378.000000 0.125000 0.497658
378.000000 0.130000 0.497658
378.000000 0.135000 0.497658
378.000000 0.140000 0.497658
378.000000 0.145000 0.497658
378.000000 0.150000 0.497658
378.000000 0.155000 0.497658
378.000000 0.160000 0.497658
378.000000 0.165000 0.497660
378.000000 0.170000 0.497660
378.000000 0.175000 0.497660
378.000000 0.180000 0.497660
378.000000 0.185000 0.497658
378.000000 0.190000 0.497658
378.000000 0.195000 0.497658
378.000000 0.200000 0.497658
378.000000 0.205000 0.497658
378.000000 0.210000 0.497658
378.000000 0.215000 0.497658
378.000000 0.220000 0.497658
378.000000 0.225000 0.497658
378.000000 0.230000 0.497658
378.000000 0.235000 0.497658
378.000000 0.240000 0.497658
378.000000 0.245000 0.497658
378.000000 0.250000 0.497658
378.000000 0.255000 0.497658
378.000000 0.260000 0.497658
378.000000 0.265000 0.497658
378.000000 0.270000 0.497658
378.000000 0.275000 0.497658
378.000000 0.280000 0.497658
378.000000 0.285000 0.497658
378.000000 0.290000 0.497658
378.000000 0.295000 0.497658
378.000000 0.300000 0.497658
378.000000 0.305000 0.497658
378.000000 0.310000 0.497658
378.000000 0.315000 0.497658
378.000000 0.320000 0.497658
378.000000 0.325000 0.497658
378.000000 0.330000 0.497658
378.000000 0.335000 0.497658
378.000000 0.340000 0.497658
378.000000 0.345000 0.497658
378.000000 0.350000 0.497658
378.000000 0.355000 0.497658
378.000000 0.360000 0.497658
378.000000 0.365000 0.497658
378.000000 0.370000 0.497658
378.000000 0.375000 0.497658
378.000000 0.380000 0.497658
378.000000 0.385000 0.497658
378.000000 0.390000 0.497658
378.000000 0.395000 0.497658
378.000000 0.400000 0.497658
378.000000 0.405000 0.497658
378.000000 0.410000 0.497658
378.000000 0.415000 0.497658
378.000000 0.420000 0.497658
378.000000 0.425000 0.497658
378.000000 0.430000 0.497658
378.000000 0.435000 0.497658
378.000000 0.440000 0.497658
378.000000 0.445000 0.497658
378.000000 0.450000 0.497659
378.000000 0.455000 0.497660
378.000000 0.460000 0.497659
378.000000 0.465000 0.497659
378.000000 0.470000 0.497659
378.000000 0.475000 0.497658
378.000000 0.480000 0.497658
378.000000 0.485000 0.497658
378.000000 0.490000 0.497659
378.000000 0.495000 0.497658
378.000000 0.500000 0.497658
378.000000 0.505000 0.497659
378.000000 0.510000 0.497659
378.000000 0.515000 0.497659
378.000000 0.520000 0.497659
378.000000 0.525000 0.497659
378.000000 0.530000 0.497659
378.000000 0.535000 0.497659
378.000000 0.540000 0.497659
378.000000 0.545000 0.497660
378.000000 0.550000 0.497659
378.000000 0.555000 0.497658
378.000000 0.560000 0.497658
378.000000 0.565000 0.497658
378.000000 0.570000 0.497658
378.000000 0.575000 0.497658
378.000000 0.580000 0.497658
378.000000 0.585000 0.497658
378.000000 0.590000 0.497658
378.000000 0.595000 0.497658
378.000000 0.600000 0.497658
378.000000 0.605000 0.497658
378.000000 0.610000 0.497658
378.000000 0.615000 0.497658
378.000000 0.620000 0.497658
378.000000 0.625000 0.497658
378.000000 0.630000 0.497658
378.000000 0.635000 0.497658
378.000000 0.640000 0.497658
378.000000 0.645000 0.497658
378.000000 0.650000 0.497658
378.000000 0.655000 0.497658
378.000000 0.660000 0.497658
378.000000 0.665000 0.497658
378.000000 0.670000 0.497658
378.000000 0.675000 0.497658
378.000000 0.680000 0.497658
378.000000 0.685000 0.497658
378.000000 0.690000 0.497658
378.000000 0.695000 0.497658
378.000000 0.700000 0.497658
378.000000 0.705000 0.497658
378.000000 0.710000 0.497657
378.000000 0.715000 0.497657
378.000000 0.720000 0.497657
378.000000 0.725000 0.497657
378.000000 0.730000 0.497657
378.000000 0.735000 0.497657
378.000000 0.740000 0.497657
378.000000 0.745000 0.497658
378.000000 0.750000 0.497658
378.000000 0.755000 0.497658
378.000000 0.760000 0.497658
378.000000 0.765000 0.497658
378.000000 0.770000 0.497658
378.000000 0.775000 0.497658
378.000000 0.780000 0.497658
378.000000 0.785000 0.497658
378.000000 0.790000 0.497658
378.000000 0.795000 0.497658
378.000000 0.800000 0.497658
378.000000 0.805000 0.497658
378.000000 0.810000 0.497658
378.000000 0.815000 0.497658
378.000000 0.820000 0.497658
378.000000 0.825000 0.497658
378.000000 0.830000 0.497658
378.000000 0.835000 0.497658
378.000000 0.840000 0.497658
378.000000 0.845000 0.497658
378.000000 0.850000 0.497658
378.000000 0.855000 0.497658
378.000000 0.860000 0.497658
378.000000 0.865000 0.497658
378.000000 0.870000 0.497658
378.000000 0.875000 0.497658
378.000000 0.880000 0.497658
378.000000 0.885000 0.497658
378.000000 0.890000 0.497658
378.000000 0.895000 0.497658
378.000000 0.900000 0.497658
378.000000 0.905000 0.497658
378.000000 0.910000 0.497658
378.000000 0.915000 0.497658
378.000000 0.920000 0.497658
378.000000 0.925000 0.497658
378.000000 0.930000 0.497658
378.000000 0.935000 0.497658
378.000000 0.940000 0.497658
378.000000 0.945000 0.497658
378.000000 0.950000 0.497659
378.000000 0.955000 0.497658
378.000000 0.960000 0.497658
378.000000 0.965000 0.497658
378.000000 0.970000 0.497659
378.000000 0.975000 0.497658
378.000000 0.980000 0.497658
378.000000 0.985000 0.497658
378.000000 0.990000 0.497659
378.000000 0.995000 0.497658
378.000000 0.000000 0.502458
378.000000 0.024999 0.502606
378.000000 0.029997 0.502610
378.000000 0.034999 0.502608
378.000000 0.040000 0.502607
378.000000 0.045000 0.502608
378.000000 0.050000 0.502608
378.000000 0.055000 0.502608
378.000000 0.060000 0.502608
378.000000 0.065000 0.502608
378.000000 0.070000 0.502608
378.000000 0.075000 0.502609
378.000000 0.080000 0.502609
378.000000 0.085000 0.502609
378.000000 0.090000 0.502609
378.000000 0.095000 0.502608
378.000000 0.100000 0.502608
378.000000 0.105000 0.502608
378.000000 0.110000 0.502608
378.000000 0.115000 0.502608
378.000000 0.120000 0.502608
378.000000 0.125000 0.502608
378.000000 0.130000 0.502608
378.000000 0.135000 0.502608
378.000000 0.140000 0.502608
378.000000 0.145000 0.502608
378.000000 0.150000 0.502608
378.000000 0.155000 0.502608
378.000000 0.160000 0.502608
378.000000 0.165000 0.502608
378.000000 0.170000 0.502608
378.000000 0.175000 0.502608
378.000000 0.180000 0.502608
378.000000 0.185000 0.502608
378.000000 0.190000 0.502608
378.000000 0.195000 0.502608
378.000000 0.200000 0.502608
378.000000 0.205000 0.502608
378.000000 0.210000 0.502608
378.000000 0.215000 0.502608
378.000000 0.220000 0.502608
378.000000 0.225000 0.502608
378.000000 0.230000 0.502608
378.000000 0.235000 0.502608
378.000000 0.240000 0.502608
378.000000 0.245000 0.502608
378.000000 0.250000 0.502608
378.000000 0.255000 0.502608
378.000000 0.260000 0.502608
378.000000 0.265000 0.502608
378.000000 0.270000 0.502608
378.000000 0.275000 0.502608
378.000000 0.280000 0.502608
378.000000 0.285000 0.502608
378.000000 0.290000 0.502608
378.000000 0.295000 0.502608
378.000000 0.300000 0.502608
378.000000 0.305000 0.502608
378.000000 0.310000 0.502608
378.000000 0.315000 0.502608
378.000000 0.320000 0.502608
378.000000 0.325000 0.502608
378.000000 0.330000 0.502608
378.000000 0.335000 0.502608
378.000000 0.340000 0.502608
378.000000 0.345000 0.502608
378.000000 0.350000 0.502608
378.000000 0.355000 0.502608
378.000000 0.360000 0.502608
378.000000 0.365000 0.502608
378.000000 0.370000 0.502608
378.000000 0.375000 0.502608
378.000000 0.380000 0.502608
378.000000 0.385000 0.502608
378.000000 0.390000 0.502608
378.000000 0.395000 0.502608
378.000000 0.400000 0.502608
378.000000 0.405000 0.502608
378.000000 0.410000 0.502608
378.000000 0.415000 0.502608
378.000000 0.420000 0.502608
378.000000 0.425000 0.502608
378.000000 0.430000 0.502608
378.000000 0.435000 0.502608
378.000000 0.440000 0.502608
378.000000 0.445000 0.502608
378.000000 0.450000 0.502609
378.000000 0.455000 0.502609
378.000000 0.460000 0.502608
378.000000 0.465000 0.502608
378.000000 0.470000 0.502608
378.000000 0.475000 0.502608
378.000000 0.480000 0.502608
378.000000 0.485000 0.502608
378.000000 0.490000 0.502609
378.000000 0.495000 0.502608
378.000000 0.500000 0.502608
378.000000 0.505000 0.502608
378.000000 0.510000 0.502608
378.000000 0.515000 0.502608
378.000000 0.520000 0.502608
378.000000 0.525000 0.502608
378.000000 0.530000 0.502608
378.000000 0.535000 0.502609
378.000000 0.540000 0.502609
378.000000 0.545000 0.502609
378.000000 0.550000 0.502609
378.000000 0.555000 0.502608
378.000000 0.560000 0.502608
378.000000 0.565000 0.502608
378.000000 0.570000 0.502608
378.000000 0.575000 0.502608
378.000000 0.580000 0.502608
378.000000 0.585000 0.502608
378.000000 0.590000 0.502608
378.000000 0.595000 0.502608
378.000000 0.600000 0.502608
378.000000 0.605000 0.502608
378.000000 0.610000 0.502608
378.000000 0.615000 0.502608
378.000000 0.620000 0.502608
378.000000 0.625000 0.502608
378.000000 0.630000 0.502608
378.000000 0.635000 0.502608
378.000000 0.640000 0.502608
378.000000 0.645000 0.502608
378.000000 0.650000 0.502608
378.000000 0.655000 0.502608
378.000000 0.660000 0.502608
378.000000 0.665000 0.502608
378.000000 0.670000 0.502608
378.000000 0.675000 0.502608
378.000000 0.680000 0.502608
378.000000 0.685000 0.502608
378.000000 0.690000 0.502608
378.000000 0.695000 0.502608
378.000000 0.700000 0.502608
378.000000 0.705000 0.502608
378.000000 0.710000 0.502607
378.000000 0.715000 0.502607
378.000000 0.720000 0.502607
378.000000 0.725000 0.502607
378.000000 0.730000 0.502607
378.000000 0.735000 0.502607
378.000000 0.740000 0.502607
378.000000 0.745000 0.502608
378.000000 0.750000 0.502608
378.000000 0.755000 0.502608
378.000000 0.760000 0.502608
378.000000 0.765000 0.502608
378.000000 0.770000 0.502608
378.000000 0.775000 0.502608
378.000000 0.780000 0.502608
378.000000 0.785000 0.502608
378.000000 0.790000 0.502608
378.000000 0.795000 0.502608
378.000000 0.800000 0.502608
378.000000 0.805000 0.502608
378.000000 0.810000 0.502608
378.000000 0.815000 0.502608
378.000000 0.820000 0.502608
378.000000 0.825000 0.502608
378.000000 0.830000 0.502608
378.000000 0.835000 0.502608
378.000000 0.840000 0.502608
378.000000 0.845000 0.502608
378.000000 0.850000 0.502608
378.000000 0.855000 0.502608
378.000000 0.860000 0.502608
378.000000 0.865000 0.502608
378.000000 0.870000 0.502608
378.000000 0.875000 0.502608
378.000000 0.880000 0.502608
378.000000 0.885000 0.502608
378.000000 0.890000 0.502608
378.000000 0.895000 0.502608
378.000000 0.900000 0.502608
378.000000 0.905000 0.502608
378.000000 0.910000 0.502608
378.000000 0.915000 0.502608
378.000000 0.920000 0.502608
378.000000 0.925000 0.502608
378.000000 0.930000 0.502608
378.000000 0.935000 0.502608
378.000000 0.940000 0.502608
378.000000 0.945000 0.502608
378.000000 0.950000 0.502608
378.000000 0.955000 0.502608
378.000000 0.960000 0.502608
378.000000 0.965000 0.502608
378.000000 0.970000 0.502608
378.000000 0.975000 0.502608
378.000000 0.980000 0.502608
378.000000 0.985000 0.502608
378.000000 0.990000 0.502609
378.000000 0.995000 0.502609
378.000000 0.002500 0.506788
378.000000 0.022488 0.506880
378.000000 0.005000 0.511115
378.000000 0.010000 0.511120
378.000000 0.014998 0.511133
378.000000 0.019991 0.511174
418.000000 0.025000 0.489228
418.000000 0.029999 0.489231
418.000000 0.034999 0.489228
418.000000 0.039999 0.489225
418.000000 0.044999 0.489221
418.000000 0.049998 0.489218
418.000000 0.054997 0.489216
418.000000 0.059996 0.489215
418.000000 0.064995 0.489213
418.000000 0.069994 0.489212
418.000000 0.074994 0.489210
418.000000 0.079993 0.489210
418.000000 0.084993 0.489210
418.000000 0.089993 0.489210
418.000000 0.094992 0.489210
418.000000 0.099992 0.489209
418.000000 0.104992 0.489209
418.000000 0.109992 0.489210
418.000000 0.114991 0.489210
418.000000 0.119991 0.489211
418.000000 0.124991 0.489211
418.000000 0.129991 0.489211
418.000000 0.134991 0.489210
418.000000 0.139991 0.489210
418.000000 0.144991 0.489210
418.000000 0.149991 0.489208
418.000000 0.154992 0.489208
418.000000 0.159992 0.489207
418.000000 0.164992 0.489204
418.000000 0.169991 0.489208
418.000000 0.174991 0.489209
418.000000 0.179991 0.489209
418.000000 0.184992 0.489207
418.000000 0.189992 0.489205
418.000000 0.194992 0.489208
418.000000 0.199991 0.489210
418.000000 0.204991 0.489211
418.000000 0.209991 0.489210
418.000000 0.214991 0.489210
418.000000 0.219991 0.489210
418.000000 0.224991 0.489210
418.000000 0.229991 0.489211
418.000000 0.234991 0.489210
418.000000 0.239991 0.489209
418.000000 0.244991 0.489209
418.000000 0.249991 0.489209
418.000000 0.254992 0.489208
418.000000 0.259992 0.489207
418.000000 0.264992 0.489205
418.000000 0.269991 0.489208
418.000000 0.274991 0.489210
418.000000 0.279991 0.489210
418.000000 0.284991 0.489210
418.000000 0.289991 0.489210
418.000000 0.294991 0.489210
418.000000 0.299992 0.489209
418.000000 0.304991 0.489210
418.000000 0.309992 0.489209
418.000000 0.314991 0.489209
418.000000 0.319991 0.489210
418.000000 0.324992 0.489209
418.000000 0.329992 0.489209
418.000000 0.334993 0.489207
418.000000 0.339992 0.489209
418.000000 0.344992 0.489210
418.000000 0.349992 0.489211
418.000000 0.354992 0.489210
418.000000 0.359992 0.489210
418.000000 0.364992 0.489210
418.000000 0.369992 0.489210
418.000000 0.374992 0.489210
418.000000 0.379991 0.489211
418.000000 0.384992 0.489211
418.000000 0.389991 0.489211
418.000000 0.394991 0.489212
418.000000 0.399992 0.489211
418.000000 0.404992 0.489212
418.000000 0.409991 0.489212
418.000000 0.414991 0.489212
418.000000 0.419991 0.489211
418.000000 0.424991 0.489211
418.000000 0.429991 0.489211
418.000000 0.434991 0.489211
418.000000 0.439992 0.489209
418.000000 0.444992 0.489207
418.000000 0.449991 0.489209
418.000000 0.454991 0.489210
418.000000 0.459991 0.489211
418.000000 0.464992 0.489209
418.000000 0.469992 0.489209
418.000000 0.474992 0.489208
418.000000 0.479992 0.489208
418.000000 0.484992 0.489209
418.000000 0.489992 0.489207
418.000000 0.494993 0.489207
418.000000 0.499993 0.489205
418.000000 0.504994 0.489201
418.000000 0.509995 0.489195
418.000000 0.514996 0.489187
418.000000 0.519994 0.489168
418.000000 0.524986 0.489117
418.000000 0.022502 0.493554
418.000000 0.162497 0.493535
418.000000 0.187497 0.493535
418.000000 0.262497 0.493535
418.000000 0.332496 0.493537
418.000000 0.442495 0.493537
418.000000 0.527482 0.493403
418.000000 0.000000 0.497888
418.000000 0.005002 0.497887
418.000000 0.010003 0.497885
418.000000 0.015003 0.497883
418.000000 0.020003 0.497883
418.000000 0.530000 0.497665
418.000000 0.534996 0.497658
418.000000 0.539996 0.497661
418.000000 0.544998 0.497662
418.000000 0.549999 0.497663
418.000000 0.555000 0.497664
418.000000 0.560000 0.497664
418.000000 0.565000 0.497664
418.000000 0.570000 0.497664
418.000000 0.575000 0.497663
418.000000 0.580000 0.497663
418.000000 0.585000 0.497663
418.000000 0.590000 0.497663
418.000000 0.595000 0.497663
418.000000 0.600000 0.497664
418.000000 0.605000 0.497664
418.000000 0.610000 0.497664
418.000000 0.615000 0.497664
418.000000 0.620000 0.497663
418.000000 0.625000 0.497663
418.000000 0.630000 0.497664
418.000000 0.635000 0.497664
418.000000 0.640000 0.497664
418.000000 0.645000 0.497664
418.000000 0.650000 0.497664
418.000000 0.655000 0.497664
418.000000 0.660000 0.497664
418.000000 0.665000 0.497664
418.000000 0.670000 0.497664
418.000000 0.675000 0.497664
418.000000 0.680000 0.497664
418.000000 0.685000 0.497664
418.000000 0.690000 0.497662
418.000000 0.695000 0.497662
418.000000 0.700000 0.497663
418.000000 0.705000 0.497663
418.000000 0.710000 0.497663
418.000000 0.715000 0.497662
418.000000 0.720000 0.497662
418.000000 0.725000 0.497662
418.000000 0.730000 0.497664
418.000000 0.735000 0.497663
418.000000 0.740000 0.497663
418.000000 0.745000 0.497663
418.000000 0.750000 0.497662
418.000000 0.755000 0.497664
418.000000 0.760000 0.497664
418.000000 0.765000 0.497664
418.000000 0.770000 0.497665
418.000000 0.775000 0.497664
418.000000 0.780000 0.497664
418.000000 0.785000 0.497665
418.000000 0.790000 0.497665
418.000000 0.795000 0.497664
418.000000 0.800000 0.497664
418.000000 0.805000 0.497664
418.000000 0.810000 0.497664
418.000000 0.815000 0.497664
418.000000 0.820000 0.497664
418.000000 0.825000 0.497664
418.000000 0.830000 0.497664
418.000000 0.835000 0.497664
418.000000 0.840000 0.497664
418.000000 0.845000 0.497663
418.000000 0.850000 0.497663
418.000000 0.855000 0.497664
418.000000 0.860000 0.497663
418.000000 0.865000 0.497663
418.000000 0.870000 0.497663
418.000000 0.875000 0.497663
418.000000 0.880000 0.497663
418.000000 0.885000 0.497662
418.000000 0.890000 0.497662
418.000000 0.895000 0.497662
418.000000 0.900000 0.497663
418.000000 0.905000 0.497664
418.000000 0.910000 0.497664
418.000000 0.915000 0.497664
418.000000 0.920000 0.497664
418.000000 0.925000 0.497664
418.000000 0.930000 0.497664
418.000000 0.935000 0.497664
418.000000 0.940000 0.497664
418.000000 0.945000 0.497664
418.000000 0.950000 0.497664
418.000000 0.955000 0.497664
418.000000 0.960000 0.497664
418.000000 0.965000 0.497664
418.000000 0.970000 0.497664
418.000000 0.975001 0.497664
418.000000 0.980001 0.497664
418.000000 0.985001 0.497664
418.000000 0.990001 0.497664
418.000000 0.995000 0.497663
418.000000 0.025018 0.502383
418.000000 0.030017 0.502396
418.000000 0.035014 0.502406
418.000000 0.040012 0.502412
418.000000 0.045010 0.502417
418.000000 0.050008 0.502422
418.000000 0.055006 0.502425
418.000000 0.060004 0.502427
418.000000 0.065002 0.502429
418.000000 0.070001 0.502431
418.000000 0.075001 0.502433
418.000000 0.080000 0.502432
418.000000 0.084999 0.502433
418.000000 0.089999 0.502433
418.000000 0.094998 0.502433
418.000000 0.099998 0.502433
418.000000 0.104998 0.502433
418.000000 0.109998 0.502433
418.000000 0.114998 0.502434
418.000000 0.119998 0.502433
418.000000 0.124998 0.502433
418.000000 0.129998 0.502435
418.000000 0.134998 0.502435
418.000000 0.139998 0.502436
418.000000 0.144997 0.502435
418.000000 0.149996 0.502434
418.000000 0.154995 0.502432
418.000000 0.159994 0.502429
418.000000 0.169999 0.502427
418.000000 0.174998 0.502429
418.000000 0.179997 0.502429
418.000000 0.184996 0.502429
418.000000 0.195001 0.502427
418.000000 0.200000 0.502431
418.000000 0.205000 0.502432
418.000000 0.209999 0.502433
418.000000 0.214998 0.502433
418.000000 0.219998 0.502434
418.000000 0.224998 0.502434
418.000000 0.229997 0.502434
418.000000 0.234997 0.502434
418.000000 0.239997 0.502434
418.000000 0.244996 0.502433
418.000000 0.249995 0.502431
418.000000 0.254995 0.502431
418.000000 0.259994 0.502429
418.000000 0.269999 0.502427
418.000000 0.274999 0.502430
418.000000 0.279999 0.502431
418.000000 0.284999 0.502432
418.000000 0.289998 0.502432
418.000000 0.294998 0.502432
418.000000 0.299998 0.502433
418.000000 0.304998 0.502433
418.000000 0.309998 0.502432
418.000000 0.314997 0.502432
418.000000 0.319997 0.502433
418.000000 0.324996 0.502432
418.000000 0.329995 0.502428
418.000000 0.339999 0.502425
418.000000 0.344999 0.502428
418.000000 0.349999 0.502430
418.000000 0.354999 0.502432
418.000000 0.359999 0.502434
418.000000 0.364999 0.502435
418.000000 0.369998 0.502434
418.000000 0.374998 0.502435
418.000000 0.379998 0.502435
418.000000 0.384998 0.502434
418.000000 0.389997 0.502433
418.000000 0.394997 0.502433
418.000000 0.399997 0.502434
418.000000 0.404997 0.502434
418.000000 0.409997 0.502434
418.000000 0.414997 0.502434
418.000000 0.419997 0.502434
418.000000 0.424996 0.502433
418.000000 0.429996 0.502433
418.000000 0.434995 0.502433
418.000000 0.439995 0.502430
418.000000 0.450000 0.502427
418.000000 0.454999 0.502430
418.000000 0.459999 0.502432
418.000000 0.464998 0.502432
418.000000 0.469998 0.502433
418.000000 0.474998 0.502434
418.000000 0.479999 0.502435
418.000000 0.484999 0.502435
418.000000 0.489999 0.502436
418.000000 0.495000 0.502437
418.000000 0.500001 0.502440
418.000000 0.505002 0.502443
418.000000 0.510004 0.502449
418.000000 0.515007 0.502459
418.000000 0.520010 0.502476
418.000000 0.525012 0.502510
418.000000 0.530007 0.502603
418.000000 0.535001 0.502605
418.000000 0.540000 0.502604
418.000000 0.545000 0.502605
418.000000 0.550000 0.502604
418.000000 0.555000 0.502604
418.000000 0.560000 0.502604
418.000000 0.565000 0.502604
418.000000 0.570000 0.502604
418.000000 0.575000 0.502604
418.000000 0.580000 0.502604
418.000000 0.585000 0.502604
418.000000 0.590000 0.502604
418.000000 0.595000 0.502604
418.000000 0.600000 0.502604
418.000000 0.605000 0.502604
418.000000 0.610000 0.502604
418.000000 0.615000 0.502604
418.000000 0.620000 0.502604
418.000000 0.625000 0.502604
418.000000 0.630000 0.502605
418.000000 0.635000 0.502604
418.000000 0.640000 0.502605
418.000000 0.645000 0.502605
418.000000 0.650000 0.502605
418.000000 0.655000 0.502605
418.000000 0.660000 0.502605
418.000000 0.665000 0.502604
418.000000 0.670000 0.502604
418.000000 0.675000 0.502604
418.000000 0.680000 0.502604
418.000000 0.685000 0.502605
418.000000 0.690000 0.502604
418.000000 0.695000 0.502604
418.000000 0.700000 0.502604
418.000000 0.705000 0.502604
418.000000 0.710000 0.502604
418.000000 0.715000 0.502603
418.000000 0.720000 0.502603
418.000000 0.725000 0.502603
418.000000 0.730000 0.502604
418.000000 0.735000 0.502605
418.000000 0.740000 0.502604
418.000000 0.745000 0.502604
418.000000 0.750000 0.502604
418.000000 0.755000 0.502604
418.000000 0.760000 0.502605
418.000000 0.765000 0.502605
418.000000 0.770000 0.502605
418.000000 0.775000 0.502605
418.000000 0.780000 0.502605
418.000000 0.785000 0.502605
418.000000 0.790000 0.502605
418.000000 0.795000 0.502605
418.000000 0.800000 0.502605
418.000000 0.805000 0.502605
418.000000 0.810000 0.502605
418.000000 0.815000 0.502605
418.000000 0.820000 0.502604
418.000000 0.825000 0.502605
418.000000 0.830000 0.502605
418.000000 0.835000 0.502605
418.000000 0.840000 0.502604
418.000000 0.845000 0.502604
418.000000 0.850000 0.502604
418.000000 0.855000 0.502604
418.000000 0.860000 0.502604
418.000000 0.865000 0.502603
418.000000 0.870000 0.502603
418.000000 0.875000 0.502603
418.000000 0.880000 0.502603
418.000000 0.885000 0.502603
418.000000 0.890000 0.502603
418.000000 0.895000 0.502603
418.000000 0.900000 0.502604
418.000000 0.905000 0.502604
418.000000 0.910000 0.502604
418.000000 0.915000 0.502604
418.000000 0.920000 0.502604
418.000000 0.925000 0.502604
418.000000 0.930000 0.502604
418.000000 0.935000 0.502604
418.000000 0.940000 0.502604
418.000000 0.945000 0.502604
418.000000 0.950000 0.502604
418.000000 0.955000 0.502605
418.000000 0.960000 0.502605
418.000000 0.965000 0.502605
418.000000 0.970000 0.502605
418.000000 0.975000 0.502604
418.000000 0.980001 0.502604
418.000000 0.985001 0.502605
418.000000 0.990001 0.502605
418.000000 0.995000 0.502605
418.000000 0.002500 0.506681
418.000000 0.022506 0.506705
418.000000 0.162493 0.506756
418.000000 0.167494 0.506754
418.000000 0.187494 0.506757
418.000000 0.192494 0.506754
418.000000 0.262493 0.506756
418.000000 0.267494 0.506754
418.000000 0.332494 0.506755
418.000000 0.337494 0.506753
418.000000 0.442493 0.506757
418.000000 0.447494 0.506754
418.000000 0.004999 0.511011
418.000000 0.009998 0.511011
418.000000 0.014997 0.511016
418.000000 0.019996 0.511026
0.000000 0.000000 0.495900
0.000000 0.005000 0.495900
0.000000 0.010000 0.495900
0.000000 0.015000 0.495900
0.000000 0.020000 0.495900
0.000000 0.025000 0.495900
0.000000 0.030000 0.495900
0.000000 0.035000 0.495900
0.000000 0.040000 0.495900
0.000000 0.045000 0.495900
0.000000 0.050000 0.495900
0.000000 0.055000 0.495900
0.000000 0.060000 0.495900
0.000000 0.065000 0.495900
0.000000 0.070000 0.495900
0.000000 0.075000 0.495900
0.000000 0.080000 0.495900
0.000000 0.085000 0.495900
0.000000 0.090000 0.495900
0.000000 0.095000 0.495900
0.000000 0.100000 0.495900
0.000000 0.105000 0.495900
0.000000 0.110000 0.495900
0.000000 0.115000 0.495900
0.000000 0.120000 0.495900
0.000000 0.125000 0.495900
0.000000 0.130000 0.495900
0.000000 0.135000 0.495900
0.000000 0.140000 0.495900
0.000000 0.145000 0.495900
0.000000 0.150000 0.495900
0.000000 0.155000 0.495900
0.000000 0.160000 0.495900
0.000000 0.165000 0.495900
0.000000 0.170000 0.495900
0.000000 0.175000 0.495900
0.000000 0.180000 0.495900
0.000000 0.185000 0.495900
0.000000 0.190000 0.495900
0.000000 0.195000 0.495900
0.000000 0.200000 0.495900
0.000000 0.205000 0.495900
0.000000 0.210000 0.495900
0.000000 0.215000 0.495900
0.000000 0.220000 0.495900
0.000000 0.225000 0.495900
0.000000 0.230000 0.495900
0.000000 0.235000 0.495900
0.000000 0.240000 0.495900
0.000000 0.245000 0.495900
0.000000 0.250000 0.495900
0.000000 0.255000 0.495900
0.000000 0.260000 0.495900
0.000000 0.265000 0.495900
0.000000 0.270000 0.495900
0.000000 0.275000 0.495900
0.000000 0.280000 0.495900
0.000000 0.285000 0.495900
0.000000 0.290000 0.495900
0.000000 0.295000 0.495900
0.000000 0.300000 0.495900
0.000000 0.305000 0.495900
0.000000 0.310000 0.495900
0.000000 0.315000 0.495900
0.000000 0.320000 0.495900
0.000000 0.325000 0.495900
0.000000 0.330000 0.495900
0.000000 0.335000 0.495900
0.000000 0.340000 0.495900
0.000000 0.345000 0.495900
0.000000 0.350000 0.495900
0.000000 0.355000 0.495900
0.000000 0.360000 0.495900
0.000000 0.365000 0.495900
0.000000 0.370000 0.495900
0.000000 0.375000 0.495900
0.000000 0.380000 0.495900
0.000000 0.385000 0.495900
0.000000 0.390000 0.495900
0.000000 0.395000 0.495900
0.000000 0.400000 0.495900
0.000000 0.405000 0.495900
0.000000 0.410000 0.495900
0.000000 0.415000 0.495900
0.000000 0.420000 0.495900
0.000000 0.425000 0.495900
0.000000 0.430000 0.495900
0.000000 0.435000 0.495900
0.000000 0.440000 0.495900
0.000000 0.445000 0.495900
0.000000 0.450000 0.495900
0.000000 0.455000 0.495900
0.000000 0.460000 0.495900
0.000000 0.465000 0.495900
0.000000 0.470000 0.495900
0.000000 0.475000 0.495900
0.000000 0.480000 0.495900
0.000000 0.485000 0.495900
0.000000 0.490000 0.495900
0.000000 0.495000 0.495900
0.000000 0.500000 0.495900
0.000000 0.505000 0.495900
0.000000 0.510000 0.495900
0.000000 0.515000 0.495900
0.000000 0.520000 0.495900
0.000000 0.525000 0.495900
0.000000 0.530000 0.495900
0.000000 0.535000 0.495900
0.000000 0.540000 0.495900
0.000000 0.545000 0.495900
0.000000 0.550000 0.495900
0.000000 0.555000 0.495900
0.000000 0.560000 0.495900
0.000000 0.565000 0.495900
0.000000 0.570000 0.495900
0.000000 0.575000 0.495900
0.000000 0.580000 0.495900
0.000000 0.585000 0.495900
0.000000 0.590000 0.495900
0.000000 0.595000 0.495900
0.000000 0.600000 0.495900
0.000000 0.605000 0.495900
0.000000 0.610000 0.495900
0.000000 0.615000 0.495900
0.000000 0.620000 0.495900
0.000000 0.625000 0.495900
0.000000 0.630000 0.495900
0.000000 0.635000 0.495900
0.000000 0.640000 0.495900
0.000000 0.645000 0.495900
0.000000 0.650000 0.495900
0.000000 0.655000 0.495900
0.000000 0.660000 0.495900
0.000000 0.665000 0.495900
0.000000 0.670000 0.495900
0.000000 0.675000 0.495900
0.000000 0.680000 0.495900
0.000000 0.685000 0.495900
0.000000 0.690000 0.495900
0.000000 0.695000 0.495900
0.000000 0.700000 0.495900
0.000000 0.705000 0.495900
0.000000 0.710000 0.495900
0.000000 0.715000 0.495900
0.000000 0.720000 0.495900
0.000000 0.725000 0.495900
0.000000 0.730000 0.495900
0.000000 0.735000 0.495900
0.000000 0.740000 0.495900
0.000000 0.745000 0.495900
0.000000 0.750000 0.495900
0.000000 0.755000 0.495900
0.000000 0.760000 0.495900
0.000000 0.765000 0.495900
0.000000 0.770000 0.495900
0.000000 0.775000 0.495900
0.000000 0.780000 0.495900
0.000000 0.785000 0.495900
0.000000 0.790000 0.495900
0.000000 0.795000 0.495900
0.000000 0.800000 0.495900
0.000000 0.805000 0.495900
0.000000 0.810000 0.495900
0.000000 0.815000 0.495900
0.000000 0.820000 0.495900
0.000000 0.825000 0.495900
0.000000 0.830000 0.495900
0.000000 0.835000 0.495900
0.000000 0.840000 0.495900
0.000000 0.845000 0.495900
0.000000 0.850000 0.495900
0.000000 0.855000 0.495900
0.000000 0.860000 0.495900
0.000000 0.865000 0.495900
0.000000 0.870000 0.495900
0.000000 0.875000 0.495900
0.000000 0.880000 0.495900
0.000000 0.885000 0.495900
0.000000 0.890000 0.495900
0.000000 0.895000 0.495900
0.000000 0.900000 0.495900
0.000000 0.905000 0.495900
0.000000 0.910000 0.495900
0.000000 0.915000 0.495900
0.000000 0.920000 0.495900
0.000000 0.925000 0.495900
0.000000 0.930000 0.495900
0.000000 0.935000 0.495900
0.000000 0.940000 0.495900
0.000000 0.945000 0.495900
0.000000 0.950000 0.495900
0.000000 0.955000 0.495900
0.000000 0.960000 0.495900
0.000000 0.965000 0.495900
0.000000 0.970000 0.495900
0.000000 0.975000 0.495900
0.000000 0.980000 0.495900
0.000000 0.985000 0.495900
0.000000 0.990000 0.495900
0.000000 0.995000 0.495900
0.000000 0.000000 0.504360
0.000000 0.005000 0.504360
0.000000 0.010000 0.504360
0.000000 0.015000 0.504360
0.000000 0.020000 0.504360
0.000000 0.025000 0.504360
0.000000 0.030000 0.504360
0.000000 0.035000 0.504360
0.000000 0.040000 0.504360
0.000000 0.045000 0.504360
0.000000 0.050000 0.504360
0.000000 0.055000 0.504360
0.000000 0.060000 0.504360
0.000000 0.065000 0.504360
0.000000 0.070000 0.504360
0.000000 0.075000 0.504360
0.000000 0.080000 0.504360
0.000000 0.085000 0.504360
0.000000 0.090000 0.504360
0.000000 0.095000 0.504360
0.000000 0.100000 0.504360
0.000000 0.105000 0.504360
0.000000 0.110000 0.504360
0.000000 0.115000 0.504360
0.000000 0.120000 0.504360
0.000000 0.125000 0.504360
0.000000 0.130000 0.504360
0.000000 0.135000 0.504360
0.000000 0.140000 0.504360
0.000000 0.145000 0.504360
0.000000 0.150000 0.504360
0.000000 0.155000 0.504360
0.000000 0.160000 0.504360
0.000000 0.165000 0.504360
0.000000 0.170000 0.504360
0.000000 0.175000 0.504360
0.000000 0.180000 0.504360
0.000000 0.185000 0.504360
0.000000 0.190000 0.504360
0.000000 0.195000 0.504360
0.000000 0.200000 0.504360
0.000000 0.205000 0.504360
0.000000 0.210000 0.504360
0.000000 0.215000 0.504360
0.000000 0.220000 0.504360
0.000000 0.225000 0.504360
0.000000 0.230000 0.504360
0.000000 0.235000 0.504360
0.000000 0.240000 0.504360
0.000000 0.245000 0.504360
0.000000 0.250000 0.504360
0.000000 0.255000 0.504360
0.000000 0.260000 0.504360
0.000000 0.265000 0.504360
0.000000 0.270000 0.504360
0.000000 0.275000 0.504360
0.000000 0.280000 0.504360
0.000000 0.285000 0.504360
0.000000 0.290000 0.504360
0.000000 0.295000 0.504360
0.000000 0.300000 0.504360
0.000000 0.305000 0.504360
0.000000 0.310000 0.504360
0.000000 0.315000 0.504360
0.000000 0.320000 0.504360
0.000000 0.325000 0.504360
0.000000 0.330000 0.504360
0.000000 0.335000 0.504360
0.000000 0.340000 0.504360
0.000000 0.345000 0.504360
0.000000 0.350000 0.504360
0.000000 0.355000 0.504360
0.000000 0.360000 0.504360
0.000000 0.365000 0.504360
0.000000 0.370000 0.504360
0.000000 0.375000 0.504360
0.000000 0.380000 0.504360
0.000000 0.385000 0.504360
0.000000 0.390000 0.504360
0.000000 0.395000 0.504360
0.000000 0.400000 0.504360
0.000000 0.405000 0.504360
0.000000 0.410000 0.504360
0.000000 0.415000 0.504360
0.000000 0.420000 0.504360
0.000000 0.425000 0.504360
0.000000 0.430000 0.504360
0.000000 0.435000 0.504360
0.000000 0.440000 0.504360
0.000000 0.445000 0.504360
0.000000 0.450000 0.504360
0.000000 0.455000 0.504360
0.000000 0.460000 0.504360
0.000000 0.465000 0.504360
0.000000 0.470000 0.504360
0.000000 0.475000 0.504360
0.000000 0.480000 0.504360
0.000000 0.485000 0.504360
0.000000 0.490000 0.504360
0.000000 0.495000 0.504360
0.000000 0.500000 0.504360
0.000000 0.505000 0.504360
0.000000 0.510000 0.504360
0.000000 0.515000 0.504360
0.000000 0.520000 0.504360
0.000000 0.525000 0.504360
0.000000 0.530000 0.504360
0.000000 0.535000 0.504360
0.000000 0.540000 0.504360
0.000000 0.545000 0.504360
0.000000 0.550000 0.504360
0.000000 0.555000 0.504360
0.000000 0.560000 0.504360
0.000000 0.565000 0.504360
0.000000 0.570000 0.504360
0.000000 0.575000 0.504360
0.000000 0.580000 0.504360
0.000000 0.585000 0.504360
0.000000 0.590000 0.504360
0.000000 0.595000 0.504360
0.000000 0.600000 0.504360
0.000000 0.605000 0.504360
0.000000 0.610000 0.504360
0.000000 0.615000 0.504360
0.000000 0.620000 0.504360
0.000000 0.625000 0.504360
0.000000 0.630000 0.504360
0.000000 0.635000 0.504360
0.000000 0.640000 0.504360
0.000000 0.645000 0.504360
0.000000 0.650000 0.504360
0.000000 0.655000 0.504360
0.000000 0.660000 0.504360
0.000000 0.665000 0.504360
0.000000 0.670000 0.504360
0.000000 0.675000 0.504360
0.000000 0.680000 0.504360
0.000000 0.685000 0.504360
0.000000 0.690000 0.504360
0.000000 0.695000 0.504360
0.000000 0.700000 0.504360
0.000000 0.705000 0.504360
0.000000 0.710000 0.504360
0.000000 0.715000 0.504360
0.000000 0.720000 0.504360
0.000000 0.725000 0.504360
0.000000 0.730000 0.504360
0.000000 0.735000 0.504360
0.000000 0.740000 0.504360
0.000000 0.745000 0.504360
0.000000 0.750000 0.504360
0.000000 0.755000 0.504360
0.000000 0.760000 0.504360
0.000000 0.765000 0.504360
0.000000 0.770000 0.504360
0.000000 0.775000 0.504360
0.000000 0.780000 0.504360
0.000000 0.785000 0.504360
0.000000 0.790000 0.504360
0.000000 0.795000 0.504360
0.000000 0.800000 0.504360
0.000000 0.805000 0.504360
0.000000 0.810000 0.504360
0.000000 0.815000 0.504360
0.000000 0.820000 0.504360
0.000000 0.825000 0.504360
0.000000 0.830000 0.504360
0.000000 0.835000 0.504360
0.000000 0.840000 0.504360
0.000000 0.845000 0.504360
0.000000 0.850000 0.504360
0.000000 0.855000 0.504360
0.000000 0.860000 0.504360
0.000000 0.865000 0.504360
0.000000 0.870000 0.504360
0.000000 0.875000 0.504360
0.000000 0.880000 0.504360
0.000000 0.885000 0.504360
0.000000 0.890000 0.504360
0.000000 0.895000 0.504360
0.000000 0.900000 0.504360
0.000000 0.905000 0.504360
0.000000 0.910000 0.504360
0.000000 0.915000 0.504360
0.000000 0.920000 0.504360
0.000000 0.925000 0.504360
0.000000 0.930000 0.504360
0.000000 0.935000 0.504360
0.000000 0.940000 0.504360
0.000000 0.945000 0.504360
0.000000 0.950000 0.504360
0.000000 0.955000 0.504360
0.000000 0.960000 0.504360
0.000000 0.965000 0.504360
0.000000 0.970000 0.504360
0.000000 0.975000 0.504360
0.000000 0.980000 0.504360
0.000000 0.985000 0.504360
0.000000 0.990000 0.504360
0.000000 0.995000 0.504360
2.000000 0.000000 0.496000
2.000000 0.005000 0.496000
2.000000 0.010000 0.496000
2.000000 0.015000 0.496000
2.000000 0.020000 0.496000
2.000000 0.025000 0.496000
2.000000 0.030000 0.496000
2.000000 0.035000 0.496000
2.000000 0.040000 0.496000
2.000000 0.045000 0.496000
2.000000 0.050000 0.496000
2.000000 0.055000 0.496000
2.000000 0.060000 0.496000
2.000000 0.065000 0.496000
2.000000 0.070000 0.496000
2.000000 0.075000 0.496000
2.000000 0.080000 0.496000
2.000000 0.085000 0.496000
2.000000 0.090000 0.496000
2.000000 0.095000 0.496000
2.000000 0.100000 0.496000
2.000000 0.105000 0.496000
2.000000 0.110000 0.496000
2.000000 0.115000 0.496000
2.000000 0.120000 0.496000
2.000000 0.125000 0.496000
2.000000 0.130000 0.496000
2.000000 0.135000 0.496000
2.000000 0.140000 0.496000
2.000000 0.145000 0.496000
2.000000 0.150000 0.496000
2.000000 0.155000 0.496000
2.000000 0.160000 0.496000
2.000000 0.165000 0.496000
2.000000 0.170000 0.496000
2.000000 0.175000 0.496000
2.000000 0.180000 0.496000
2.000000 0.185000 0.496000
2.000000 0.190000 0.496000
2.000000 0.195000 0.496000
2.000000 0.200000 0.496000
2.000000 0.205000 0.496000
2.000000 0.210000 0.496000
2.000000 0.215000 0.496000
2.000000 0.220000 0.496000
2.000000 0.225000 0.496000
2.000000 0.230000 0.496000
2.000000 0.235000 0.496000
2.000000 0.240000 0.496000
2.000000 0.245000 0.496000
2.000000 0.250000 0.496000
2.000000 0.255000 0.496000
2.000000 0.260000 0.496000
2.000000 0.265000 0.496000
2.000000 0.270000 0.496000
2.000000 0.275000 0.496000
2.000000 0.280000 0.496000
2.000000 0.285000 0.496000
2.000000 0.290000 0.496000
2.000000 0.295000 0.496000
2.000000 0.300000 0.496000
2.000000 0.305000 0.496000
2.000000 0.310000 0.496000
2.000000 0.315000 0.496000
2.000000 0.320000 0.496000
2.000000 0.325000 0.496000
2.000000 0.330000 0.496000
2.000000 0.335000 0.496000
2.000000 0.340000 0.496000
2.000000 0.345000 0.496000
2.000000 0.350000 0.496000
2.000000 0.355000 0.496000
2.000000 0.360000 0.496000
2.000000 0.365000 0.496000
2.000000 0.370000 0.496000
2.000000 0.375000 0.496000
2.000000 0.380000 0.496000
2.000000 0.385000 0.496000
2.000000 0.390000 0.496000
2.000000 0.395000 0.496000
2.000000 0.400000 0.496000
2.000000 0.405000 0.496000
2.000000 0.410000 0.496000
2.000000 0.415000 0.496000
2.000000 0.420000 0.496000
2.000000 0.425000 0.496000
2.000000 0.430000 0.496000
2.000000 0.435000 0.496000
2.000000 0.440000 0.496000
2.000000 0.445000 0.496000
2.000000 0.450000 0.496000
2.000000 0.455000 0.496000
2.000000 0.460000 0.496000
2.000000 0.465000 0.496000
2.000000 0.470000 0.496000
2.000000 0.475000 0.496000
2.000000 0.480000 0.496000
2.000000 0.485000 0.496000
2.000000 0.490000 0.496000
2.000000 0.495000 0.496000
2.000000 0.500000 0.496000
2.000000 0.505000 0.496000
2.000000 0.510000 0.496000
2.000000 0.515000 0.496000
2.000000 0.520000 0.496000
2.000000 0.525000 0.496000
2.000000 0.530000 0.496000
2.000000 0.535000 0.496000
2.000000 0.540000 0.496000
2.000000 0.545000 0.496000
2.000000 0.550000 0.496000
2.000000 0.555000 0.496000
2.000000 0.560000 0.496000
2.000000 0.565000 0.496000
2.000000 0.570000 0.496000
2.000000 0.575000 0.496000
2.000000 0.580000 0.496000
2.000000 0.585000 0.496000
2.000000 0.590000 0.496000
2.000000 0.595000 0.496000
2.000000 0.600000 0.496000
2.000000 0.605000 0.496000
2.000000 0.610000 0.496000
2.000000 0.615000 0.496000
2.000000 0.620000 0.496000
2.000000 0.625000 0.496000
2.000000 0.630000 0.496000
2.000000 0.635000 0.496000
2.000000 0.640000 0.496000
2.000000 0.645000 0.496000
2.000000 0.650000 0.496000
2.000000 0.655000 0.496000
2.000000 0.660000 0.496000
2.000000 0.665000 0.496000
2.000000 0.670000 0.496000
2.000000 0.675000 0.496000
2.000000 0.680000 0.496000
2.000000 0.685000 0.496000
2.000000 0.690000 0.496000
2.000000 0.695000 0.496000
2.000000 0.700000 0.496000
2.000000 0.705000 0.496000
2.000000 0.710000 0.496000
2.000000 0.715000 0.496000
2.000000 0.720000 0.496000
2.000000 0.725000 0.496000
2.000000 0.730000 0.496000
2.000000 0.735000 0.496000
2.000000 0.740000 0.496000
2.000000 0.745000 0.496000
2.000000 0.750000 0.496000
2.000000 0.755000 0.496000
2.000000 0.760000 0.496000
2.000000 0.765000 0.496000
2.000000 0.770000 0.496000
2.000000 0.775000 0.496000
2.000000 0.780000 0.496000
2.000000 0.785000 0.496000
2.000000 0.790000 0.496000
2.000000 0.795000 0.496000
2.000000 0.800000 0.496000
2.000000 0.805000 0.496000
2.000000 0.810000 0.496000
2.000000 0.815000 0.496000
2.000000 0.820000 0.496000
2.000000 0.825000 0.496000
2.000000 0.830000 0.496000
2.000000 0.835000 0.496000
2.000000 0.840000 0.496000
2.000000 0.845000 0.496000
2.000000 0.850000 0.496000
2.000000 0.855000 0.496000
2.000000 0.860000 0.496000
2.000000 0.865000 0.496000
2.000000 0.870000 0.496000
2.000000 0.875000 0.496000
2.000000 0.880000 0.496000
2.000000 0.885000 0.496000
2.000000 0.890000 0.496000
2.000000 0.895000 0.496000
2.000000 0.900000 0.496000
2.000000 0.905000 0.496000
2.000000 0.910000 0.496000
2.000000 0.915000 0.496000
2.000000 0.920000 0.496000
2.000000 0.925000 0.496000
2.000000 0.930000 0.496000
2.000000 0.935000 0.496000
2.000000 0.940000 0.496000
2.000000 0.945000 0.496000
2.000000 0.950000 0.496000
2.000000 0.955000 0.496000
2.000000 0.960000 0.496000
2.000000 0.965000 0.496000
2.000000 0.970000 0.496000
2.000000 0.975000 0.496000
2.000000 0.980000 0.496000
2.000000 0.985000 0.496000
2.000000 0.990000 0.496000
2.000000 0.995000 0.496000
2.000000 0.000000 0.504260
2.000000 0.005000 0.504260
2.000000 0.010000 0.504260
2.000000 0.015000 0.504260
2.000000 0.020000 0.504260
2.000000 0.025000 0.504260
2.000000 0.030000 0.504260
2.000000 0.035000 0.504260
2.000000 0.040000 0.504260
2.000000 0.045000 0.504260
2.000000 0.050000 0.504260
2.000000 0.055000 0.504260
2.000000 0.060000 0.504260
2.000000 0.065000 0.504260
2.000000 0.070000 0.504260
2.000000 0.075000 0.504260
2.000000 0.080000 0.504260
2.000000 0.085000 0.504260
2.000000 0.090000 0.504260
2.000000 0.095000 0.504260
2.000000 0.100000 0.504260
2.000000 0.105000 0.504260
2.000000 0.110000 0.504260
2.000000 0.115000 0.504260
2.000000 0.120000 0.504260
2.000000 0.125000 0.504260
2.000000 0.130000 0.504260
2.000000 0.135000 0.504260
2.000000 0.140000 0.504260
2.000000 0.145000 0.504260
2.000000 0.150000 0.504260
2.000000 0.155000 0.504260
2.000000 0.160000 0.504260
2.000000 0.165000 0.504260
2.000000 0.170000 0.504260
2.000000 0.175000 0.504260
2.000000 0.180000 0.504260
2.000000 0.185000 0.504260
2.000000 0.190000 0.504260
2.000000 0.195000 0.504260
2.000000 0.200000 0.504260
2.000000 0.205000 0.504260
2.000000 0.210000 0.504260
2.000000 0.215000 0.504260
2.000000 0.220000 0.504260
2.000000 0.225000 0.504260
2.000000 0.230000 0.504260
2.000000 0.235000 0.504260
2.000000 0.240000 0.504260
2.000000 0.245000 0.504260
2.000000 0.250000 0.504260
2.000000 0.255000 0.504260
2.000000 0.260000 0.504260
2.000000 0.265000 0.504260
2.000000 0.270000 0.504260
2.000000 0.275000 0.504260
2.000000 0.280000 0.504260
2.000000 0.285000 0.504260
2.000000 0.290000 0.504260
2.000000 0.295000 0.504260
2.000000 0.300000 0.504260
2.000000 0.305000 0.504260
2.000000 0.310000 0.504260
2.000000 0.315000 0.504260
2.000000 0.320000 0.504260
2.000000 0.325000 0.504260
2.000000 0.330000 0.504260
2.000000 0.335000 0.504260
2.000000 0.340000 0.504260
2.000000 0.345000 0.504260
2.000000 0.350000 0.504260
2.000000 0.355000 0.504260
2.000000 0.360000 0.504260
2.000000 0.365000 0.504260
2.000000 0.370000 0.504260
2.000000 0.375000 0.504260
2.000000 0.380000 0.504260
2.000000 0.385000 0.504260
2.000000 0.390000 0.504260
2.000000 0.395000 0.504260
2.000000 0.400000 0.504260
2.000000 0.405000 0.504260
2.000000 0.410000 0.504260
2.000000 0.415000 0.504260
2.000000 0.420000 0.504260
2.000000 0.425000 0.504260
2.000000 0.430000 0.504260
2.000000 0.435000 0.504260
2.000000 0.440000 0.504260
2.000000 0.445000 0.504260
2.000000 0.450000 0.504260
2.000000 0.455000 0.504260
2.000000 0.460000 0.504260
2.000000 0.465000 0.504260
2.000000 0.470000 0.504260
2.000000 0.475000 0.504260
2.000000 0.480000 0.504260
2.000000 0.485000 0.504260
2.000000 0.490000 0.504260
2.000000 0.495000 0.504260
2.000000 0.500000 0.504260
2.000000 0.505000 0.504260
2.000000 0.510000 0.504260
2.000000 0.515000 0.504260
2.000000 0.520000 0.504260
2.000000 0.525000 0.504260
2.000000 0.530000 0.504260
2.000000 0.535000 0.504260
2.000000 0.540000 0.504260
2.000000 0.545000 0.504260
2.000000 0.550000 0.504260
2.000000 0.555000 0.504260
2.000000 0.560000 0.504260
2.000000 0.565000 0.504260
2.000000 0.570000 0.504260
2.000000 0.575000 0.504260
2.000000 0.580000 0.504260
2.000000 0.585000 0.504260
2.000000 0.590000 0.504260
2.000000 0.595000 0.504260
2.000000 0.600000 0.504260
2.000000 0.605000 0.504260
2.000000 0.610000 0.504260
2.000000 0.615000 0.504260
2.000000 0.620000 0.504260
2.000000 0.625000 0.504260
2.000000 0.630000 0.504260
2.000000 0.635000 0.504260
2.000000 0.640000 0.504260
2.000000 0.645000 0.504260
2.000000 0.650000 0.504260
2.000000 0.655000 0.504260
2.000000 0.660000 0.504260
2.000000 0.665000 0.504260
2.000000 0.670000 0.504260
2.000000 0.675000 0.504260
2.000000 0.680000 0.504260
2.000000 0.685000 0.504260
2.000000 0.690000 0.504260
2.000000 0.695000 0.504260
2.000000 0.700000 0.504260
2.000000 0.705000 0.504260
2.000000 0.710000 0.504260
2.000000 0.715000 0.504260
2.000000 0.720000 0.504260
2.000000 0.725000 0.504260
2.000000 0.730000 0.504260
2.000000 0.735000 0.504260
2.000000 0.740000 0.504260
2.000000 0.745000 0.504260
2.000000 0.750000 0.504260
2.000000 0.755000 0.504260
2.000000 0.760000 0.504260
2.000000 0.765000 0.504260
2.000000 0.770000 0.504260
2.000000 0.775000 0.504260
2.000000 0.780000 0.504260
2.000000 0.785000 0.504260
2.000000 0.790000 0.504260
2.000000 0.795000 0.504260
2.000000 0.800000 0.504260
2.000000 0.805000 0.504260
2.000000 0.810000 0.504260
2.000000 0.815000 0.504260
2.000000 0.820000 0.504260
2.000000 0.825000 0.504260
2.000000 0.830000 0.504260
2.000000 0.835000 0.504260
2.000000 0.840000 0.504260
2.000000 0.845000 0.504260
2.000000 0.850000 0.504260
2.000000 0.855000 0.504260
2.000000 0.860000 0.504260
2.000000 0.865000 0.504260
2.000000 0.870000 0.504260
2.000000 0.875000 0.504260
2.000000 0.880000 0.504260
2.000000 0.885000 0.504260
2.000000 0.890000 0.504260
2.000000 0.895000 0.504260
2.000000 0.900000 0.504260
2.000000 0.905000 0.504260
2.000000 0.910000 0.504260
2.000000 0.915000 0.504260
2.000000 0.920000 0.504260
2.000000 0.925000 0.504260
2.000000 0.930000 0.504260
2.000000 0.935000 0.504260
2.000000 0.940000 0.504260
2.000000 0.945000 0.504260
2.000000 0.950000 0.504260
2.000000 0.955000 0.504260
2.000000 0.960000 0.504260
2.000000 0.965000 0.504260
2.000000 0.970000 0.504260
2.000000 0.975000 0.504260
2.000000 0.980000 0.504260
2.000000 0.985000 0.504260
2.000000 0.990000 0.504260
2.000000 0.995000 0.504260
0.000000 0.000000 0.496100
0.000000 0.005000 0.496100
0.000000 0.010000 0.496100
0.000000 0.015000 0.496100
0.000000 0.020000 0.496100
0.000000 0.025000 0.496100
0.000000 0.030000 0.496100
0.000000 0.035000 0.496100
0.000000 0.040000 0.496100
0.000000 0.045000 0.496100
0.000000 0.050000 0.496100
0.000000 0.055000 0.496100
0.000000 0.060000 0.496100
0.000000 0.065000 0.496100
0.000000 0.070000 0.496100
0.000000 0.075000 0.496100
0.000000 0.080000 0.496100
0.000000 0.085000 0.496100
0.000000 0.090000 0.496100
0.000000 0.095000 0.496100
0.000000 0.100000 0.496100
0.000000 0.105000 0.496100
0.000000 0.110000 0.496100
0.000000 0.115000 0.496100
0.000000 0.120000 0.496100
0.000000 0.125000 0.496100
0.000000 0.130000 0.496100
0.000000 0.135000 0.496100
0.000000 0.140000 0.496100
0.000000 0.145000 0.496100
0.000000 0.150000 0.496100
0.000000 0.155000 0.496100
0.000000 0.160000 0.496100
0.000000 0.165000 0.496100
0.000000 0.170000 0.496100
0.000000 0.175000 0.496100
0.000000 0.180000 0.496100
0.000000 0.185000 0.496100
0.000000 0.190000 0.496100
0.000000 0.195000 0.496100
0.000000 0.200000 0.496100
0.000000 0.205000 0.496100
0.000000 0.210000 0.496100
0.000000 0.215000 0.496100
0.000000 0.220000 0.496100
0.000000 0.225000 0.496100
0.000000 0.230000 0.496100
0.000000 0.235000 0.496100
0.000000 0.240000 0.496100
0.000000 0.245000 0.496100
0.000000 0.250000 0.496100
0.000000 0.255000 0.496100
0.000000 0.260000 0.496100
0.000000 0.265000 0.496100
0.000000 0.270000 0.496100
0.000000 0.275000 0.496100
0.000000 0.280000 0.496100
0.000000 0.285000 0.496100
0.000000 0.290000 0.496100
0.000000 0.295000 0.496100
0.000000 0.300000 0.496100
0.000000 0.305000 0.496100
0.000000 0.310000 0.496100
0.000000 0.315000 0.496100
0.000000 0.320000 0.496100
0.000000 0.325000 0.496100
0.000000 0.330000 0.496100
0.000000 0.335000 0.496100
0.000000 0.340000 0.496100
0.000000 0.345000 0.496100
0.000000 0.350000 0.496100
0.000000 0.355000 0.496100
0.000000 0.360000 0.496100
0.000000 0.365000 0.496100
0.000000 0.370000 0.496100
0.000000 0.375000 0.496100
0.000000 0.380000 0.496100
0.000000 0.385000 0.496100
0.000000 0.390000 0.496100
0.000000 0.395000 0.496100
0.000000 0.400000 0.496100
0.000000 0.405000 0.496100
0.000000 0.410000 0.496100
0.000000 0.415000 0.496100
0.000000 0.420000 0.496100
0.000000 0.425000 0.496100
0.000000 0.430000 0.496100
0.000000 0.435000 0.496100
0.000000 0.440000 0.496100
0.000000 0.445000 0.496100
0.000000 0.450000 0.496100
0.000000 0.455000 0.496100
0.000000 0.460000 0.496100
0.000000 0.465000 0.496100
0.000000 0.470000 0.496100
0.000000 0.475000 0.496100
0.000000 0.480000 0.496100
0.000000 0.485000 0.496100
0.000000 0.490000 0.496100
0.000000 0.495000 0.496100
0.000000 0.500000 0.496100
0.000000 0.505000 0.496100
0.000000 0.510000 0.496100
0.000000 0.515000 0.496100
0.000000 0.520000 0.496100
0.000000 0.525000 0.496100
0.000000 0.530000 0.496100
0.000000 0.535000 0.496100
0.000000 0.540000 0.496100
0.000000 0.545000 0.496100
0.000000 0.550000 0.496100
0.000000 0.555000 0.496100
0.000000 0.560000 0.496100
0.000000 0.565000 0.496100
0.000000 0.570000 0.496100
0.000000 0.575000 0.496100
0.000000 0.580000 0.496100
0.000000 0.585000 0.496100
0.000000 0.590000 0.496100
0.000000 0.595000 0.496100
0.000000 0.600000 0.496100
0.000000 0.605000 0.496100
0.000000 0.610000 0.496100
0.000000 0.615000 0.496100
0.000000 0.620000 0.496100
0.000000 0.625000 0.496100
0.000000 0.630000 0.496100
0.000000 0.635000 0.496100
0.000000 0.640000 0.496100
0.000000 0.645000 0.496100
0.000000 0.650000 0.496100
0.000000 0.655000 0.496100
0.000000 0.660000 0.496100
0.000000 0.665000 0.496100
0.000000 0.670000 0.496100
0.000000 0.675000 0.496100
0.000000 0.680000 0.496100
0.000000 0.685000 0.496100
0.000000 0.690000 0.496100
0.000000 0.695000 0.496100
0.000000 0.700000 0.496100
0.000000 0.705000 0.496100
0.000000 0.710000 0.496100
0.000000 0.715000 0.496100
0.000000 0.720000 0.496100
0.000000 0.725000 0.496100
0.000000 0.730000 0.496100
0.000000 0.735000 0.496100
0.000000 0.740000 0.496100
0.000000 0.745000 0.496100
0.000000 0.750000 0.496100
0.000000 0.755000 0.496100
0.000000 0.760000 0.496100
0.000000 0.765000 0.496100
0.000000 0.770000 0.496100
0.000000 0.775000 0.496100
0.000000 0.780000 0.496100
0.000000 0.785000 0.496100
0.000000 0.790000 0.496100
0.000000 0.795000 0.496100
0.000000 0.800000 0.496100
0.000000 0.805000 0.496100
0.000000 0.810000 0.496100
0.000000 0.815000 0.496100
0.000000 0.820000 0.496100
0.000000 0.825000 0.496100
0.000000 0.830000 0.496100
0.000000 0.835000 0.496100
0.000000 0.840000 0.496100
0.000000 0.845000 0.496100
0.000000 0.850000 0.496100
0.000000 0.855000 0.496100
0.000000 0.860000 0.496100
0.000000 0.865000 0.496100
0.000000 0.870000 0.496100
0.000000 0.875000 0.496100
0.000000 0.880000 0.496100
0.000000 0.885000 0.496100
0.000000 0.890000 0.496100
0.000000 0.895000 0.496100
0.000000 0.900000 0.496100
0.000000 0.905000 0.496100
0.000000 0.910000 0.496100
0.000000 0.915000 0.496100
0.000000 0.920000 0.496100
0.000000 0.925000 0.496100
0.000000 0.930000 0.496100
0.000000 0.935000 0.496100
0.000000 0.940000 0.496100
0.000000 0.945000 0.496100
0.000000 0.950000 0.496100
0.000000 0.955000 0.496100
0.000000 0.960000 0.496100
0.000000 0.965000 0.496100
0.000000 0.970000 0.496100
0.000000 0.975000 0.496100
0.000000 0.980000 0.496100
0.000000 0.985000 0.496100
0.000000 0.990000 0.496100
0.000000 0.995000 0.496100
0.000000 0.000000 0.504160
0.000000 0.005000 0.504160
0.000000 0.010000 0.504160
0.000000 0.015000 0.504160
0.000000 0.020000 0.504160
0.000000 0.025000 0.504160
0.000000 0.030000 0.504160
0.000000 0.035000 0.504160
0.000000 0.040000 0.504160
0.000000 0.045000 0.504160
0.000000 0.050000 0.504160
0.000000 0.055000 0.504160
0.000000 0.060000 0.504160
0.000000 0.065000 0.504160
0.000000 0.070000 0.504160
0.000000 0.075000 0.504160
0.000000 0.080000 0.504160
0.000000 0.085000 0.504160
0.000000 0.090000 0.504160
0.000000 0.095000 0.504160
0.000000 0.100000 0.504160
0.000000 0.105000 0.504160
0.000000 0.110000 0.504160
0.000000 0.115000 0.504160
0.000000 0.120000 0.504160
0.000000 0.125000 0.504160
0.000000 0.130000 0.504160
0.000000 0.135000 0.504160
0.000000 0.140000 0.504160
0.000000 0.145000 0.504160
0.000000 0.150000 0.504160
0.000000 0.155000 0.504160
0.000000 0.160000 0.504160
0.000000 0.165000 0.504160
0.000000 0.170000 0.504160
0.000000 0.175000 0.504160
0.000000 0.180000 0.504160
0.000000 0.185000 0.504160
0.000000 0.190000 0.504160
0.000000 0.195000 0.504160
0.000000 0.200000 0.504160
0.000000 0.205000 0.504160
0.000000 0.210000 0.504160
0.000000 0.215000 0.504160
0.000000 0.220000 0.504160
0.000000 0.225000 0.504160
0.000000 0.230000 0.504160
0.000000 0.235000 0.504160
0.000000 0.240000 0.504160
0.000000 0.245000 0.504160
0.000000 0.250000 0.504160
0.000000 0.255000 0.504160
0.000000 0.260000 0.504160
0.000000 0.265000 0.504160
0.000000 0.270000 0.504160
0.000000 0.275000 0.504160
0.000000 0.280000 0.504160
0.000000 0.285000 0.504160
0.000000 0.290000 0.504160
0.000000 0.295000 0.504160
0.000000 0.300000 0.504160
0.000000 0.305000 0.504160
0.000000 0.310000 0.504160
0.000000 0.315000 0.504160
0.000000 0.320000 0.504160
0.000000 0.325000 0.504160
0.000000 0.330000 0.504160
0.000000 0.335000 0.504160
0.000000 0.340000 0.504160
0.000000 0.345000 0.504160
0.000000 0.350000 0.504160
0.000000 0.355000 0.504160
0.000000 0.360000 0.504160
0.000000 0.365000 0.504160
0.000000 0.370000 0.504160
0.000000 0.375000 0.504160
0.000000 0.380000 0.504160
0.000000 0.385000 0.504160
0.000000 0.390000 0.504160
0.000000 0.395000 0.504160
0.000000 0.400000 0.504160
0.000000 0.405000 0.504160
0.000000 0.410000 0.504160
0.000000 0.415000 0.504160
0.000000 0.420000 0.504160
0.000000 0.425000 0.504160
0.000000 0.430000 0.504160
0.000000 0.435000 0.504160
0.000000 0.440000 0.504160
0.000000 0.445000 0.504160
0.000000 0.450000 0.504160
0.000000 0.455000 0.504160
0.000000 0.460000 0.504160
0.000000 0.465000 0.504160
0.000000 0.470000 0.504160
0.000000 0.475000 0.504160
0.000000 0.480000 0.504160
0.000000 0.485000 0.504160
0.000000 0.490000 0.504160
0.000000 0.495000 0.504160
0.000000 0.500000 0.504160
0.000000 0.505000 0.504160
0.000000 0.510000 0.504160
0.000000 0.515000 0.504160
0.000000 0.520000 0.504160
0.000000 0.525000 0.504160
0.000000 0.530000 0.504160
0.000000 0.535000 0.504160
0.000000 0.540000 0.504160
0.000000 0.545000 0.504160
0.000000 0.550000 0.504160
0.000000 0.555000 0.504160
0.000000 0.560000 0.504160
0.000000 0.565000 0.504160
0.000000 0.570000 0.504160
0.000000 0.575000 0.504160
0.000000 0.580000 0.504160
0.000000 0.585000 0.504160
0.000000 0.590000 0.504160
0.000000 0.595000 0.504160
0.000000 0.600000 0.504160
0.000000 0.605000 0.504160
0.000000 0.610000 0.504160
0.000000 0.615000 0.504160
0.000000 0.620000 0.504160
0.000000 0.625000 0.504160
0.000000 0.630000 0.504160
0.000000 0.635000 0.504160
0.000000 0.640000 0.504160
0.000000 0.645000 0.504160
0.000000 0.650000 0.504160
0.000000 0.655000 0.504160
0.000000 0.660000 0.504160
0.000000 0.665000 0.504160
0.000000 0.670000 0.504160
0.000000 0.675000 0.504160
0.000000 0.680000 0.504160
0.000000 0.685000 0.504160
0.000000 0.690000 0.504160
0.000000 0.695000 0.504160
0.000000 0.700000 0.504160
0.000000 0.705000 0.504160
0.000000 0.710000 0.504160
0.000000 0.715000 0.504160
0.000000 0.720000 0.504160
0.000000 0.725000 0.504160
0.000000 0.730000 0.504160
0.000000 0.735000 0.504160
0.000000 0.740000 0.504160
0.000000 0.745000 0.504160
0.000000 0.750000 0.504160
0.000000 0.755000 0.504160
0.000000 0.760000 0.504160
0.000000 0.765000 0.504160
0.000000 0.770000 0.504160
0.000000 0.775000 0.504160
0.000000 0.780000 0.504160
0.000000 0.785000 0.504160
0.000000 0.790000 0.504160
0.000000 0.795000 0.504160
0.000000 0.800000 0.504160
0.000000 0.805000 0.504160
0.000000 0.810000 0.504160
0.000000 0.815000 0.504160
0.000000 0.820000 0.504160
0.000000 0.825000 0.504160
0.000000 0.830000 0.504160
0.000000 0.835000 0.504160
0.000000 0.840000 0.504160
0.000000 0.845000 0.504160
0.000000 0.850000 0.504160
0.000000 0.855000 0.504160
0.000000 0.860000 0.504160
0.000000 0.865000 0.504160
0.000000 0.870000 0.504160
0.000000 0.875000 0.504160
0.000000 0.880000 0.504160
0.000000 0.885000 0.504160
0.000000 0.890000 0.504160
0.000000 0.895000 0.504160
0.000000 0.900000 0.504160
0.000000 0.905000 0.504160
0.000000 0.910000 0.504160
0.000000 0.915000 0.504160
0.000000 0.920000 0.504160
0.000000 0.925000 0.504160
0.000000 0.930000 0.504160
0.000000 0.935000 0.504160
0.000000 0.940000 0.504160
0.000000 0.945000 0.504160
0.000000 0.950000 0.504160
0.000000 0.955000 0.504160
0.000000 0.960000 0.504160
0.000000 0.965000 0.504160
0.000000 0.970000 0.504160
0.000000 0.975000 0.504160
0.000000 0.980000 0.504160
0.000000 0.985000 0.504160
0.000000 0.990000 0.504160
0.000000 0.995000 0.504160
4.000000 0.000000 0.496200
4.000000 0.005000 0.496200
4.000000 0.010000 0.496200
4.000000 0.015000 0.496200
4.000000 0.020000 0.496200
4.000000 0.025000 0.496200
4.000000 0.030000 0.496200
4.000000 0.035000 0.496200
4.000000 0.040000 0.496200
4.000000 0.045000 0.496200
4.000000 0.050000 0.496200
4.000000 0.055000 0.496200
4.000000 0.060000 0.496200
4.000000 0.065000 0.496200
4.000000 0.070000 0.496200
4.000000 0.075000 0.496200
4.000000 0.080000 0.496200
4.000000 0.085000 0.496200
4.000000 0.090000 0.496200
4.000000 0.095000 0.496200
4.000000 0.100000 0.496200
4.000000 0.105000 0.496200
4.000000 0.110000 0.496200
4.000000 0.115000 0.496200
4.000000 0.120000 0.496200
4.000000 0.125000 0.496200
4.000000 0.130000 0.496200
4.000000 0.135000 0.496200
4.000000 0.140000 0.496200
4.000000 0.145000 0.496200
4.000000 0.150000 0.496200
4.000000 0.155000 0.496200
4.000000 0.160000 0.496200
4.000000 0.165000 0.496200
4.000000 0.170000 0.496200
4.000000 0.175000 0.496200
4.000000 0.180000 0.496200
4.000000 0.185000 0.496200
4.000000 0.190000 0.496200
4.000000 0.195000 0.496200
4.000000 0.200000 0.496200
4.000000 0.205000 0.496200
4.000000 0.210000 0.496200
4.000000 0.215000 0.496200
4.000000 0.220000 0.496200
4.000000 0.225000 0.496200
4.000000 0.230000 0.496200
4.000000 0.235000 0.496200
4.000000 0.240000 0.496200
4.000000 0.245000 0.496200
4.000000 0.250000 0.496200
4.000000 0.255000 0.496200
4.000000 0.260000 0.496200
4.000000 0.265000 0.496200
4.000000 0.270000 0.496200
4.000000 0.275000 0.496200
4.000000 0.280000 0.496200
4.000000 0.285000 0.496200
4.000000 0.290000 0.496200
4.000000 0.295000 0.496200
4.000000 0.300000 0.496200
4.000000 0.305000 0.496200
4.000000 0.310000 0.496200
4.000000 0.315000 0.496200
4.000000 0.320000 0.496200
4.000000 0.325000 0.496200
4.000000 0.330000 0.496200
4.000000 0.335000 0.496200
4.000000 0.340000 0.496200
4.000000 0.345000 0.496200
4.000000 0.350000 0.496200
4.000000 0.355000 0.496200
4.000000 0.360000 0.496200
4.000000 0.365000 0.496200
4.000000 0.370000 0.496200
4.000000 0.375000 0.496200
4.000000 0.380000 0.496200
4.000000 0.385000 0.496200
4.000000 0.390000 0.496200
4.000000 0.395000 0.496200
4.000000 0.400000 0.496200
4.000000 0.405000 0.496200
4.000000 0.410000 0.496200
4.000000 0.415000 0.496200
4.000000 0.420000 0.496200
4.000000 0.425000 0.496200
4.000000 0.430000 0.496200
4.000000 0.435000 0.496200
4.000000 0.440000 0.496200
4.000000 0.445000 0.496200
4.000000 0.450000 0.496200
4.000000 0.455000 0.496200
4.000000 0.460000 0.496200
4.000000 0.465000 0.496200
4.000000 0.470000 0.496200
4.000000 0.475000 0.496200
4.000000 0.480000 0.496200
4.000000 0.485000 0.496200
4.000000 0.490000 0.496200
4.000000 0.495000 0.496200
4.000000 0.500000 0.496200
4.000000 0.505000 0.496200
4.000000 0.510000 0.496200
4.000000 0.515000 0.496200
4.000000 0.520000 0.496200
4.000000 0.525000 0.496200
4.000000 0.530000 0.496200
4.000000 0.535000 0.496200
4.000000 0.540000 0.496200
4.000000 0.545000 0.496200
4.000000 0.550000 0.496200
4.000000 0.555000 0.496200
4.000000 0.560000 0.496200
4.000000 0.565000 0.496200
4.000000 0.570000 0.496200
4.000000 0.575000 0.496200
4.000000 0.580000 0.496200
4.000000 0.585000 0.496200
4.000000 0.590000 0.496200
4.000000 0.595000 0.496200
4.000000 0.600000 0.496200
4.000000 0.605000 0.496200
4.000000 0.610000 0.496200
4.000000 0.615000 0.496200
4.000000 0.620000 0.496200
4.000000 0.625000 0.496200
4.000000 0.630000 0.496200
4.000000 0.635000 0.496200
4.000000 0.640000 0.496200
4.000000 0.645000 0.496200
4.000000 0.650000 0.496200
4.000000 0.655000 0.496200
4.000000 0.660000 0.496200
4.000000 0.665000 0.496200
4.000000 0.670000 0.496200
4.000000 0.675000 0.496200
4.000000 0.680000 0.496200
4.000000 0.685000 0.496200
4.000000 0.690000 0.496200
4.000000 0.695000 0.496200
4.000000 0.700000 0.496200
4.000000 0.705000 0.496200
4.000000 0.710000 0.496200
4.000000 0.715000 0.496200
4.000000 0.720000 0.496200
4.000000 0.725000 0.496200
4.000000 0.730000 0.496200
4.000000 0.735000 0.496200
4.000000 0.740000 0.496200
4.000000 0.745000 0.496200
4.000000 0.750000 0.496200
4.000000 0.755000 0.496200
4.000000 0.760000 0.496200
4.000000 0.765000 0.496200
4.000000 0.770000 0.496200
4.000000 0.775000 0.496200
4.000000 0.780000 0.496200
4.000000 0.785000 0.496200
4.000000 0.790000 0.496200
4.000000 0.795000 0.496200
4.000000 0.800000 0.496200
4.000000 0.805000 0.496200
4.000000 0.810000 0.496200
4.000000 0.815000 0.496200
4.000000 0.820000 0.496200
4.000000 0.825000 0.496200
4.000000 0.830000 0.496200
4.000000 0.835000 0.496200
4.000000 0.840000 0.496200
4.000000 0.845000 0.496200
4.000000 0.850000 0.496200
4.000000 0.855000 0.496200
4.000000 0.860000 0.496200
4.000000 0.865000 0.496200
4.000000 0.870000 0.496200
4.000000 0.875000 0.496200
4.000000 0.880000 0.496200
4.000000 0.885000 0.496200
4.000000 0.890000 0.496200
4.000000 0.895000 0.496200
4.000000 0.900000 0.496200
4.000000 0.905000 0.496200
4.000000 0.910000 0.496200
4.000000 0.915000 0.496200
4.000000 0.920000 0.496200
4.000000 0.925000 0.496200
4.000000 0.930000 0.496200
4.000000 0.935000 0.496200
4.000000 0.940000 0.496200
4.000000 0.945000 0.496200
4.000000 0.950000 0.496200
4.000000 0.955000 0.496200
4.000000 0.960000 0.496200
4.000000 0.965000 0.496200
4.000000 0.970000 0.496200
4.000000 0.975000 0.496200
4.000000 0.980000 0.496200
4.000000 0.985000 0.496200
4.000000 0.990000 0.496200
4.000000 0.995000 0.496200
4.000000 0.000000 0.504060
4.000000 0.005000 0.504060
4.000000 0.010000 0.504060
4.000000 0.015000 0.504060
4.000000 0.020000 0.504060
4.000000 0.025000 0.504060
4.000000 0.030000 0.504060
4.000000 0.035000 0.504060
4.000000 0.040000 0.504060
4.000000 0.045000 0.504060
4.000000 0.050000 0.504060
4.000000 0.055000 0.504060
4.000000 0.060000 0.504060
4.000000 0.065000 0.504060
4.000000 0.070000 0.504060
4.000000 0.075000 0.504060
4.000000 0.080000 0.504060
4.000000 0.085000 0.504060
4.000000 0.090000 0.504060
4.000000 0.095000 0.504060
4.000000 0.100000 0.504060
4.000000 0.105000 0.504060
4.000000 0.110000 0.504060
4.000000 0.115000 0.504060
4.000000 0.120000 0.504060
4.000000 0.125000 0.504060
4.000000 0.130000 0.504060
4.000000 0.135000 0.504060
4.000000 0.140000 0.504060
4.000000 0.145000 0.504060
4.000000 0.150000 0.504060
4.000000 0.155000 0.504060
4.000000 0.160000 0.504060
4.000000 0.165000 0.504060
4.000000 0.170000 0.504060
4.000000 0.175000 0.504060
4.000000 0.180000 0.504060
4.000000 0.185000 0.504060
4.000000 0.190000 0.504060
4.000000 0.195000 0.504060
4.000000 0.200000 0.504060
4.000000 0.205000 0.504060
4.000000 0.210000 0.504060
4.000000 0.215000 0.504060
4.000000 0.220000 0.504060
4.000000 0.225000 0.504060
4.000000 0.230000 0.504060
4.000000 0.235000 0.504060
4.000000 0.240000 0.504060
4.000000 0.245000 0.504060
4.000000 0.250000 0.504060
4.000000 0.255000 0.504060
4.000000 0.260000 0.504060
4.000000 0.265000 0.504060
4.000000 0.270000 0.504060
4.000000 0.275000 0.504060
4.000000 0.280000 0.504060
4.000000 0.285000 0.504060
4.000000 0.290000 0.504060
4.000000 0.295000 0.504060
4.000000 0.300000 0.504060
4.000000 0.305000 0.504060
4.000000 0.310000 0.504060
4.000000 0.315000 0.504060
4.000000 0.320000 0.504060
4.000000 0.325000 0.504060
4.000000 0.330000 0.504060
4.000000 0.335000 0.504060
4.000000 0.340000 0.504060
4.000000 0.345000 0.504060
4.000000 0.350000 0.504060
4.000000 0.355000 0.504060
4.000000 0.360000 0.504060
4.000000 0.365000 0.504060
4.000000 0.370000 0.504060
4.000000 0.375000 0.504060
4.000000 0.380000 0.504060
4.000000 0.385000 0.504060
4.000000 0.390000 0.504060
4.000000 0.395000 0.504060
4.000000 0.400000 0.504060
4.000000 0.405000 0.504060
4.000000 0.410000 0.504060
4.000000 0.415000 0.504060
4.000000 0.420000 0.504060
4.000000 0.425000 0.504060
4.000000 0.430000 0.504060
4.000000 0.435000 0.504060
4.000000 0.440000 0.504060
4.000000 0.445000 0.504060
4.000000 0.450000 0.504060
4.000000 0.455000 0.504060
4.000000 0.460000 0.504060
4.000000 0.465000 0.504060
4.000000 0.470000 0.504060
4.000000 0.475000 0.504060
4.000000 0.480000 0.504060
4.000000 0.485000 0.504060
4.000000 0.490000 0.504060
4.000000 0.495000 0.504060
4.000000 0.500000 0.504060
4.000000 0.505000 0.504060
4.000000 0.510000 0.504060
4.000000 0.515000 0.504060
4.000000 0.520000 0.504060
4.000000 0.525000 0.504060
4.000000 0.530000 0.504060
4.000000 0.535000 0.504060
4.000000 0.540000 0.504060
4.000000 0.545000 0.504060
4.000000 0.550000 0.504060
4.000000 0.555000 0.504060
4.000000 0.560000 0.504060
4.000000 0.565000 0.504060
4.000000 0.570000 0.504060
4.000000 0.575000 0.504060
4.000000 0.580000 0.504060
4.000000 0.585000 0.504060
4.000000 0.590000 0.504060
4.000000 0.595000 0.504060
4.000000 0.600000 0.504060
4.000000 0.605000 0.504060
4.000000 0.610000 0.504060
4.000000 0.615000 0.504060
4.000000 0.620000 0.504060
4.000000 0.625000 0.504060
4.000000 0.630000 0.504060
4.000000 0.635000 0.504060
4.000000 0.640000 0.504060
4.000000 0.645000 0.504060
4.000000 0.650000 0.504060
4.000000 0.655000 0.504060
4.000000 0.660000 0.504060
4.000000 0.665000 0.504060
4.000000 0.670000 0.504060
4.000000 0.675000 0.504060
4.000000 0.680000 0.504060
4.000000 0.685000 0.504060
4.000000 0.690000 0.504060
4.000000 0.695000 0.504060
4.000000 0.700000 0.504060
4.000000 0.705000 0.504060
4.000000 0.710000 0.504060
4.000000 0.715000 0.504060
4.000000 0.720000 0.504060
4.000000 0.725000 0.504060
4.000000 0.730000 0.504060
4.000000 0.735000 0.504060
4.000000 0.740000 0.504060
4.000000 0.745000 0.504060
4.000000 0.750000 0.504060
4.000000 0.755000 0.504060
4.000000 0.760000 0.504060
4.000000 0.765000 0.504060
4.000000 0.770000 0.504060
4.000000 0.775000 0.504060
4.000000 0.780000 0.504060
4.000000 0.785000 0.504060
4.000000 0.790000 0.504060
4.000000 0.795000 0.504060
4.000000 0.800000 0.504060
4.000000 0.805000 0.504060
4.000000 0.810000 0.504060
4.000000 0.815000 0.504060
4.000000 0.820000 0.504060
4.000000 0.825000 0.504060
4.000000 0.830000 0.504060
4.000000 0.835000 0.504060
4.000000 0.840000 0.504060
4.000000 0.845000 0.504060
4.000000 0.850000 0.504060
4.000000 0.855000 0.504060
4.000000 0.860000 0.504060
4.000000 0.865000 0.504060
4.000000 0.870000 0.504060
4.000000 0.875000 0.504060
4.000000 0.880000 0.504060
4.000000 0.885000 0.504060
4.000000 0.890000 0.504060
4.000000 0.895000 0.504060
4.000000 0.900000 0.504060
4.000000 0.905000 0.504060
4.000000 0.910000 0.504060
4.000000 0.915000 0.504060
4.000000 0.920000 0.504060
4.000000 0.925000 0.504060
4.000000 0.930000 0.504060
4.000000 0.935000 0.504060
4.000000 0.940000 0.504060
4.000000 0.945000 0.504060
4.000000 0.950000 0.504060
4.000000 0.955000 0.504060
4.000000 0.960000 0.504060
4.000000 0.965000 0.504060
4.000000 0.970000 0.504060
4.000000 0.975000 0.504060
4.000000 0.980000 0.504060
4.000000 0.985000 0.504060
4.000000 0.990000 0.504060
4.000000 0.995000 0.504060
10.000000 0.000000 0.496300
10.000000 0.005000 0.496300
10.000000 0.010000 0.496300
10.000000 0.015000 0.496300
10.000000 0.020000 0.496300
10.000000 0.025000 0.496300
10.000000 0.030000 0.496300
10.000000 0.035000 0.496300
10.000000 0.040000 0.496300
10.000000 0.045000 0.496300
10.000000 0.050000 0.496300
10.000000 0.055000 0.496300
10.000000 0.060000 0.496300
10.000000 0.065000 0.496300
10.000000 0.070000 0.496300
10.000000 0.075000 0.496300
10.000000 0.080000 0.496300
10.000000 0.085000 0.496300
10.000000 0.090000 0.496300
10.000000 0.095000 0.496300
10.000000 0.100000 0.496300
10.000000 0.105000 0.496300
10.000000 0.110000 0.496300
10.000000 0.115000 0.496300
10.000000 0.120000 0.496300
10.000000 0.125000 0.496300
10.000000 0.130000 0.496300
10.000000 0.135000 0.496300
10.000000 0.140000 0.496300
10.000000 0.145000 0.496300
10.000000 0.150000 0.496300
10.000000 0.155000 0.496300
10.000000 0.160000 0.496300
10.000000 0.165000 0.496300
10.000000 0.170000 0.496300
10.000000 0.175000 0.496300
10.000000 0.180000 0.496300
10.000000 0.185000 0.496300
10.000000 0.190000 0.496300
10.000000 0.195000 0.496300
10.000000 0.200000 0.496300
10.000000 0.205000 0.496300
10.000000 0.210000 0.496300
10.000000 0.215000 0.496300
10.000000 0.220000 0.496300
10.000000 0.225000 0.496300
10.000000 0.230000 0.496300
10.000000 0.235000 0.496300
10.000000 0.240000 0.496300
10.000000 0.245000 0.496300
10.000000 0.250000 0.496300
10.000000 0.255000 0.496300
10.000000 0.260000 0.496300
10.000000 0.265000 0.496300
10.000000 0.270000 0.496300
10.000000 0.275000 0.496300
10.000000 0.280000 0.496300
10.000000 0.285000 0.496300
10.000000 0.290000 0.496300
10.000000 0.295000 0.496300
10.000000 0.300000 0.496300
10.000000 0.305000 0.496300
10.000000 0.310000 0.496300
10.000000 0.315000 0.496300
10.000000 0.320000 0.496300
10.000000 0.325000 0.496300
10.000000 0.330000 0.496300
10.000000 0.335000 0.496300
10.000000 0.340000 0.496300
10.000000 0.345000 0.496300
10.000000 0.350000 0.496300
10.000000 0.355000 0.496300
10.000000 0.360000 0.496300
10.000000 0.365000 0.496300
10.000000 0.370000 0.496300
10.000000 0.375000 0.496300
10.000000 0.380000 0.496300
10.000000 0.385000 0.496300
10.000000 0.390000 0.496300
10.000000 0.395000 0.496300
10.000000 0.400000 0.496300
10.000000 0.405000 0.496300
10.000000 0.410000 0.496300
10.000000 0.415000 0.496300
10.000000 0.420000 0.496300
10.000000 0.425000 0.496300
10.000000 0.430000 0.496300
10.000000 0.435000 0.496300
10.000000 0.440000 0.496300
10.000000 0.445000 0.496300
10.000000 0.450000 0.496300
10.000000 0.455000 0.496300
10.000000 0.460000 0.496300
10.000000 0.465000 0.496300
10.000000 0.470000 0.496300
10.000000 0.475000 0.496300
10.000000 0.480000 0.496300
10.000000 0.485000 0.496300
10.000000 0.490000 0.496300
10.000000 0.495000 0.496300
10.000000 0.500000 0.496300
10.000000 0.505000 0.496300
10.000000 0.510000 0.496300
10.000000 0.515000 0.496300
10.000000 0.520000 0.496300
10.000000 0.525000 0.496300
10.000000 0.530000 0.496300
10.000000 0.535000 0.496300
10.000000 0.540000 0.496300
10.000000 0.545000 0.496300
10.000000 0.550000 0.496300
10.000000 0.555000 0.496300
10.000000 0.560000 0.496300
10.000000 0.565000 0.496300
10.000000 0.570000 0.496300
10.000000 0.575000 0.496300
10.000000 0.580000 0.496300
10.000000 0.585000 0.496300
10.000000 0.590000 0.496300
10.000000 0.595000 0.496300
10.000000 0.600000 0.496300
10.000000 0.605000 0.496300
10.000000 0.610000 0.496300
10.000000 0.615000 0.496300
10.000000 0.620000 0.496300
10.000000 0.625000 0.496300
10.000000 0.630000 0.496300
10.000000 0.635000 0.496300
10.000000 0.640000 0.496300
10.000000 0.645000 0.496300
10.000000 0.650000 0.496300
10.000000 0.655000 0.496300
10.000000 0.660000 0.496300
10.000000 0.665000 0.496300
10.000000 0.670000 0.496300
10.000000 0.675000 0.496300
10.000000 0.680000 0.496300
10.000000 0.685000 0.496300
10.000000 0.690000 0.496300
10.000000 0.695000 0.496300
10.000000 0.700000 0.496300
10.000000 0.705000 0.496300
10.000000 0.710000 0.496300
10.000000 0.715000 0.496300
10.000000 0.720000 0.496300
10.000000 0.725000 0.496300
10.000000 0.730000 0.496300
10.000000 0.735000 0.496300
10.000000 0.740000 0.496300
10.000000 0.745000 0.496300
10.000000 0.750000 0.496300
10.000000 0.755000 0.496300
10.000000 0.760000 0.496300
10.000000 0.765000 0.496300
10.000000 0.770000 0.496300
10.000000 0.775000 0.496300
10.000000 0.780000 0.496300
10.000000 0.785000 0.496300
10.000000 0.790000 0.496300
10.000000 0.795000 0.496300
10.000000 0.800000 0.496300
10.000000 0.805000 0.496300
10.000000 0.810000 0.496300
10.000000 0.815000 0.496300
10.000000 0.820000 0.496300
10.000000 0.825000 0.496300
10.000000 0.830000 0.496300
10.000000 0.835000 0.496300
10.000000 0.840000 0.496300
10.000000 0.845000 0.496300
10.000000 0.850000 0.496300
10.000000 0.855000 0.496300
10.000000 0.860000 0.496300
10.000000 0.865000 0.496300
10.000000 0.870000 0.496300
10.000000 0.875000 0.496300
10.000000 0.880000 0.496300
10.000000 0.885000 0.496300
10.000000 0.890000 0.496300
10.000000 0.895000 0.496300
10.000000 0.900000 0.496300
10.000000 0.905000 0.496300
10.000000 0.910000 0.496300
10.000000 0.915000 0.496300
10.000000 0.920000 0.496300
10.000000 0.925000 0.496300
10.000000 0.930000 0.496300
10.000000 0.935000 0.496300
10.000000 0.940000 0.496300
10.000000 0.945000 0.496300
10.000000 0.950000 0.496300
10.000000 0.955000 0.496300
10.000000 0.960000 0.496300
10.000000 0.965000 0.496300
10.000000 0.970000 0.496300
10.000000 0.975000 0.496300
10.000000 0.980000 0.496300
10.000000 0.985000 0.496300
10.000000 0.990000 0.496300
10.000000 0.995000 0.496300
10.000000 0.000000 0.503960
10.000000 0.005000 0.503960
10.000000 0.010000 0.503960
10.000000 0.015000 0.503960
10.000000 0.020000 0.503960
10.000000 0.025000 0.503960
10.000000 0.030000 0.503960
10.000000 0.035000 0.503960
10.000000 0.040000 0.503960
10.000000 0.045000 0.503960
10.000000 0.050000 0.503960
10.000000 0.055000 0.503960
10.000000 0.060000 0.503960
10.000000 0.065000 0.503960
10.000000 0.070000 0.503960
10.000000 0.075000 0.503960
10.000000 0.080000 0.503960
10.000000 0.085000 0.503960
10.000000 0.090000 0.503960
10.000000 0.095000 0.503960
10.000000 0.100000 0.503960
10.000000 0.105000 0.503960
10.000000 0.110000 0.503960
10.000000 0.115000 0.503960
10.000000 0.120000 0.503960
10.000000 0.125000 0.503960
10.000000 0.130000 0.503960
10.000000 0.135000 0.503960
10.000000 0.140000 0.503960
10.000000 0.145000 0.503960
10.000000 0.150000 0.503960
10.000000 0.155000 0.503960
10.000000 0.160000 0.503960
10.000000 0.165000 0.503960
10.000000 0.170000 0.503960
10.000000 0.175000 0.503960
10.000000 0.180000 0.503960
10.000000 0.185000 0.503960
10.000000 0.190000 0.503960
10.000000 0.195000 0.503960
10.000000 0.200000 0.503960
10.000000 0.205000 0.503960
10.000000 0.210000 0.503960
10.000000 0.215000 0.503960
10.000000 0.220000 0.503960
10.000000 0.225000 0.503960
10.000000 0.230000 0.503960
10.000000 0.235000 0.503960
10.000000 0.240000 0.503960
10.000000 0.245000 0.503960
10.000000 0.250000 0.503960
10.000000 0.255000 0.503960
10.000000 0.260000 0.503960
10.000000 0.265000 0.503960
10.000000 0.270000 0.503960
10.000000 0.275000 0.503960
10.000000 0.280000 0.503960
10.000000 0.285000 0.503960
10.000000 0.290000 0.503960
10.000000 0.295000 0.503960
10.000000 0.300000 0.503960
10.000000 0.305000 0.503960
10.000000 0.310000 0.503960
10.000000 0.315000 0.503960
10.000000 0.320000 0.503960
10.000000 0.325000 0.503960
10.000000 0.330000 0.503960
10.000000 0.335000 0.503960
10.000000 0.340000 0.503960
10.000000 0.345000 0.503960
10.000000 0.350000 0.503960
10.000000 0.355000 0.503960
10.000000 0.360000 0.503960
10.000000 0.365000 0.503960
10.000000 0.370000 0.503960
10.000000 0.375000 0.503960
10.000000 0.380000 0.503960
10.000000 0.385000 0.503960
10.000000 0.390000 0.503960
10.000000 0.395000 0.503960
10.000000 0.400000 0.503960
10.000000 0.405000 0.503960
10.000000 0.410000 0.503960
10.000000 0.415000 0.503960
10.000000 0.420000 0.503960
10.000000 0.425000 0.503960
10.000000 0.430000 0.503960
10.000000 0.435000 0.503960
10.000000 0.440000 0.503960
10.000000 0.445000 0.503960
10.000000 0.450000 0.503960
10.000000 0.455000 0.503960
10.000000 0.460000 0.503960
10.000000 0.465000 0.503960
10.000000 0.470000 0.503960
10.000000 0.475000 0.503960
10.000000 0.480000 0.503960
10.000000 0.485000 0.503960
10.000000 0.490000 0.503960
10.000000 0.495000 0.503960
10.000000 0.500000 0.503960
10.000000 0.505000 0.503960
10.000000 0.510000 0.503960
10.000000 0.515000 0.503960
10.000000 0.520000 0.503960
10.000000 0.525000 0.503960
10.000000 0.530000 0.503960
10.000000 0.535000 0.503960
10.000000 0.540000 0.503960
10.000000 0.545000 0.503960
10.000000 0.550000 0.503960
10.000000 0.555000 0.503960
10.000000 0.560000 0.503960
10.000000 0.565000 0.503960
10.000000 0.570000 0.503960
10.000000 0.575000 0.503960
10.000000 0.580000 0.503960
10.000000 0.585000 0.503960
10.000000 0.590000 0.503960
10.000000 0.595000 0.503960
10.000000 0.600000 0.503960
10.000000 0.605000 0.503960
10.000000 0.610000 0.503960
10.000000 0.615000 0.503960
10.000000 0.620000 0.503960
10.000000 0.625000 0.503960
10.000000 0.630000 0.503960
10.000000 0.635000 0.503960
10.000000 0.640000 0.503960
10.000000 0.645000 0.503960
10.000000 0.650000 0.503960
10.000000 0.655000 0.503960
10.000000 0.660000 0.503960
10.000000 0.665000 0.503960
10.000000 0.670000 0.503960
10.000000 0.675000 0.503960
10.000000 0.680000 0.503960
10.000000 0.685000 0.503960
10.000000 0.690000 0.503960
10.000000 0.695000 0.503960
10.000000 0.700000 0.503960
10.000000 0.705000 0.503960
10.000000 0.710000 0.503960
10.000000 0.715000 0.503960
10.000000 0.720000 0.503960
10.000000 0.725000 0.503960
10.000000 0.730000 0.503960
10.000000 0.735000 0.503960
10.000000 0.740000 0.503960
10.000000 0.745000 0.503960
10.000000 0.750000 0.503960
10.000000 0.755000 0.503960
10.000000 0.760000 0.503960
10.000000 0.765000 0.503960
10.000000 0.770000 0.503960
10.000000 0.775000 0.503960
10.000000 0.780000 0.503960
10.000000 0.785000 0.503960
10.000000 0.790000 0.503960
10.000000 0.795000 0.503960
10.000000 0.800000 0.503960
10.000000 0.805000 0.503960
10.000000 0.810000 0.503960
10.000000 0.815000 0.503960
10.000000 0.820000 0.503960
10.000000 0.825000 0.503960
10.000000 0.830000 0.503960
10.000000 0.835000 0.503960
10.000000 0.840000 0.503960
10.000000 0.845000 0.503960
10.000000 0.850000 0.503960
10.000000 0.855000 0.503960
10.000000 0.860000 0.503960
10.000000 0.865000 0.503960
10.000000 0.870000 0.503960
10.000000 0.875000 0.503960
10.000000 0.880000 0.503960
10.000000 0.885000 0.503960
10.000000 0.890000 0.503960
10.000000 0.895000 0.503960
10.000000 0.900000 0.503960
10.000000 0.905000 0.503960
10.000000 0.910000 0.503960
10.000000 0.915000 0.503960
10.000000 0.920000 0.503960
10.000000 0.925000 0.503960
10.000000 0.930000 0.503960
10.000000 0.935000 0.503960
10.000000 0.940000 0.503960
10.000000 0.945000 0.503960
10.000000 0.950000 0.503960
10.000000 0.955000 0.503960
10.000000 0.960000 0.503960
10.000000 0.965000 0.503960
10.000000 0.970000 0.503960
10.000000 0.975000 0.503960
10.000000 0.980000 0.503960
10.000000 0.985000 0.503960
10.000000 0.990000 0.503960
10.000000 0.995000 0.503960
18.000000 0.000000 0.496400
18.000000 0.005000 0.496400
18.000000 0.010000 0.496400
18.000000 0.015000 0.496400
18.000000 0.020000 0.496400
18.000000 0.025000 0.496400
18.000000 0.030000 0.496400
18.000000 0.035000 0.496400
18.000000 0.040000 0.496400
18.000000 0.045000 0.496400
18.000000 0.050000 0.496400
18.000000 0.055000 0.496400
18.000000 0.060000 0.496400
18.000000 0.065000 0.496400
18.000000 0.070000 0.496400
18.000000 0.075000 0.496400
18.000000 0.080000 0.496400
18.000000 0.085000 0.496400
18.000000 0.090000 0.496400
18.000000 0.095000 0.496400
18.000000 0.100000 0.496400
18.000000 0.105000 0.496400
18.000000 0.110000 0.496400
18.000000 0.115000 0.496400
18.000000 0.120000 0.496400
18.000000 0.125000 0.496400
18.000000 0.130000 0.496400
18.000000 0.135000 0.496400
18.000000 0.140000 0.496400
18.000000 0.145000 0.496400
18.000000 0.150000 0.496400
18.000000 0.155000 0.496400
18.000000 0.160000 0.496400
18.000000 0.165000 0.496400
18.000000 0.170000 0.496400
18.000000 0.175000 0.496400
18.000000 0.180000 0.496400
18.000000 0.185000 0.496400
18.000000 0.190000 0.496400
18.000000 0.195000 0.496400
18.000000 0.200000 0.496400
18.000000 0.205000 0.496400
18.000000 0.210000 0.496400
18.000000 0.215000 0.496400
18.000000 0.220000 0.496400
18.000000 0.225000 0.496400
18.000000 0.230000 0.496400
18.000000 0.235000 0.496400
18.000000 0.240000 0.496400
18.000000 0.245000 0.496400
18.000000 0.250000 0.496400
18.000000 0.255000 0.496400
18.000000 0.260000 0.496400
18.000000 0.265000 0.496400
18.000000 0.270000 0.496400
18.000000 0.275000 0.496400
18.000000 0.280000 0.496400
18.000000 0.285000 0.496400
18.000000 0.290000 0.496400
18.000000 0.295000 0.496400
18.000000 0.300000 0.496400
18.000000 0.305000 0.496400
18.000000 0.310000 0.496400
18.000000 0.315000 0.496400
18.000000 0.320000 0.496400
18.000000 0.325000 0.496400
18.000000 0.330000 0.496400
18.000000 0.335000 0.496400
18.000000 0.340000 0.496400
18.000000 0.345000 0.496400
18.000000 0.350000 0.496400
18.000000 0.355000 0.496400
18.000000 0.360000 0.496400
18.000000 0.365000 0.496400
18.000000 0.370000 0.496400
18.000000 0.375000 0.496400
18.000000 0.380000 0.496400
18.000000 0.385000 0.496400
18.000000 0.390000 0.496400
18.000000 0.395000 0.496400
18.000000 0.400000 0.496400
18.000000 0.405000 0.496400
18.000000 0.410000 0.496400
18.000000 0.415000 0.496400
18.000000 0.420000 0.496400
18.000000 0.425000 0.496400
18.000000 0.430000 0.496400
18.000000 0.435000 0.496400
18.000000 0.440000 0.496400
18.000000 0.445000 0.496400
18.000000 0.450000 0.496400
18.000000 0.455000 0.496400
18.000000 0.460000 0.496400
18.000000 0.465000 0.496400
18.000000 0.470000 0.496400
18.000000 0.475000 0.496400
18.000000 0.480000 0.496400
18.000000 0.485000 0.496400
18.000000 0.490000 0.496400
18.000000 0.495000 0.496400
18.000000 0.500000 0.496400
18.000000 0.505000 0.496400
18.000000 0.510000 0.496400
18.000000 0.515000 0.496400
18.000000 0.520000 0.496400
18.000000 0.525000 0.496400
18.000000 0.530000 0.496400
18.000000 0.535000 0.496400
18.000000 0.540000 0.496400
18.000000 0.545000 0.496400
18.000000 0.550000 0.496400
18.000000 0.555000 0.496400
18.000000 0.560000 0.496400
18.000000 0.565000 0.496400
18.000000 0.570000 0.496400
18.000000 0.575000 0.496400
18.000000 0.580000 0.496400
18.000000 0.585000 0.496400
18.000000 0.590000 0.496400
18.000000 0.595000 0.496400
18.000000 0.600000 0.496400
18.000000 0.605000 0.496400
18.000000 0.610000 0.496400
18.000000 0.615000 0.496400
18.000000 0.620000 0.496400
18.000000 0.625000 0.496400
18.000000 0.630000 0.496400
18.000000 0.635000 0.496400
18.000000 0.640000 0.496400
18.000000 0.645000 0.496400
18.000000 0.650000 0.496400
18.000000 0.655000 0.496400
18.000000 0.660000 0.496400
18.000000 0.665000 0.496400
18.000000 0.670000 0.496400
18.000000 0.675000 0.496400
18.000000 0.680000 0.496400
18.000000 0.685000 0.496400
18.000000 0.690000 0.496400
18.000000 0.695000 0.496400
18.000000 0.700000 0.496400
18.000000 0.705000 0.496400
18.000000 0.710000 0.496400
18.000000 0.715000 0.496400
18.000000 0.720000 0.496400
18.000000 0.725000 0.496400
18.000000 0.730000 0.496400
18.000000 0.735000 0.496400
18.000000 0.740000 0.496400
18.000000 0.745000 0.496400
18.000000 0.750000 0.496400
18.000000 0.755000 0.496400
18.000000 0.760000 0.496400
18.000000 0.765000 0.496400
18.000000 0.770000 0.496400
18.000000 0.775000 0.496400
18.000000 0.780000 0.496400
18.000000 0.785000 0.496400
18.000000 0.790000 0.496400
18.000000 0.795000 0.496400
18.000000 0.800000 0.496400
18.000000 0.805000 0.496400
18.000000 0.810000 0.496400
18.000000 0.815000 0.496400
18.000000 0.820000 0.496400
18.000000 0.825000 0.496400
18.000000 0.830000 0.496400
18.000000 0.835000 0.496400
18.000000 0.840000 0.496400
18.000000 0.845000 0.496400
18.000000 0.850000 0.496400
18.000000 0.855000 0.496400
18.000000 0.860000 0.496400
18.000000 0.865000 0.496400
18.000000 0.870000 0.496400
18.000000 0.875000 0.496400
18.000000 0.880000 0.496400
18.000000 0.885000 0.496400
18.000000 0.890000 0.496400
18.000000 0.895000 0.496400
18.000000 0.900000 0.496400
18.000000 0.905000 0.496400
18.000000 0.910000 0.496400
18.000000 0.915000 0.496400
18.000000 0.920000 0.496400
18.000000 0.925000 0.496400
18.000000 0.930000 0.496400
18.000000 0.935000 0.496400
18.000000 0.940000 0.496400
18.000000 0.945000 0.496400
18.000000 0.950000 0.496400
18.000000 0.955000 0.496400
18.000000 0.960000 0.496400
18.000000 0.965000 0.496400
18.000000 0.970000 0.496400
18.000000 0.975000 0.496400
18.000000 0.980000 0.496400
18.000000 0.985000 0.496400
18.000000 0.990000 0.496400
18.000000 0.995000 0.496400
18.000000 0.000000 0.503860
18.000000 0.005000 0.503860
18.000000 0.010000 0.503860
18.000000 0.015000 0.503860
18.000000 0.020000 0.503860
18.000000 0.025000 0.503860
18.000000 0.030000 0.503860
18.000000 0.035000 0.503860
18.000000 0.040000 0.503860
18.000000 0.045000 0.503860
18.000000 0.050000 0.503860
18.000000 0.055000 0.503860
18.000000 0.060000 0.503860
18.000000 0.065000 0.503860
18.000000 0.070000 0.503860
18.000000 0.075000 0.503860
18.000000 0.080000 0.503860
18.000000 0.085000 0.503860
18.000000 0.090000 0.503860
18.000000 0.095000 0.503860
18.000000 0.100000 0.503860
18.000000 0.105000 0.503860
18.000000 0.110000 0.503860
18.000000 0.115000 0.503860
18.000000 0.120000 0.503860
18.000000 0.125000 0.503860
18.000000 0.130000 0.503860
18.000000 0.135000 0.503860
18.000000 0.140000 0.503860
18.000000 0.145000 0.503860
18.000000 0.150000 0.503860
18.000000 0.155000 0.503860
18.000000 0.160000 0.503860
18.000000 0.165000 0.503860
18.000000 0.170000 0.503860
18.000000 0.175000 0.503860
18.000000 0.180000 0.503860
18.000000 0.185000 0.503860
18.000000 0.190000 0.503860
18.000000 0.195000 0.503860
18.000000 0.200000 0.503860
18.000000 0.205000 0.503860
18.000000 0.210000 0.503860
18.000000 0.215000 0.503860
18.000000 0.220000 0.503860
18.000000 0.225000 0.503860
18.000000 0.230000 0.503860
18.000000 0.235000 0.503860
18.000000 0.240000 0.503860
18.000000 0.245000 0.503860
18.000000 0.250000 0.503860
18.000000 0.255000 0.503860
18.000000 0.260000 0.503860
18.000000 0.265000 0.503860
18.000000 0.270000 0.503860
18.000000 0.275000 0.503860
18.000000 0.280000 0.503860
18.000000 0.285000 0.503860
18.000000 0.290000 0.503860
18.000000 0.295000 0.503860
18.000000 0.300000 0.503860
18.000000 0.305000 0.503860
18.000000 0.310000 0.503860
18.000000 0.315000 0.503860
18.000000 0.320000 0.503860
18.000000 0.325000 0.503860
18.000000 0.330000 0.503860
18.000000 0.335000 0.503860
18.000000 0.340000 0.503860
18.000000 0.345000 0.503860
18.000000 0.350000 0.503860
18.000000 0.355000 0.503860
18.000000 0.360000 0.503860
18.000000 0.365000 0.503860
18.000000 0.370000 0.503860
18.000000 0.375000 0.503860
18.000000 0.380000 0.503860
18.000000 0.385000 0.503860
18.000000 0.390000 0.503860
18.000000 0.395000 0.503860
18.000000 0.400000 0.503860
18.000000 0.405000 0.503860
18.000000 0.410000 0.503860
18.000000 0.415000 0.503860
18.000000 0.420000 0.503860
18.000000 0.425000 0.503860
18.000000 0.430000 0.503860
18.000000 0.435000 0.503860
18.000000 0.440000 0.503860
18.000000 0.445000 0.503860
18.000000 0.450000 0.503860
18.000000 0.455000 0.503860
18.000000 0.460000 0.503860
18.000000 0.465000 0.503860
18.000000 0.470000 0.503860
18.000000 0.475000 0.503860
18.000000 0.480000 0.503860
18.000000 0.485000 0.503860
18.000000 0.490000 0.503860
18.000000 0.495000 0.503860
18.000000 0.500000 0.503860
18.000000 0.505000 0.503860
18.000000 0.510000 0.503860
18.000000 0.515000 0.503860
18.000000 0.520000 0.503860
18.000000 0.525000 0.503860
18.000000 0.530000 0.503860
18.000000 0.535000 0.503860
18.000000 0.540000 0.503860
18.000000 0.545000 0.503860
18.000000 0.550000 0.503860
18.000000 0.555000 0.503860
18.000000 0.560000 0.503860
18.000000 0.565000 0.503860
18.000000 0.570000 0.503860
18.000000 0.575000 0.503860
18.000000 0.580000 0.503860
18.000000 0.585000 0.503860
18.000000 0.590000 0.503860
18.000000 0.595000 0.503860
18.000000 0.600000 0.503860
18.000000 0.605000 0.503860
18.000000 0.610000 0.503860
18.000000 0.615000 0.503860
18.000000 0.620000 0.503860
18.000000 0.625000 0.503860
18.000000 0.630000 0.503860
18.000000 0.635000 0.503860
18.000000 0.640000 0.503860
18.000000 0.645000 0.503860
18.000000 0.650000 0.503860
18.000000 0.655000 0.503860
18.000000 0.660000 0.503860
18.000000 0.665000 0.503860
18.000000 0.670000 0.503860
18.000000 0.675000 0.503860
18.000000 0.680000 0.503860
18.000000 0.685000 0.503860
18.000000 0.690000 0.503860
18.000000 0.695000 0.503860
18.000000 0.700000 0.503860
18.000000 0.705000 0.503860
18.000000 0.710000 0.503860
18.000000 0.715000 0.503860
18.000000 0.720000 0.503860
18.000000 0.725000 0.503860
18.000000 0.730000 0.503860
18.000000 0.735000 0.503860
18.000000 0.740000 0.503860
18.000000 0.745000 0.503860
18.000000 0.750000 0.503860
18.000000 0.755000 0.503860
18.000000 0.760000 0.503860
18.000000 0.765000 0.503860
18.000000 0.770000 0.503860
18.000000 0.775000 0.503860
18.000000 0.780000 0.503860
18.000000 0.785000 0.503860
18.000000 0.790000 0.503860
18.000000 0.795000 0.503860
18.000000 0.800000 0.503860
18.000000 0.805000 0.503860
18.000000 0.810000 0.503860
18.000000 0.815000 0.503860
18.000000 0.820000 0.503860
18.000000 0.825000 0.503860
18.000000 0.830000 0.503860
18.000000 0.835000 0.503860
18.000000 0.840000 0.503860
18.000000 0.845000 0.503860
18.000000 0.850000 0.503860
18.000000 0.855000 0.503860
18.000000 0.860000 0.503860
18.000000 0.865000 0.503860
18.000000 0.870000 0.503860
18.000000 0.875000 0.503860
18.000000 0.880000 0.503860
18.000000 0.885000 0.503860
18.000000 0.890000 0.503860
18.000000 0.895000 0.503860
18.000000 0.900000 0.503860
18.000000 0.905000 0.503860
18.000000 0.910000 0.503860
18.000000 0.915000 0.503860
18.000000 0.920000 0.503860
18.000000 0.925000 0.503860
18.000000 0.930000 0.503860
18.000000 0.935000 0.503860
18.000000 0.940000 0.503860
18.000000 0.945000 0.503860
18.000000 0.950000 0.503860
18.000000 0.955000 0.503860
18.000000 0.960000 0.503860
18.000000 0.965000 0.503860
18.000000 0.970000 0.503860
18.000000 0.975000 0.503860
18.000000 0.980000 0.503860
18.000000 0.985000 0.503860
18.000000 0.990000 0.503860
18.000000 0.995000 0.503860
28.000000 0.000000 0.496500
28.000000 0.005000 0.496500
28.000000 0.010000 0.496500
28.000000 0.015000 0.496500
28.000000 0.020000 0.496500
28.000000 0.025000 0.496500
28.000000 0.030000 0.496500
28.000000 0.035000 0.496500
28.000000 0.040000 0.496500
28.000000 0.045000 0.496500
28.000000 0.050000 0.496500
28.000000 0.055000 0.496500
28.000000 0.060000 0.496500
28.000000 0.065000 0.496500
28.000000 0.070000 0.496500
28.000000 0.075000 0.496500
28.000000 0.080000 0.496500
28.000000 0.085000 0.496500
28.000000 0.090000 0.496500
28.000000 0.095000 0.496500
28.000000 0.100000 0.496500
28.000000 0.105000 0.496500
28.000000 0.110000 0.496500
28.000000 0.115000 0.496500
28.000000 0.120000 0.496500
28.000000 0.125000 0.496500
28.000000 0.130000 0.496500
28.000000 0.135000 0.496500
28.000000 0.140000 0.496500
28.000000 0.145000 0.496500
28.000000 0.150000 0.496500
28.000000 0.155000 0.496500
28.000000 0.160000 0.496500
28.000000 0.165000 0.496500
28.000000 0.170000 0.496500
28.000000 0.175000 0.496500
28.000000 0.180000 0.496500
28.000000 0.185000 0.496500
28.000000 0.190000 0.496500
28.000000 0.195000 0.496500
28.000000 0.200000 0.496500
28.000000 0.205000 0.496500
28.000000 0.210000 0.496500
28.000000 0.215000 0.496500
28.000000 0.220000 0.496500
28.000000 0.225000 0.496500
28.000000 0.230000 0.496500
28.000000 0.235000 0.496500
28.000000 0.240000 0.496500
28.000000 0.245000 0.496500
28.000000 0.250000 0.496500
28.000000 0.255000 0.496500
28.000000 0.260000 0.496500
28.000000 0.265000 0.496500
28.000000 0.270000 0.496500
28.000000 0.275000 0.496500
28.000000 0.280000 0.496500
28.000000 0.285000 0.496500
28.000000 0.290000 0.496500
28.000000 0.295000 0.496500
28.000000 0.300000 0.496500
28.000000 0.305000 0.496500
28.000000 0.310000 0.496500
28.000000 0.315000 0.496500
28.000000 0.320000 0.496500
28.000000 0.325000 0.496500
28.000000 0.330000 0.496500
28.000000 0.335000 0.496500
28.000000 0.340000 0.496500
28.000000 0.345000 0.496500
28.000000 0.350000 0.496500
28.000000 0.355000 0.496500
28.000000 0.360000 0.496500
28.000000 0.365000 0.496500
28.000000 0.370000 0.496500
28.000000 0.375000 0.496500
28.000000 0.380000 0.496500
28.000000 0.385000 0.496500
28.000000 0.390000 0.496500
28.000000 0.395000 0.496500
28.000000 0.400000 0.496500
28.000000 0.405000 0.496500
28.000000 0.410000 0.496500
28.000000 0.415000 0.496500
28.000000 0.420000 0.496500
28.000000 0.425000 0.496500
28.000000 0.430000 0.496500
28.000000 0.435000 0.496500
28.000000 0.440000 0.496500
28.000000 0.445000 0.496500
28.000000 0.450000 0.496500
28.000000 0.455000 0.496500
28.000000 0.460000 0.496500
28.000000 0.465000 0.496500
28.000000 0.470000 0.496500
28.000000 0.475000 0.496500
28.000000 0.480000 0.496500
28.000000 0.485000 0.496500
28.000000 0.490000 0.496500
28.000000 0.495000 0.496500
28.000000 0.500000 0.496500
28.000000 0.505000 0.496500
28.000000 0.510000 0.496500
28.000000 0.515000 0.496500
28.000000 0.520000 0.496500
28.000000 0.525000 0.496500
28.000000 0.530000 0.496500
28.000000 0.535000 0.496500
28.000000 0.540000 0.496500
28.000000 0.545000 0.496500
28.000000 0.550000 0.496500
28.000000 0.555000 0.496500
28.000000 0.560000 0.496500
28.000000 0.565000 0.496500
28.000000 0.570000 0.496500
28.000000 0.575000 0.496500
28.000000 0.580000 0.496500
28.000000 0.585000 0.496500
28.000000 0.590000 0.496500
28.000000 0.595000 0.496500
28.000000 0.600000 0.496500
28.000000 0.605000 0.496500
28.000000 0.610000 0.496500
28.000000 0.615000 0.496500
28.000000 0.620000 0.496500
28.000000 0.625000 0.496500
28.000000 0.630000 0.496500
28.000000 0.635000 0.496500
28.000000 0.640000 0.496500
28.000000 0.645000 0.496500
28.000000 0.650000 0.496500
28.000000 0.655000 0.496500
28.000000 0.660000 0.496500
28.000000 0.665000 0.496500
28.000000 0.670000 0.496500
28.000000 0.675000 0.496500
28.000000 0.680000 0.496500
28.000000 0.685000 0.496500
28.000000 0.690000 0.496500
28.000000 0.695000 0.496500
28.000000 0.700000 0.496500
28.000000 0.705000 0.496500
28.000000 0.710000 0.496500
28.000000 0.715000 0.496500
28.000000 0.720000 0.496500
28.000000 0.725000 0.496500
28.000000 0.730000 0.496500
28.000000 0.735000 0.496500
28.000000 0.740000 0.496500
28.000000 0.745000 0.496500
28.000000 0.750000 0.496500
28.000000 0.755000 0.496500
28.000000 0.760000 0.496500
28.000000 0.765000 0.496500
28.000000 0.770000 0.496500
28.000000 0.775000 0.496500
28.000000 0.780000 0.496500
28.000000 0.785000 0.496500
28.000000 0.790000 0.496500
28.000000 0.795000 0.496500
28.000000 0.800000 0.496500
28.000000 0.805000 0.496500
28.000000 0.810000 0.496500
28.000000 0.815000 0.496500
28.000000 0.820000 0.496500
28.000000 0.825000 0.496500
28.000000 0.830000 0.496500
28.000000 0.835000 0.496500
28.000000 0.840000 0.496500
28.000000 0.845000 0.496500
28.000000 0.850000 0.496500
28.000000 0.855000 0.496500
28.000000 0.860000 0.496500
28.000000 0.865000 0.496500
28.000000 0.870000 0.496500
28.000000 0.875000 0.496500
28.000000 0.880000 0.496500
28.000000 0.885000 0.496500
28.000000 0.890000 0.496500
28.000000 0.895000 0.496500
28.000000 0.900000 0.496500
28.000000 0.905000 0.496500
28.000000 0.910000 0.496500
28.000000 0.915000 0.496500
28.000000 0.920000 0.496500
28.000000 0.925000 0.496500
28.000000 0.930000 0.496500
28.000000 0.935000 0.496500
28.000000 0.940000 0.496500
28.000000 0.945000 0.496500
28.000000 0.950000 0.496500
28.000000 0.955000 0.496500
28.000000 0.960000 0.496500
28.000000 0.965000 0.496500
28.000000 0.970000 0.496500
28.000000 0.975000 0.496500
28.000000 0.980000 0.496500
28.000000 0.985000 0.496500
28.000000 0.990000 0.496500
28.000000 0.995000 0.496500
28.000000 0.000000 0.503760
28.000000 0.005000 0.503760
28.000000 0.010000 0.503760
28.000000 0.015000 0.503760
28.000000 0.020000 0.503760
28.000000 0.025000 0.503760
28.000000 0.030000 0.503760
28.000000 0.035000 0.503760
28.000000 0.040000 0.503760
28.000000 0.045000 0.503760
28.000000 0.050000 0.503760
28.000000 0.055000 0.503760
28.000000 0.060000 0.503760
28.000000 0.065000 0.503760
28.000000 0.070000 0.503760
28.000000 0.075000 0.503760
28.000000 0.080000 0.503760
28.000000 0.085000 0.503760
28.000000 0.090000 0.503760
28.000000 0.095000 0.503760
28.000000 0.100000 0.503760
28.000000 0.105000 0.503760
28.000000 0.110000 0.503760
28.000000 0.115000 0.503760
28.000000 0.120000 0.503760
28.000000 0.125000 0.503760
28.000000 0.130000 0.503760
28.000000 0.135000 0.503760
28.000000 0.140000 0.503760
28.000000 0.145000 0.503760
28.000000 0.150000 0.503760
28.000000 0.155000 0.503760
28.000000 0.160000 0.503760
28.000000 0.165000 0.503760
28.000000 0.170000 0.503760
28.000000 0.175000 0.503760
28.000000 0.180000 0.503760
28.000000 0.185000 0.503760
28.000000 0.190000 0.503760
28.000000 0.195000 0.503760
28.000000 0.200000 0.503760
28.000000 0.205000 0.503760
28.000000 0.210000 0.503760
28.000000 0.215000 0.503760
28.000000 0.220000 0.503760
28.000000 0.225000 0.503760
28.000000 0.230000 0.503760
28.000000 0.235000 0.503760
28.000000 0.240000 0.503760
28.000000 0.245000 0.503760
28.000000 0.250000 0.503760
28.000000 0.255000 0.503760
28.000000 0.260000 0.503760
28.000000 0.265000 0.503760
28.000000 0.270000 0.503760
28.000000 0.275000 0.503760
28.000000 0.280000 0.503760
28.000000 0.285000 0.503760
28.000000 0.290000 0.503760
28.000000 0.295000 0.503760
28.000000 0.300000 0.503760
28.000000 0.305000 0.503760
28.000000 0.310000 0.503760
28.000000 0.315000 0.503760
28.000000 0.320000 0.503760
28.000000 0.325000 0.503760
28.000000 0.330000 0.503760
28.000000 0.335000 0.503760
28.000000 0.340000 0.503760
28.000000 0.345000 0.503760
28.000000 0.350000 0.503760
28.000000 0.355000 0.503760
28.000000 0.360000 0.503760
28.000000 0.365000 0.503760
28.000000 0.370000 0.503760
28.000000 0.375000 0.503760
28.000000 0.380000 0.503760
28.000000 0.385000 0.503760
28.000000 0.390000 0.503760
28.000000 0.395000 0.503760
28.000000 0.400000 0.503760
28.000000 0.405000 0.503760
28.000000 0.410000 0.503760
28.000000 0.415000 0.503760
28.000000 0.420000 0.503760
28.000000 0.425000 0.503760
28.000000 0.430000 0.503760
28.000000 0.435000 0.503760
28.000000 0.440000 0.503760
28.000000 0.445000 0.503760
28.000000 0.450000 0.503760
28.000000 0.455000 0.503760
28.000000 0.460000 0.503760
28.000000 0.465000 0.503760
28.000000 0.470000 0.503760
28.000000 0.475000 0.503760
28.000000 0.480000 0.503760
28.000000 0.485000 0.503760
28.000000 0.490000 0.503760
28.000000 0.495000 0.503760
28.000000 0.500000 0.503760
28.000000 0.505000 0.503760
28.000000 0.510000 0.503760
28.000000 0.515000 0.503760
28.000000 0.520000 0.503760
28.000000 0.525000 0.503760
28.000000 0.530000 0.503760
28.000000 0.535000 0.503760
28.000000 0.540000 0.503760
28.000000 0.545000 0.503760
28.000000 0.550000 0.503760
28.000000 0.555000 0.503760
28.000000 0.560000 0.503760
28.000000 0.565000 0.503760
28.000000 0.570000 0.503760
28.000000 0.575000 0.503760
28.000000 0.580000 0.503760
28.000000 0.585000 0.503760
28.000000 0.590000 0.503760
28.000000 0.595000 0.503760
28.000000 0.600000 0.503760
28.000000 0.605000 0.503760
28.000000 0.610000 0.503760
28.000000 0.615000 0.503760
28.000000 0.620000 0.503760
28.000000 0.625000 0.503760
28.000000 0.630000 0.503760
28.000000 0.635000 0.503760
28.000000 0.640000 0.503760
28.000000 0.645000 0.503760
28.000000 0.650000 0.503760
28.000000 0.655000 0.503760
28.000000 0.660000 0.503760
28.000000 0.665000 0.503760
28.000000 0.670000 0.503760
28.000000 0.675000 0.503760
28.000000 0.680000 0.503760
28.000000 0.685000 0.503760
28.000000 0.690000 0.503760
28.000000 0.695000 0.503760
28.000000 0.700000 0.503760
28.000000 0.705000 0.503760
28.000000 0.710000 0.503760
28.000000 0.715000 0.503760
28.000000 0.720000 0.503760
28.000000 0.725000 0.503760
28.000000 0.730000 0.503760
28.000000 0.735000 0.503760
28.000000 0.740000 0.503760
28.000000 0.745000 0.503760
28.000000 0.750000 0.503760
28.000000 0.755000 0.503760
28.000000 0.760000 0.503760
28.000000 0.765000 0.503760
28.000000 0.770000 0.503760
28.000000 0.775000 0.503760
28.000000 0.780000 0.503760
28.000000 0.785000 0.503760
28.000000 0.790000 0.503760
28.000000 0.795000 0.503760
28.000000 0.800000 0.503760
28.000000 0.805000 0.503760
28.000000 0.810000 0.503760
28.000000 0.815000 0.503760
28.000000 0.820000 0.503760
28.000000 0.825000 0.503760
28.000000 0.830000 0.503760
28.000000 0.835000 0.503760
28.000000 0.840000 0.503760
28.000000 0.845000 0.503760
28.000000 0.850000 0.503760
28.000000 0.855000 0.503760
28.000000 0.860000 0.503760
28.000000 0.865000 0.503760
28.000000 0.870000 0.503760
28.000000 0.875000 0.503760
28.000000 0.880000 0.503760
28.000000 0.885000 0.503760
28.000000 0.890000 0.503760
28.000000 0.895000 0.503760
28.000000 0.900000 0.503760
28.000000 0.905000 0.503760
28.000000 0.910000 0.503760
28.000000 0.915000 0.503760
28.000000 0.920000 0.503760
28.000000 0.925000 0.503760
28.000000 0.930000 0.503760
28.000000 0.935000 0.503760
28.000000 0.940000 0.503760
28.000000 0.945000 0.503760
28.000000 0.950000 0.503760
28.000000 0.955000 0.503760
28.000000 0.960000 0.503760
28.000000 0.965000 0.503760
28.000000 0.970000 0.503760
28.000000 0.975000 0.503760
28.000000 0.980000 0.503760
28.000000 0.985000 0.503760
28.000000 0.990000 0.503760
28.000000 0.995000 0.503760
40.000000 0.000000 0.496600
40.000000 0.005000 0.496600
40.000000 0.010000 0.496600
40.000000 0.015000 0.496600
40.000000 0.020000 0.496600
40.000000 0.025000 0.496600
40.000000 0.030000 0.496600
40.000000 0.035000 0.496600
40.000000 0.040000 0.496600
40.000000 0.045000 0.496600
40.000000 0.050000 0.496600
40.000000 0.055000 0.496600
40.000000 0.060000 0.496600
40.000000 0.065000 0.496600
40.000000 0.070000 0.496600
40.000000 0.075000 0.496600
40.000000 0.080000 0.496600
40.000000 0.085000 0.496600
40.000000 0.090000 0.496600
40.000000 0.095000 0.496600
40.000000 0.100000 0.496600
40.000000 0.105000 0.496600
40.000000 0.110000 0.496600
40.000000 0.115000 0.496600
40.000000 0.120000 0.496600
40.000000 0.125000 0.496600
40.000000 0.130000 0.496600
40.000000 0.135000 0.496600
40.000000 0.140000 0.496600
40.000000 0.145000 0.496600
40.000000 0.150000 0.496600
40.000000 0.155000 0.496600
40.000000 0.160000 0.496600
40.000000 0.165000 0.496600
40.000000 0.170000 0.496600
40.000000 0.175000 0.496600
40.000000 0.180000 0.496600
40.000000 0.185000 0.496600
40.000000 0.190000 0.496600
40.000000 0.195000 0.496600
40.000000 0.200000 0.496600
40.000000 0.205000 0.496600
40.000000 0.210000 0.496600
40.000000 0.215000 0.496600
40.000000 0.220000 0.496600
40.000000 0.225000 0.496600
40.000000 0.230000 0.496600
40.000000 0.235000 0.496600
40.000000 0.240000 0.496600
40.000000 0.245000 0.496600
40.000000 0.250000 0.496600
40.000000 0.255000 0.496600
40.000000 0.260000 0.496600
40.000000 0.265000 0.496600
40.000000 0.270000 0.496600
40.000000 0.275000 0.496600
40.000000 0.280000 0.496600
40.000000 0.285000 0.496600
40.000000 0.290000 0.496600
40.000000 0.295000 0.496600
40.000000 0.300000 0.496600
40.000000 0.305000 0.496600
40.000000 0.310000 0.496600
40.000000 0.315000 0.496600
40.000000 0.320000 0.496600
40.000000 0.325000 0.496600
40.000000 0.330000 0.496600
40.000000 0.335000 0.496600
40.000000 0.340000 0.496600
40.000000 0.345000 0.496600
40.000000 0.350000 0.496600
40.000000 0.355000 0.496600
40.000000 0.360000 0.496600
40.000000 0.365000 0.496600
40.000000 0.370000 0.496600
40.000000 0.375000 0.496600
40.000000 0.380000 0.496600
40.000000 0.385000 0.496600
40.000000 0.390000 0.496600
40.000000 0.395000 0.496600
40.000000 0.400000 0.496600
40.000000 0.405000 0.496600
40.000000 0.410000 0.496600
40.000000 0.415000 0.496600
40.000000 0.420000 0.496600
40.000000 0.425000 0.496600
40.000000 0.430000 0.496600
40.000000 0.435000 0.496600
40.000000 0.440000 0.496600
40.000000 0.445000 0.496600
40.000000 0.450000 0.496600
40.000000 0.455000 0.496600
40.000000 0.460000 0.496600
40.000000 0.465000 0.496600
40.000000 0.470000 0.496600
40.000000 0.475000 0.496600
40.000000 0.480000 0.496600
40.000000 0.485000 0.496600
40.000000 0.490000 0.496600
40.000000 0.495000 0.496600
40.000000 0.500000 0.496600
40.000000 0.505000 0.496600
40.000000 0.510000 0.496600
40.000000 0.515000 0.496600
40.000000 0.520000 0.496600
40.000000 0.525000 0.496600
40.000000 0.530000 0.496600
40.000000 0.535000 0.496600
40.000000 0.540000 0.496600
40.000000 0.545000 0.496600
40.000000 0.550000 0.496600
40.000000 0.555000 0.496600
40.000000 0.560000 0.496600
40.000000 0.565000 0.496600
40.000000 0.570000 0.496600
40.000000 0.575000 0.496600
40.000000 0.580000 0.496600
40.000000 0.585000 0.496600
40.000000 0.590000 0.496600
40.000000 0.595000 0.496600
40.000000 0.600000 0.496600
40.000000 0.605000 0.496600
40.000000 0.610000 0.496600
40.000000 0.615000 0.496600
40.000000 0.620000 0.496600
40.000000 0.625000 0.496600
40.000000 0.630000 0.496600
40.000000 0.635000 0.496600
40.000000 0.640000 0.496600
40.000000 0.645000 0.496600
40.000000 0.650000 0.496600
40.000000 0.655000 0.496600
40.000000 0.660000 0.496600
40.000000 0.665000 0.496600
40.000000 0.670000 0.496600
40.000000 0.675000 0.496600
40.000000 0.680000 0.496600
40.000000 0.685000 0.496600
40.000000 0.690000 0.496600
40.000000 0.695000 0.496600
40.000000 0.700000 0.496600
40.000000 0.705000 0.496600
40.000000 0.710000 0.496600
40.000000 0.715000 0.496600
40.000000 0.720000 0.496600
40.000000 0.725000 0.496600
40.000000 0.730000 0.496600
40.000000 0.735000 0.496600
40.000000 0.740000 0.496600
40.000000 0.745000 0.496600
40.000000 0.750000 0.496600
40.000000 0.755000 0.496600
40.000000 0.760000 0.496600
40.000000 0.765000 0.496600
40.000000 0.770000 0.496600
40.000000 0.775000 0.496600
40.000000 0.780000 0.496600
40.000000 0.785000 0.496600
40.000000 0.790000 0.496600
40.000000 0.795000 0.496600
40.000000 0.800000 0.496600
40.000000 0.805000 0.496600
40.000000 0.810000 0.496600
40.000000 0.815000 0.496600
40.000000 0.820000 0.496600
40.000000 0.825000 0.496600
40.000000 0.830000 0.496600
40.000000 0.835000 0.496600
40.000000 0.840000 0.496600
40.000000 0.845000 0.496600
40.000000 0.850000 0.496600
40.000000 0.855000 0.496600
40.000000 0.860000 0.496600
40.000000 0.865000 0.496600
40.000000 0.870000 0.496600
40.000000 0.875000 0.496600
40.000000 0.880000 0.496600
40.000000 0.885000 0.496600
40.000000 0.890000 0.496600
40.000000 0.895000 0.496600
40.000000 0.900000 0.496600
40.000000 0.905000 0.496600
40.000000 0.910000 0.496600
40.000000 0.915000 0.496600
40.000000 0.920000 0.496600
40.000000 0.925000 0.496600
40.000000 0.930000 0.496600
40.000000 0.935000 0.496600
40.000000 0.940000 0.496600
40.000000 0.945000 0.496600
40.000000 0.950000 0.496600
40.000000 0.955000 0.496600
40.000000 0.960000 0.496600
40.000000 0.965000 0.496600
40.000000 0.970000 0.496600
40.000000 0.975000 0.496600
40.000000 0.980000 0.496600
40.000000 0.985000 0.496600
40.000000 0.990000 0.496600
40.000000 0.995000 0.496600
40.000000 0.000000 0.503660
40.000000 0.005000 0.503660
40.000000 0.010000 0.503660
40.000000 0.015000 0.503660
40.000000 0.020000 0.503660
40.000000 0.025000 0.503660
40.000000 0.030000 0.503660
40.000000 0.035000 0.503660
40.000000 0.040000 0.503660
40.000000 0.045000 0.503660
40.000000 0.050000 0.503660
40.000000 0.055000 0.503660
40.000000 0.060000 0.503660
40.000000 0.065000 0.503660
40.000000 0.070000 0.503660
40.000000 0.075000 0.503660
40.000000 0.080000 0.503660
40.000000 0.085000 0.503660
40.000000 0.090000 0.503660
40.000000 0.095000 0.503660
40.000000 0.100000 0.503660
40.000000 0.105000 0.503660
40.000000 0.110000 0.503660
40.000000 0.115000 0.503660
40.000000 0.120000 0.503660
40.000000 0.125000 0.503660
40.000000 0.130000 0.503660
40.000000 0.135000 0.503660
40.000000 0.140000 0.503660
40.000000 0.145000 0.503660
40.000000 0.150000 0.503660
40.000000 0.155000 0.503660
40.000000 0.160000 0.503660
40.000000 0.165000 0.503660
40.000000 0.170000 0.503660
40.000000 0.175000 0.503660
40.000000 0.180000 0.503660
40.000000 0.185000 0.503660
40.000000 0.190000 0.503660
40.000000 0.195000 0.503660
40.000000 0.200000 0.503660
40.000000 0.205000 0.503660
40.000000 0.210000 0.503660
40.000000 0.215000 0.503660
40.000000 0.220000 0.503660
40.000000 0.225000 0.503660
40.000000 0.230000 0.503660
40.000000 0.235000 0.503660
40.000000 0.240000 0.503660
40.000000 0.245000 0.503660
40.000000 0.250000 0.503660
40.000000 0.255000 0.503660
40.000000 0.260000 0.503660
40.000000 0.265000 0.503660
40.000000 0.270000 0.503660
40.000000 0.275000 0.503660
40.000000 0.280000 0.503660
40.000000 0.285000 0.503660
40.000000 0.290000 0.503660
40.000000 0.295000 0.503660
40.000000 0.300000 0.503660
40.000000 0.305000 0.503660
40.000000 0.310000 0.503660
40.000000 0.315000 0.503660
40.000000 0.320000 0.503660
40.000000 0.325000 0.503660
40.000000 0.330000 0.503660
40.000000 0.335000 0.503660
40.000000 0.340000 0.503660
40.000000 0.345000 0.503660
40.000000 0.350000 0.503660
40.000000 0.355000 0.503660
40.000000 0.360000 0.503660
40.000000 0.365000 0.503660
40.000000 0.370000 0.503660
40.000000 0.375000 0.503660
40.000000 0.380000 0.503660
40.000000 0.385000 0.503660
40.000000 0.390000 0.503660
40.000000 0.395000 0.503660
40.000000 0.400000 0.503660
40.000000 0.405000 0.503660
40.000000 0.410000 0.503660
40.000000 0.415000 0.503660
40.000000 0.420000 0.503660
40.000000 0.425000 0.503660
40.000000 0.430000 0.503660
40.000000 0.435000 0.503660
40.000000 0.440000 0.503660
40.000000 0.445000 0.503660
40.000000 0.450000 0.503660
40.000000 0.455000 0.503660
40.000000 0.460000 0.503660
40.000000 0.465000 0.503660
40.000000 0.470000 0.503660
40.000000 0.475000 0.503660
40.000000 0.480000 0.503660
40.000000 0.485000 0.503660
40.000000 0.490000 0.503660
40.000000 0.495000 0.503660
40.000000 0.500000 0.503660
40.000000 0.505000 0.503660
40.000000 0.510000 0.503660
40.000000 0.515000 0.503660
40.000000 0.520000 0.503660
40.000000 0.525000 0.503660
40.000000 0.530000 0.503660
40.000000 0.535000 0.503660
40.000000 0.540000 0.503660
40.000000 0.545000 0.503660
40.000000 0.550000 0.503660
40.000000 0.555000 0.503660
40.000000 0.560000 0.503660
40.000000 0.565000 0.503660
40.000000 0.570000 0.503660
40.000000 0.575000 0.503660
40.000000 0.580000 0.503660
40.000000 0.585000 0.503660
40.000000 0.590000 0.503660
40.000000 0.595000 0.503660
40.000000 0.600000 0.503660
40.000000 0.605000 0.503660
40.000000 0.610000 0.503660
40.000000 0.615000 0.503660
40.000000 0.620000 0.503660
40.000000 0.625000 0.503660
40.000000 0.630000 0.503660
40.000000 0.635000 0.503660
40.000000 0.640000 0.503660
40.000000 0.645000 0.503660
40.000000 0.650000 0.503660
40.000000 0.655000 0.503660
40.000000 0.660000 0.503660
40.000000 0.665000 0.503660
40.000000 0.670000 0.503660
40.000000 0.675000 0.503660
40.000000 0.680000 0.503660
40.000000 0.685000 0.503660
40.000000 0.690000 0.503660
40.000000 0.695000 0.503660
40.000000 0.700000 0.503660
40.000000 0.705000 0.503660
40.000000 0.710000 0.503660
40.000000 0.715000 0.503660
40.000000 0.720000 0.503660
40.000000 0.725000 0.503660
40.000000 0.730000 0.503660
40.000000 0.735000 0.503660
40.000000 0.740000 0.503660
40.000000 0.745000 0.503660
40.000000 0.750000 0.503660
40.000000 0.755000 0.503660
40.000000 0.760000 0.503660
40.000000 0.765000 0.503660
40.000000 0.770000 0.503660
40.000000 0.775000 0.503660
40.000000 0.780000 0.503660
40.000000 0.785000 0.503660
40.000000 0.790000 0.503660
40.000000 0.795000 0.503660
40.000000 0.800000 0.503660
40.000000 0.805000 0.503660
40.000000 0.810000 0.503660
40.000000 0.815000 0.503660
40.000000 0.820000 0.503660
40.000000 0.825000 0.503660
40.000000 0.830000 0.503660
40.000000 0.835000 0.503660
40.000000 0.840000 0.503660
40.000000 0.845000 0.503660
40.000000 0.850000 0.503660
40.000000 0.855000 0.503660
40.000000 0.860000 0.503660
40.000000 0.865000 0.503660
40.000000 0.870000 0.503660
40.000000 0.875000 0.503660
40.000000 0.880000 0.503660
40.000000 0.885000 0.503660
40.000000 0.890000 0.503660
40.000000 0.895000 0.503660
40.000000 0.900000 0.503660
40.000000 0.905000 0.503660
40.000000 0.910000 0.503660
40.000000 0.915000 0.503660
40.000000 0.920000 0.503660
40.000000 0.925000 0.503660
40.000000 0.930000 0.503660
40.000000 0.935000 0.503660
40.000000 0.940000 0.503660
40.000000 0.945000 0.503660
40.000000 0.950000 0.503660
40.000000 0.955000 0.503660
40.000000 0.960000 0.503660
40.000000 0.965000 0.503660
40.000000 0.970000 0.503660
40.000000 0.975000 0.503660
40.000000 0.980000 0.503660
40.000000 0.985000 0.503660
40.000000 0.990000 0.503660
40.000000 0.995000 0.503660
54.000000 0.000000 0.496700
54.000000 0.005000 0.496700
54.000000 0.010000 0.496700
54.000000 0.015000 0.496700
54.000000 0.020000 0.496700
54.000000 0.025000 0.496700
54.000000 0.030000 0.496700
54.000000 0.035000 0.496700
54.000000 0.040000 0.496700
54.000000 0.045000 0.496700
54.000000 0.050000 0.496700
54.000000 0.055000 0.496700
54.000000 0.060000 0.496700
54.000000 0.065000 0.496700
54.000000 0.070000 0.496700
54.000000 0.075000 0.496700
54.000000 0.080000 0.496700
54.000000 0.085000 0.496700
54.000000 0.090000 0.496700
54.000000 0.095000 0.496700
54.000000 0.100000 0.496700
54.000000 0.105000 0.496700
54.000000 0.110000 0.496700
54.000000 0.115000 0.496700
54.000000 0.120000 0.496700
54.000000 0.125000 0.496700
54.000000 0.130000 0.496700
54.000000 0.135000 0.496700
54.000000 0.140000 0.496700
54.000000 0.145000 0.496700
54.000000 0.150000 0.496700
54.000000 0.155000 0.496700
54.000000 0.160000 0.496700
54.000000 0.165000 0.496700
54.000000 0.170000 0.496700
54.000000 0.175000 0.496700
54.000000 0.180000 0.496700
54.000000 0.185000 0.496700
54.000000 0.190000 0.496700
54.000000 0.195000 0.496700
54.000000 0.200000 0.496700
54.000000 0.205000 0.496700
54.000000 0.210000 0.496700
54.000000 0.215000 0.496700
54.000000 0.220000 0.496700
54.000000 0.225000 0.496700
54.000000 0.230000 0.496700
54.000000 0.235000 0.496700
54.000000 0.240000 0.496700
54.000000 0.245000 0.496700
54.000000 0.250000 0.496700
54.000000 0.255000 0.496700
54.000000 0.260000 0.496700
54.000000 0.265000 0.496700
54.000000 0.270000 0.496700
54.000000 0.275000 0.496700
54.000000 0.280000 0.496700
54.000000 0.285000 0.496700
54.000000 0.290000 0.496700
54.000000 0.295000 0.496700
54.000000 0.300000 0.496700
54.000000 0.305000 0.496700
54.000000 0.310000 0.496700
54.000000 0.315000 0.496700
54.000000 0.320000 0.496700
54.000000 0.325000 0.496700
54.000000 0.330000 0.496700
54.000000 0.335000 0.496700
54.000000 0.340000 0.496700
54.000000 0.345000 0.496700
54.000000 0.350000 0.496700
54.000000 0.355000 0.496700
54.000000 0.360000 0.496700
54.000000 0.365000 0.496700
54.000000 0.370000 0.496700
54.000000 0.375000 0.496700
54.000000 0.380000 0.496700
54.000000 0.385000 0.496700
54.000000 0.390000 0.496700
54.000000 0.395000 0.496700
54.000000 0.400000 0.496700
54.000000 0.405000 0.496700
54.000000 0.410000 0.496700
54.000000 0.415000 0.496700
54.000000 0.420000 0.496700
54.000000 0.425000 0.496700
54.000000 0.430000 0.496700
54.000000 0.435000 0.496700
54.000000 0.440000 0.496700
54.000000 0.445000 0.496700
54.000000 0.450000 0.496700
54.000000 0.455000 0.496700
54.000000 0.460000 0.496700
54.000000 0.465000 0.496700
54.000000 0.470000 0.496700
54.000000 0.475000 0.496700
54.000000 0.480000 0.496700
54.000000 0.485000 0.496700
54.000000 0.490000 0.496700
54.000000 0.495000 0.496700
54.000000 0.500000 0.496700
54.000000 0.505000 0.496700
54.000000 0.510000 0.496700
54.000000 0.515000 0.496700
54.000000 0.520000 0.496700
54.000000 0.525000 0.496700
54.000000 0.530000 0.496700
54.000000 0.535000 0.496700
54.000000 0.540000 0.496700
54.000000 0.545000 0.496700
54.000000 0.550000 0.496700
54.000000 0.555000 0.496700
54.000000 0.560000 0.496700
54.000000 0.565000 0.496700
54.000000 0.570000 0.496700
54.000000 0.575000 0.496700
54.000000 0.580000 0.496700
54.000000 0.585000 0.496700
54.000000 0.590000 0.496700
54.000000 0.595000 0.496700
54.000000 0.600000 0.496700
54.000000 0.605000 0.496700
54.000000 0.610000 0.496700
54.000000 0.615000 0.496700
54.000000 0.620000 0.496700
54.000000 0.625000 0.496700
54.000000 0.630000 0.496700
54.000000 0.635000 0.496700
54.000000 0.640000 0.496700
54.000000 0.645000 0.496700
54.000000 0.650000 0.496700
54.000000 0.655000 0.496700
54.000000 0.660000 0.496700
54.000000 0.665000 0.496700
54.000000 0.670000 0.496700
54.000000 0.675000 0.496700
54.000000 0.680000 0.496700
54.000000 0.685000 0.496700
54.000000 0.690000 0.496700
54.000000 0.695000 0.496700
54.000000 0.700000 0.496700
54.000000 0.705000 0.496700
54.000000 0.710000 0.496700
54.000000 0.715000 0.496700
54.000000 0.720000 0.496700
54.000000 0.725000 0.496700
54.000000 0.730000 0.496700
54.000000 0.735000 0.496700
54.000000 0.740000 0.496700
54.000000 0.745000 0.496700
54.000000 0.750000 0.496700
54.000000 0.755000 0.496700
54.000000 0.760000 0.496700
54.000000 0.765000 0.496700
54.000000 0.770000 0.496700
54.000000 0.775000 0.496700
54.000000 0.780000 0.496700
54.000000 0.785000 0.496700
54.000000 0.790000 0.496700
54.000000 0.795000 0.496700
54.000000 0.800000 0.496700
54.000000 0.805000 0.496700
54.000000 0.810000 0.496700
54.000000 0.815000 0.496700
54.000000 0.820000 0.496700
54.000000 0.825000 0.496700
54.000000 0.830000 0.496700
54.000000 0.835000 0.496700
54.000000 0.840000 0.496700
54.000000 0.845000 0.496700
54.000000 0.850000 0.496700
54.000000 0.855000 0.496700
54.000000 0.860000 0.496700
54.000000 0.865000 0.496700
54.000000 0.870000 0.496700
54.000000 0.875000 0.496700
54.000000 0.880000 0.496700
54.000000 0.885000 0.496700
54.000000 0.890000 0.496700
54.000000 0.895000 0.496700
54.000000 0.900000 0.496700
54.000000 0.905000 0.496700
54.000000 0.910000 0.496700
54.000000 0.915000 0.496700
54.000000 0.920000 0.496700
54.000000 0.925000 0.496700
54.000000 0.930000 0.496700
54.000000 0.935000 0.496700
54.000000 0.940000 0.496700
54.000000 0.945000 0.496700
54.000000 0.950000 0.496700
54.000000 0.955000 0.496700
54.000000 0.960000 0.496700
54.000000 0.965000 0.496700
54.000000 0.970000 0.496700
54.000000 0.975000 0.496700
54.000000 0.980000 0.496700
54.000000 0.985000 0.496700
54.000000 0.990000 0.496700
54.000000 0.995000 0.496700
54.000000 0.000000 0.503560
54.000000 0.005000 0.503560
54.000000 0.010000 0.503560
54.000000 0.015000 0.503560
54.000000 0.020000 0.503560
54.000000 0.025000 0.503560
54.000000 0.030000 0.503560
54.000000 0.035000 0.503560
54.000000 0.040000 0.503560
54.000000 0.045000 0.503560
54.000000 0.050000 0.503560
54.000000 0.055000 0.503560
54.000000 0.060000 0.503560
54.000000 0.065000 0.503560
54.000000 0.070000 0.503560
54.000000 0.075000 0.503560
54.000000 0.080000 0.503560
54.000000 0.085000 0.503560
54.000000 0.090000 0.503560
54.000000 0.095000 0.503560
54.000000 0.100000 0.503560
54.000000 0.105000 0.503560
54.000000 0.110000 0.503560
54.000000 0.115000 0.503560
54.000000 0.120000 0.503560
54.000000 0.125000 0.503560
54.000000 0.130000 0.503560
54.000000 0.135000 0.503560
54.000000 0.140000 0.503560
54.000000 0.145000 0.503560
54.000000 0.150000 0.503560
54.000000 0.155000 0.503560
54.000000 0.160000 0.503560
54.000000 0.165000 0.503560
54.000000 0.170000 0.503560
54.000000 0.175000 0.503560
54.000000 0.180000 0.503560
54.000000 0.185000 0.503560
54.000000 0.190000 0.503560
54.000000 0.195000 0.503560
54.000000 0.200000 0.503560
54.000000 0.205000 0.503560
54.000000 0.210000 0.503560
54.000000 0.215000 0.503560
54.000000 0.220000 0.503560
54.000000 0.225000 0.503560
54.000000 0.230000 0.503560
54.000000 0.235000 0.503560
54.000000 0.240000 0.503560
54.000000 0.245000 0.503560
54.000000 0.250000 0.503560
54.000000 0.255000 0.503560
54.000000 0.260000 0.503560
54.000000 0.265000 0.503560
54.000000 0.270000 0.503560
54.000000 0.275000 0.503560
54.000000 0.280000 0.503560
54.000000 0.285000 0.503560
54.000000 0.290000 0.503560
54.000000 0.295000 0.503560
54.000000 0.300000 0.503560
54.000000 0.305000 0.503560
54.000000 0.310000 0.503560
54.000000 0.315000 0.503560
54.000000 0.320000 0.503560
54.000000 0.325000 0.503560
54.000000 0.330000 0.503560
54.000000 0.335000 0.503560
54.000000 0.340000 0.503560
54.000000 0.345000 0.503560
54.000000 0.350000 0.503560
54.000000 0.355000 0.503560
54.000000 0.360000 0.503560
54.000000 0.365000 0.503560
54.000000 0.370000 0.503560
54.000000 0.375000 0.503560
54.000000 0.380000 0.503560
54.000000 0.385000 0.503560
54.000000 0.390000 0.503560
54.000000 0.395000 0.503560
54.000000 0.400000 0.503560
54.000000 0.405000 0.503560
54.000000 0.410000 0.503560
54.000000 0.415000 0.503560
54.000000 0.420000 0.503560
54.000000 0.425000 0.503560
54.000000 0.430000 0.503560
54.000000 0.435000 0.503560
54.000000 0.440000 0.503560
54.000000 0.445000 0.503560
54.000000 0.450000 0.503560
54.000000 0.455000 0.503560
54.000000 0.460000 0.503560
54.000000 0.465000 0.503560
54.000000 0.470000 0.503560
54.000000 0.475000 0.503560
54.000000 0.480000 0.503560
54.000000 0.485000 0.503560
54.000000 0.490000 0.503560
54.000000 0.495000 0.503560
54.000000 0.500000 0.503560
54.000000 0.505000 0.503560
54.000000 0.510000 0.503560
54.000000 0.515000 0.503560
54.000000 0.520000 0.503560
54.000000 0.525000 0.503560
54.000000 0.530000 0.503560
54.000000 0.535000 0.503560
54.000000 0.540000 0.503560
54.000000 0.545000 0.503560
54.000000 0.550000 0.503560
54.000000 0.555000 0.503560
54.000000 0.560000 0.503560
54.000000 0.565000 0.503560
54.000000 0.570000 0.503560
54.000000 0.575000 0.503560
54.000000 0.580000 0.503560
54.000000 0.585000 0.503560
54.000000 0.590000 0.503560
54.000000 0.595000 0.503560
54.000000 0.600000 0.503560
54.000000 0.605000 0.503560
54.000000 0.610000 0.503560
54.000000 0.615000 0.503560
54.000000 0.620000 0.503560
54.000000 0.625000 0.503560
54.000000 0.630000 0.503560
54.000000 0.635000 0.503560
54.000000 0.640000 0.503560
54.000000 0.645000 0.503560
54.000000 0.650000 0.503560
54.000000 0.655000 0.503560
54.000000 0.660000 0.503560
54.000000 0.665000 0.503560
54.000000 0.670000 0.503560
54.000000 0.675000 0.503560
54.000000 0.680000 0.503560
54.000000 0.685000 0.503560
54.000000 0.690000 0.503560
54.000000 0.695000 0.503560
54.000000 0.700000 0.503560
54.000000 0.705000 0.503560
54.000000 0.710000 0.503560
54.000000 0.715000 0.503560
54.000000 0.720000 0.503560
54.000000 0.725000 0.503560
54.000000 0.730000 0.503560
54.000000 0.735000 0.503560
54.000000 0.740000 0.503560
54.000000 0.745000 0.503560
54.000000 0.750000 0.503560
54.000000 0.755000 0.503560
54.000000 0.760000 0.503560
54.000000 0.765000 0.503560
54.000000 0.770000 0.503560
54.000000 0.775000 0.503560
54.000000 0.780000 0.503560
54.000000 0.785000 0.503560
54.000000 0.790000 0.503560
54.000000 0.795000 0.503560
54.000000 0.800000 0.503560
54.000000 0.805000 0.503560
54.000000 0.810000 0.503560
54.000000 0.815000 0.503560
54.000000 0.820000 0.503560
54.000000 0.825000 0.503560
54.000000 0.830000 0.503560
54.000000 0.835000 0.503560
54.000000 0.840000 0.503560
54.000000 0.845000 0.503560
54.000000 0.850000 0.503560
54.000000 0.855000 0.503560
54.000000 0.860000 0.503560
54.000000 0.865000 0.503560
54.000000 0.870000 0.503560
54.000000 0.875000 0.503560
54.000000 0.880000 0.503560
54.000000 0.885000 0.503560
54.000000 0.890000 0.503560
54.000000 0.895000 0.503560
54.000000 0.900000 0.503560
54.000000 0.905000 0.503560
54.000000 0.910000 0.503560
54.000000 0.915000 0.503560
54.000000 0.920000 0.503560
54.000000 0.925000 0.503560
54.000000 0.930000 0.503560
54.000000 0.935000 0.503560
54.000000 0.940000 0.503560
54.000000 0.945000 0.503560
54.000000 0.950000 0.503560
54.000000 0.955000 0.503560
54.000000 0.960000 0.503560
54.000000 0.965000 0.503560
54.000000 0.970000 0.503560
54.000000 0.975000 0.503560
54.000000 0.980000 0.503560
54.000000 0.985000 0.503560
54.000000 0.990000 0.503560
54.000000 0.995000 0.503560
70.000000 0.000000 0.496800
70.000000 0.005000 0.496800
70.000000 0.010000 0.496800
70.000000 0.015000 0.496800
70.000000 0.020000 0.496800
70.000000 0.025000 0.496800
70.000000 0.030000 0.496800
70.000000 0.035000 0.496800
70.000000 0.040000 0.496800
70.000000 0.045000 0.496800
70.000000 0.050000 0.496800
70.000000 0.055000 0.496800
70.000000 0.060000 0.496800
70.000000 0.065000 0.496800
70.000000 0.070000 0.496800
70.000000 0.075000 0.496800
70.000000 0.080000 0.496800
70.000000 0.085000 0.496800
70.000000 0.090000 0.496800
70.000000 0.095000 0.496800
70.000000 0.100000 0.496800
70.000000 0.105000 0.496800
70.000000 0.110000 0.496800
70.000000 0.115000 0.496800
70.000000 0.120000 0.496800
70.000000 0.125000 0.496800
70.000000 0.130000 0.496800
70.000000 0.135000 0.496800
70.000000 0.140000 0.496800
70.000000 0.145000 0.496800
70.000000 0.150000 0.496800
70.000000 0.155000 0.496800
70.000000 0.160000 0.496800
70.000000 0.165000 0.496800
70.000000 0.170000 0.496800
70.000000 0.175000 0.496800
70.000000 0.180000 0.496800
70.000000 0.185000 0.496800
70.000000 0.190000 0.496800
70.000000 0.195000 0.496800
70.000000 0.200000 0.496800
70.000000 0.205000 0.496800
70.000000 0.210000 0.496800
70.000000 0.215000 0.496800
70.000000 0.220000 0.496800
70.000000 0.225000 0.496800
70.000000 0.230000 0.496800
70.000000 0.235000 0.496800
70.000000 0.240000 0.496800
70.000000 0.245000 0.496800
70.000000 0.250000 0.496800
70.000000 0.255000 0.496800
70.000000 0.260000 0.496800
70.000000 0.265000 0.496800
70.000000 0.270000 0.496800
70.000000 0.275000 0.496800
70.000000 0.280000 0.496800
70.000000 0.285000 0.496800
70.000000 0.290000 0.496800
70.000000 0.295000 0.496800
70.000000 0.300000 0.496800
70.000000 0.305000 0.496800
70.000000 0.310000 0.496800
70.000000 0.315000 0.496800
70.000000 0.320000 0.496800
70.000000 0.325000 0.496800
70.000000 0.330000 0.496800
70.000000 0.335000 0.496800
70.000000 0.340000 0.496800
70.000000 0.345000 0.496800
70.000000 0.350000 0.496800
70.000000 0.355000 0.496800
70.000000 0.360000 0.496800
70.000000 0.365000 0.496800
70.000000 0.370000 0.496800
70.000000 0.375000 0.496800
70.000000 0.380000 0.496800
70.000000 0.385000 0.496800
70.000000 0.390000 0.496800
70.000000 0.395000 0.496800
70.000000 0.400000 0.496800
70.000000 0.405000 0.496800
70.000000 0.410000 0.496800
70.000000 0.415000 0.496800
70.000000 0.420000 0.496800
70.000000 0.425000 0.496800
70.000000 0.430000 0.496800
70.000000 0.435000 0.496800
70.000000 0.440000 0.496800
70.000000 0.445000 0.496800
70.000000 0.450000 0.496800
70.000000 0.455000 0.496800
70.000000 0.460000 0.496800
70.000000 0.465000 0.496800
70.000000 0.470000 0.496800
70.000000 0.475000 0.496800
70.000000 0.480000 0.496800
70.000000 0.485000 0.496800
70.000000 0.490000 0.496800
70.000000 0.495000 0.496800
70.000000 0.500000 0.496800
70.000000 0.505000 0.496800
70.000000 0.510000 0.496800
70.000000 0.515000 0.496800
70.000000 0.520000 0.496800
70.000000 0.525000 0.496800
70.000000 0.530000 0.496800
70.000000 0.535000 0.496800
70.000000 0.540000 0.496800
70.000000 0.545000 0.496800
70.000000 0.550000 0.496800
70.000000 0.555000 0.496800
70.000000 0.560000 0.496800
70.000000 0.565000 0.496800
70.000000 0.570000 0.496800
70.000000 0.575000 0.496800
70.000000 0.580000 0.496800
70.000000 0.585000 0.496800
70.000000 0.590000 0.496800
70.000000 0.595000 0.496800
70.000000 0.600000 0.496800
70.000000 0.605000 0.496800
70.000000 0.610000 0.496800
70.000000 0.615000 0.496800
70.000000 0.620000 0.496800
70.000000 0.625000 0.496800
70.000000 0.630000 0.496800
70.000000 0.635000 0.496800
70.000000 0.640000 0.496800
70.000000 0.645000 0.496800
70.000000 0.650000 0.496800
70.000000 0.655000 0.496800
70.000000 0.660000 0.496800
70.000000 0.665000 0.496800
70.000000 0.670000 0.496800
70.000000 0.675000 0.496800
70.000000 0.680000 0.496800
70.000000 0.685000 0.496800
70.000000 0.690000 0.496800
70.000000 0.695000 0.496800
70.000000 0.700000 0.496800
70.000000 0.705000 0.496800
70.000000 0.710000 0.496800
70.000000 0.715000 0.496800
70.000000 0.720000 0.496800
70.000000 0.725000 0.496800
70.000000 0.730000 0.496800
70.000000 0.735000 0.496800
70.000000 0.740000 0.496800
70.000000 0.745000 0.496800
70.000000 0.750000 0.496800
70.000000 0.755000 0.496800
70.000000 0.760000 0.496800
70.000000 0.765000 0.496800
70.000000 0.770000 0.496800
70.000000 0.775000 0.496800
70.000000 0.780000 0.496800
70.000000 0.785000 0.496800
70.000000 0.790000 0.496800
70.000000 0.795000 0.496800
70.000000 0.800000 0.496800
70.000000 0.805000 0.496800
70.000000 0.810000 0.496800
70.000000 0.815000 0.496800
70.000000 0.820000 0.496800
70.000000 0.825000 0.496800
70.000000 0.830000 0.496800
70.000000 0.835000 0.496800
70.000000 0.840000 0.496800
70.000000 0.845000 0.496800
70.000000 0.850000 0.496800
70.000000 0.855000 0.496800
70.000000 0.860000 0.496800
70.000000 0.865000 0.496800
70.000000 0.870000 0.496800
70.000000 0.875000 0.496800
70.000000 0.880000 0.496800
70.000000 0.885000 0.496800
70.000000 0.890000 0.496800
70.000000 0.895000 0.496800
70.000000 0.900000 0.496800
70.000000 0.905000 0.496800
70.000000 0.910000 0.496800
70.000000 0.915000 0.496800
70.000000 0.920000 0.496800
70.000000 0.925000 0.496800
70.000000 0.930000 0.496800
70.000000 0.935000 0.496800
70.000000 0.940000 0.496800
70.000000 0.945000 0.496800
70.000000 0.950000 0.496800
70.000000 0.955000 0.496800
70.000000 0.960000 0.496800
70.000000 0.965000 0.496800
70.000000 0.970000 0.496800
70.000000 0.975000 0.496800
70.000000 0.980000 0.496800
70.000000 0.985000 0.496800
70.000000 0.990000 0.496800
70.000000 0.995000 0.496800
70.000000 0.000000 0.503460
70.000000 0.005000 0.503460
70.000000 0.010000 0.503460
70.000000 0.015000 0.503460
70.000000 0.020000 0.503460
70.000000 0.025000 0.503460
70.000000 0.030000 0.503460
70.000000 0.035000 0.503460
70.000000 0.040000 0.503460
70.000000 0.045000 0.503460
70.000000 0.050000 0.503460
70.000000 0.055000 0.503460
70.000000 0.060000 0.503460
70.000000 0.065000 0.503460
70.000000 0.070000 0.503460
70.000000 0.075000 0.503460
70.000000 0.080000 0.503460
70.000000 0.085000 0.503460
70.000000 0.090000 0.503460
70.000000 0.095000 0.503460
70.000000 0.100000 0.503460
70.000000 0.105000 0.503460
70.000000 0.110000 0.503460
70.000000 0.115000 0.503460
70.000000 0.120000 0.503460
70.000000 0.125000 0.503460
70.000000 0.130000 0.503460
70.000000 0.135000 0.503460
70.000000 0.140000 0.503460
70.000000 0.145000 0.503460
70.000000 0.150000 0.503460
70.000000 0.155000 0.503460
70.000000 0.160000 0.503460
70.000000 0.165000 0.503460
70.000000 0.170000 0.503460
70.000000 0.175000 0.503460
70.000000 0.180000 0.503460
70.000000 0.185000 0.503460
70.000000 0.190000 0.503460
70.000000 0.195000 0.503460
70.000000 0.200000 0.503460
70.000000 0.205000 0.503460
70.000000 0.210000 0.503460
70.000000 0.215000 0.503460
70.000000 0.220000 0.503460
70.000000 0.225000 0.503460
70.000000 0.230000 0.503460
70.000000 0.235000 0.503460
70.000000 0.240000 0.503460
70.000000 0.245000 0.503460
70.000000 0.250000 0.503460
70.000000 0.255000 0.503460
70.000000 0.260000 0.503460
70.000000 0.265000 0.503460
70.000000 0.270000 0.503460
70.000000 0.275000 0.503460
70.000000 0.280000 0.503460
70.000000 0.285000 0.503460
70.000000 0.290000 0.503460
70.000000 0.295000 0.503460
70.000000 0.300000 0.503460
70.000000 0.305000 0.503460
70.000000 0.310000 0.503460
70.000000 0.315000 0.503460
70.000000 0.320000 0.503460
70.000000 0.325000 0.503460
70.000000 0.330000 0.503460
70.000000 0.335000 0.503460
70.000000 0.340000 0.503460
70.000000 0.345000 0.503460
70.000000 0.350000 0.503460
70.000000 0.355000 0.503460
70.000000 0.360000 0.503460
70.000000 0.365000 0.503460
70.000000 0.370000 0.503460
70.000000 0.375000 0.503460
70.000000 0.380000 0.503460
70.000000 0.385000 0.503460
70.000000 0.390000 0.503460
70.000000 0.395000 0.503460
70.000000 0.400000 0.503460
70.000000 0.405000 0.503460
70.000000 0.410000 0.503460
70.000000 0.415000 0.503460
70.000000 0.420000 0.503460
70.000000 0.425000 0.503460
70.000000 0.430000 0.503460
70.000000 0.435000 0.503460
70.000000 0.440000 0.503460
70.000000 0.445000 0.503460
70.000000 0.450000 0.503460
70.000000 0.455000 0.503460
70.000000 0.460000 0.503460
70.000000 0.465000 0.503460
70.000000 0.470000 0.503460
70.000000 0.475000 0.503460
70.000000 0.480000 0.503460
70.000000 0.485000 0.503460
70.000000 0.490000 0.503460
70.000000 0.495000 0.503460
70.000000 0.500000 0.503460
70.000000 0.505000 0.503460
70.000000 0.510000 0.503460
70.000000 0.515000 0.503460
70.000000 0.520000 0.503460
70.000000 0.525000 0.503460
70.000000 0.530000 0.503460
70.000000 0.535000 0.503460
70.000000 0.540000 0.503460
70.000000 0.545000 0.503460
70.000000 0.550000 0.503460
70.000000 0.555000 0.503460
70.000000 0.560000 0.503460
70.000000 0.565000 0.503460
70.000000 0.570000 0.503460
70.000000 0.575000 0.503460
70.000000 0.580000 0.503460
70.000000 0.585000 0.503460
70.000000 0.590000 0.503460
70.000000 0.595000 0.503460
70.000000 0.600000 0.503460
70.000000 0.605000 0.503460
70.000000 0.610000 0.503460
70.000000 0.615000 0.503460
70.000000 0.620000 0.503460
70.000000 0.625000 0.503460
70.000000 0.630000 0.503460
70.000000 0.635000 0.503460
70.000000 0.640000 0.503460
70.000000 0.645000 0.503460
70.000000 0.650000 0.503460
70.000000 0.655000 0.503460
70.000000 0.660000 0.503460
70.000000 0.665000 0.503460
70.000000 0.670000 0.503460
70.000000 0.675000 0.503460
70.000000 0.680000 0.503460
70.000000 0.685000 0.503460
70.000000 0.690000 0.503460
70.000000 0.695000 0.503460
70.000000 0.700000 0.503460
70.000000 0.705000 0.503460
70.000000 0.710000 0.503460
70.000000 0.715000 0.503460
70.000000 0.720000 0.503460
70.000000 0.725000 0.503460
70.000000 0.730000 0.503460
70.000000 0.735000 0.503460
70.000000 0.740000 0.503460
70.000000 0.745000 0.503460
70.000000 0.750000 0.503460
70.000000 0.755000 0.503460
70.000000 0.760000 0.503460
70.000000 0.765000 0.503460
70.000000 0.770000 0.503460
70.000000 0.775000 0.503460
70.000000 0.780000 0.503460
70.000000 0.785000 0.503460
70.000000 0.790000 0.503460
70.000000 0.795000 0.503460
70.000000 0.800000 0.503460
70.000000 0.805000 0.503460
70.000000 0.810000 0.503460
70.000000 0.815000 0.503460
70.000000 0.820000 0.503460
70.000000 0.825000 0.503460
70.000000 0.830000 0.503460
70.000000 0.835000 0.503460
70.000000 0.840000 0.503460
70.000000 0.845000 0.503460
70.000000 0.850000 0.503460
70.000000 0.855000 0.503460
70.000000 0.860000 0.503460
70.000000 0.865000 0.503460
70.000000 0.870000 0.503460
70.000000 0.875000 0.503460
70.000000 0.880000 0.503460
70.000000 0.885000 0.503460
70.000000 0.890000 0.503460
70.000000 0.895000 0.503460
70.000000 0.900000 0.503460
70.000000 0.905000 0.503460
70.000000 0.910000 0.503460
70.000000 0.915000 0.503460
70.000000 0.920000 0.503460
70.000000 0.925000 0.503460
70.000000 0.930000 0.503460
70.000000 0.935000 0.503460
70.000000 0.940000 0.503460
70.000000 0.945000 0.503460
70.000000 0.950000 0.503460
70.000000 0.955000 0.503460
70.000000 0.960000 0.503460
70.000000 0.965000 0.503460
70.000000 0.970000 0.503460
70.000000 0.975000 0.503460
70.000000 0.980000 0.503460
70.000000 0.985000 0.503460
70.000000 0.990000 0.503460
70.000000 0.995000 0.503460
88.000000 0.000000 0.496900
88.000000 0.005000 0.496900
88.000000 0.010000 0.496900
88.000000 0.015000 0.496900
88.000000 0.020000 0.496900
88.000000 0.025000 0.496900
88.000000 0.030000 0.496900
88.000000 0.035000 0.496900
88.000000 0.040000 0.496900
88.000000 0.045000 0.496900
88.000000 0.050000 0.496900
88.000000 0.055000 0.496900
88.000000 0.060000 0.496900
88.000000 0.065000 0.496900
88.000000 0.070000 0.496900
88.000000 0.075000 0.496900
88.000000 0.080000 0.496900
88.000000 0.085000 0.496900
88.000000 0.090000 0.496900
88.000000 0.095000 0.496900
88.000000 0.100000 0.496900
88.000000 0.105000 0.496900
88.000000 0.110000 0.496900
88.000000 0.115000 0.496900
88.000000 0.120000 0.496900
88.000000 0.125000 0.496900
88.000000 0.130000 0.496900
88.000000 0.135000 0.496900
88.000000 0.140000 0.496900
88.000000 0.145000 0.496900
88.000000 0.150000 0.496900
88.000000 0.155000 0.496900
88.000000 0.160000 0.496900
88.000000 0.165000 0.496900
88.000000 0.170000 0.496900
88.000000 0.175000 0.496900
88.000000 0.180000 0.496900
88.000000 0.185000 0.496900
88.000000 0.190000 0.496900
88.000000 0.195000 0.496900
88.000000 0.200000 0.496900
88.000000 0.205000 0.496900
88.000000 0.210000 0.496900
88.000000 0.215000 0.496900
88.000000 0.220000 0.496900
88.000000 0.225000 0.496900
88.000000 0.230000 0.496900
88.000000 0.235000 0.496900
88.000000 0.240000 0.496900
88.000000 0.245000 0.496900
88.000000 0.250000 0.496900
88.000000 0.255000 0.496900
88.000000 0.260000 0.496900
88.000000 0.265000 0.496900
88.000000 0.270000 0.496900
88.000000 0.275000 0.496900
88.000000 0.280000 0.496900
88.000000 0.285000 0.496900
88.000000 0.290000 0.496900
88.000000 0.295000 0.496900
88.000000 0.300000 0.496900
88.000000 0.305000 0.496900
88.000000 0.310000 0.496900
88.000000 0.315000 0.496900
88.000000 0.320000 0.496900
88.000000 0.325000 0.496900
88.000000 0.330000 0.496900
88.000000 0.335000 0.496900
88.000000 0.340000 0.496900
88.000000 0.345000 0.496900
88.000000 0.350000 0.496900
88.000000 0.355000 0.496900
88.000000 0.360000 0.496900
88.000000 0.365000 0.496900
88.000000 0.370000 0.496900
88.000000 0.375000 0.496900
88.000000 0.380000 0.496900
88.000000 0.385000 0.496900
88.000000 0.390000 0.496900
88.000000 0.395000 0.496900
88.000000 0.400000 0.496900
88.000000 0.405000 0.496900
88.000000 0.410000 0.496900
88.000000 0.415000 0.496900
88.000000 0.420000 0.496900
88.000000 0.425000 0.496900
88.000000 0.430000 0.496900
88.000000 0.435000 0.496900
88.000000 0.440000 0.496900
88.000000 0.445000 0.496900
88.000000 0.450000 0.496900
88.000000 0.455000 0.496900
88.000000 0.460000 0.496900
88.000000 0.465000 0.496900
88.000000 0.470000 0.496900
88.000000 0.475000 0.496900
88.000000 0.480000 0.496900
88.000000 0.485000 0.496900
88.000000 0.490000 0.496900
88.000000 0.495000 0.496900
88.000000 0.500000 0.496900
88.000000 0.505000 0.496900
88.000000 0.510000 0.496900
88.000000 0.515000 0.496900
88.000000 0.520000 0.496900
88.000000 0.525000 0.496900
88.000000 0.530000 0.496900
88.000000 0.535000 0.496900
88.000000 0.540000 0.496900
88.000000 0.545000 0.496900
88.000000 0.550000 0.496900
88.000000 0.555000 0.496900
88.000000 0.560000 0.496900
88.000000 0.565000 0.496900
88.000000 0.570000 0.496900
88.000000 0.575000 0.496900
88.000000 0.580000 0.496900
88.000000 0.585000 0.496900
88.000000 0.590000 0.496900
88.000000 0.595000 0.496900
88.000000 0.600000 0.496900
88.000000 0.605000 0.496900
88.000000 0.610000 0.496900
88.000000 0.615000 0.496900
88.000000 0.620000 0.496900
88.000000 0.625000 0.496900
88.000000 0.630000 0.496900
88.000000 0.635000 0.496900
88.000000 0.640000 0.496900
88.000000 0.645000 0.496900
88.000000 0.650000 0.496900
88.000000 0.655000 0.496900
88.000000 0.660000 0.496900
88.000000 0.665000 0.496900
88.000000 0.670000 0.496900
88.000000 0.675000 0.496900
88.000000 0.680000 0.496900
88.000000 0.685000 0.496900
88.000000 0.690000 0.496900
88.000000 0.695000 0.496900
88.000000 0.700000 0.496900
88.000000 0.705000 0.496900
88.000000 0.710000 0.496900
88.000000 0.715000 0.496900
88.000000 0.720000 0.496900
88.000000 0.725000 0.496900
88.000000 0.730000 0.496900
88.000000 0.735000 0.496900
88.000000 0.740000 0.496900
88.000000 0.745000 0.496900
88.000000 0.750000 0.496900
88.000000 0.755000 0.496900
88.000000 0.760000 0.496900
88.000000 0.765000 0.496900
88.000000 0.770000 0.496900
88.000000 0.775000 0.496900
88.000000 0.780000 0.496900
88.000000 0.785000 0.496900
88.000000 0.790000 0.496900
88.000000 0.795000 0.496900
88.000000 0.800000 0.496900
88.000000 0.805000 0.496900
88.000000 0.810000 0.496900
88.000000 0.815000 0.496900
88.000000 0.820000 0.496900
88.000000 0.825000 0.496900
88.000000 0.830000 0.496900
88.000000 0.835000 0.496900
88.000000 0.840000 0.496900
88.000000 0.845000 0.496900
88.000000 0.850000 0.496900
88.000000 0.855000 0.496900
88.000000 0.860000 0.496900
88.000000 0.865000 0.496900
88.000000 0.870000 0.496900
88.000000 0.875000 0.496900
88.000000 0.880000 0.496900
88.000000 0.885000 0.496900
88.000000 0.890000 0.496900
88.000000 0.895000 0.496900
88.000000 0.900000 0.496900
88.000000 0.905000 0.496900
88.000000 0.910000 0.496900
88.000000 0.915000 0.496900
88.000000 0.920000 0.496900
88.000000 0.925000 0.496900
88.000000 0.930000 0.496900
88.000000 0.935000 0.496900
88.000000 0.940000 0.496900
88.000000 0.945000 0.496900
88.000000 0.950000 0.496900
88.000000 0.955000 0.496900
88.000000 0.960000 0.496900
88.000000 0.965000 0.496900
88.000000 0.970000 0.496900
88.000000 0.975000 0.496900
88.000000 0.980000 0.496900
88.000000 0.985000 0.496900
88.000000 0.990000 0.496900
88.000000 0.995000 0.496900
88.000000 0.000000 0.503360
88.000000 0.005000 0.503360
88.000000 0.010000 0.503360
88.000000 0.015000 0.503360
88.000000 0.020000 0.503360
88.000000 0.025000 0.503360
88.000000 0.030000 0.503360
88.000000 0.035000 0.503360
88.000000 0.040000 0.503360
88.000000 0.045000 0.503360
88.000000 0.050000 0.503360
88.000000 0.055000 0.503360
88.000000 0.060000 0.503360
88.000000 0.065000 0.503360
88.000000 0.070000 0.503360
88.000000 0.075000 0.503360
88.000000 0.080000 0.503360
88.000000 0.085000 0.503360
88.000000 0.090000 0.503360
88.000000 0.095000 0.503360
88.000000 0.100000 0.503360
88.000000 0.105000 0.503360
88.000000 0.110000 0.503360
88.000000 0.115000 0.503360
88.000000 0.120000 0.503360
88.000000 0.125000 0.503360
88.000000 0.130000 0.503360
88.000000 0.135000 0.503360
88.000000 0.140000 0.503360
88.000000 0.145000 0.503360
88.000000 0.150000 0.503360
88.000000 0.155000 0.503360
88.000000 0.160000 0.503360
88.000000 0.165000 0.503360
88.000000 0.170000 0.503360
88.000000 0.175000 0.503360
88.000000 0.180000 0.503360
88.000000 0.185000 0.503360
88.000000 0.190000 0.503360
88.000000 0.195000 0.503360
88.000000 0.200000 0.503360
88.000000 0.205000 0.503360
88.000000 0.210000 0.503360
88.000000 0.215000 0.503360
88.000000 0.220000 0.503360
88.000000 0.225000 0.503360
88.000000 0.230000 0.503360
88.000000 0.235000 0.503360
88.000000 0.240000 0.503360
88.000000 0.245000 0.503360
88.000000 0.250000 0.503360
88.000000 0.255000 0.503360
88.000000 0.260000 0.503360
88.000000 0.265000 0.503360
88.000000 0.270000 0.503360
88.000000 0.275000 0.503360
88.000000 0.280000 0.503360
88.000000 0.285000 0.503360
88.000000 0.290000 0.503360
88.000000 0.295000 0.503360
88.000000 0.300000 0.503360
88.000000 0.305000 0.503360
88.000000 0.310000 0.503360
88.000000 0.315000 0.503360
88.000000 0.320000 0.503360
88.000000 0.325000 0.503360
88.000000 0.330000 0.503360
88.000000 0.335000 0.503360
88.000000 0.340000 0.503360
88.000000 0.345000 0.503360
88.000000 0.350000 0.503360
88.000000 0.355000 0.503360
88.000000 0.360000 0.503360
88.000000 0.365000 0.503360
88.000000 0.370000 0.503360
88.000000 0.375000 0.503360
88.000000 0.380000 0.503360
88.000000 0.385000 0.503360
88.000000 0.390000 0.503360
88.000000 0.395000 0.503360
88.000000 0.400000 0.503360
88.000000 0.405000 0.503360
88.000000 0.410000 0.503360
88.000000 0.415000 0.503360
88.000000 0.420000 0.503360
88.000000 0.425000 0.503360
88.000000 0.430000 0.503360
88.000000 0.435000 0.503360
88.000000 0.440000 0.503360
88.000000 0.445000 0.503360
88.000000 0.450000 0.503360
88.000000 0.455000 0.503360
88.000000 0.460000 0.503360
88.000000 0.465000 0.503360
88.000000 0.470000 0.503360
88.000000 0.475000 0.503360
88.000000 0.480000 0.503360
88.000000 0.485000 0.503360
88.000000 0.490000 0.503360
88.000000 0.495000 0.503360
88.000000 0.500000 0.503360
88.000000 0.505000 0.503360
88.000000 0.510000 0.503360
88.000000 0.515000 0.503360
88.000000 0.520000 0.503360
88.000000 0.525000 0.503360
88.000000 0.530000 0.503360
88.000000 0.535000 0.503360
88.000000 0.540000 0.503360
88.000000 0.545000 0.503360
88.000000 0.550000 0.503360
88.000000 0.555000 0.503360
88.000000 0.560000 0.503360
88.000000 0.565000 0.503360
88.000000 0.570000 0.503360
88.000000 0.575000 0.503360
88.000000 0.580000 0.503360
88.000000 0.585000 0.503360
88.000000 0.590000 0.503360
88.000000 0.595000 0.503360
88.000000 0.600000 0.503360
88.000000 0.605000 0.503360
88.000000 0.610000 0.503360
88.000000 0.615000 0.503360
88.000000 0.620000 0.503360
88.000000 0.625000 0.503360
88.000000 0.630000 0.503360
88.000000 0.635000 0.503360
88.000000 0.640000 0.503360
88.000000 0.645000 0.503360
88.000000 0.650000 0.503360
88.000000 0.655000 0.503360
88.000000 0.660000 0.503360
88.000000 0.665000 0.503360
88.000000 0.670000 0.503360
88.000000 0.675000 0.503360
88.000000 0.680000 0.503360
88.000000 0.685000 0.503360
88.000000 0.690000 0.503360
88.000000 0.695000 0.503360
88.000000 0.700000 0.503360
88.000000 0.705000 0.503360
88.000000 0.710000 0.503360
88.000000 0.715000 0.503360
88.000000 0.720000 0.503360
88.000000 0.725000 0.503360
88.000000 0.730000 0.503360
88.000000 0.735000 0.503360
88.000000 0.740000 0.503360
88.000000 0.745000 0.503360
88.000000 0.750000 0.503360
88.000000 0.755000 0.503360
88.000000 0.760000 0.503360
88.000000 0.765000 0.503360
88.000000 0.770000 0.503360
88.000000 0.775000 0.503360
88.000000 0.780000 0.503360
88.000000 0.785000 0.503360
88.000000 0.790000 0.503360
88.000000 0.795000 0.503360
88.000000 0.800000 0.503360
88.000000 0.805000 0.503360
88.000000 0.810000 0.503360
88.000000 0.815000 0.503360
88.000000 0.820000 0.503360
88.000000 0.825000 0.503360
88.000000 0.830000 0.503360
88.000000 0.835000 0.503360
88.000000 0.840000 0.503360
88.000000 0.845000 0.503360
88.000000 0.850000 0.503360
88.000000 0.855000 0.503360
88.000000 0.860000 0.503360
88.000000 0.865000 0.503360
88.000000 0.870000 0.503360
88.000000 0.875000 0.503360
88.000000 0.880000 0.503360
88.000000 0.885000 0.503360
88.000000 0.890000 0.503360
88.000000 0.895000 0.503360
88.000000 0.900000 0.503360
88.000000 0.905000 0.503360
88.000000 0.910000 0.503360
88.000000 0.915000 0.503360
88.000000 0.920000 0.503360
88.000000 0.925000 0.503360
88.000000 0.930000 0.503360
88.000000 0.935000 0.503360
88.000000 0.940000 0.503360
88.000000 0.945000 0.503360
88.000000 0.950000 0.503360
88.000000 0.955000 0.503360
88.000000 0.960000 0.503360
88.000000 0.965000 0.503360
88.000000 0.970000 0.503360
88.000000 0.975000 0.503360
88.000000 0.980000 0.503360
88.000000 0.985000 0.503360
88.000000 0.990000 0.503360
88.000000 0.995000 0.503360
108.000000 0.000000 0.497000
108.000000 0.005000 0.497000
108.000000 0.010000 0.497000
108.000000 0.015000 0.497000
108.000000 0.020000 0.497000
108.000000 0.025000 0.497000
108.000000 0.030000 0.497000
108.000000 0.035000 0.497000
108.000000 0.040000 0.497000
108.000000 0.045000 0.497000
108.000000 0.050000 0.497000
108.000000 0.055000 0.497000
108.000000 0.060000 0.497000
108.000000 0.065000 0.497000
108.000000 0.070000 0.497000
108.000000 0.075000 0.497000
108.000000 0.080000 0.497000
108.000000 0.085000 0.497000
108.000000 0.090000 0.497000
108.000000 0.095000 0.497000
108.000000 0.100000 0.497000
108.000000 0.105000 0.497000
108.000000 0.110000 0.497000
108.000000 0.115000 0.497000
108.000000 0.120000 0.497000
108.000000 0.125000 0.497000
108.000000 0.130000 0.497000
108.000000 0.135000 0.497000
108.000000 0.140000 0.497000
108.000000 0.145000 0.497000
108.000000 0.150000 0.497000
108.000000 0.155000 0.497000
108.000000 0.160000 0.497000
108.000000 0.165000 0.497000
108.000000 0.170000 0.497000
108.000000 0.175000 0.497000
108.000000 0.180000 0.497000
108.000000 0.185000 0.497000
108.000000 0.190000 0.497000
108.000000 0.195000 0.497000
108.000000 0.200000 0.497000
108.000000 0.205000 0.497000
108.000000 0.210000 0.497000
108.000000 0.215000 0.497000
108.000000 0.220000 0.497000
108.000000 0.225000 0.497000
108.000000 0.230000 0.497000
108.000000 0.235000 0.497000
108.000000 0.240000 0.497000
108.000000 0.245000 0.497000
108.000000 0.250000 0.497000
108.000000 0.255000 0.497000
108.000000 0.260000 0.497000
108.000000 0.265000 0.497000
108.000000 0.270000 0.497000
108.000000 0.275000 0.497000
108.000000 0.280000 0.497000
108.000000 0.285000 0.497000
108.000000 0.290000 0.497000
108.000000 0.295000 0.497000
108.000000 0.300000 0.497000
108.000000 0.305000 0.497000
108.000000 0.310000 0.497000
108.000000 0.315000 0.497000
108.000000 0.320000 0.497000
108.000000 0.325000 0.497000
108.000000 0.330000 0.497000
108.000000 0.335000 0.497000
108.000000 0.340000 0.497000
108.000000 0.345000 0.497000
108.000000 0.350000 0.497000
108.000000 0.355000 0.497000
108.000000 0.360000 0.497000
108.000000 0.365000 0.497000
108.000000 0.370000 0.497000
108.000000 0.375000 0.497000
108.000000 0.380000 0.497000
108.000000 0.385000 0.497000
108.000000 0.390000 0.497000
108.000000 0.395000 0.497000
108.000000 0.400000 0.497000
108.000000 0.405000 0.497000
108.000000 0.410000 0.497000
108.000000 0.415000 0.497000
108.000000 0.420000 0.497000
108.000000 0.425000 0.497000
108.000000 0.430000 0.497000
108.000000 0.435000 0.497000
108.000000 0.440000 0.497000
108.000000 0.445000 0.497000
108.000000 0.450000 0.497000
108.000000 0.455000 0.497000
108.000000 0.460000 0.497000
108.000000 0.465000 0.497000
108.000000 0.470000 0.497000
108.000000 0.475000 0.497000
108.000000 0.480000 0.497000
108.000000 0.485000 0.497000
108.000000 0.490000 0.497000
108.000000 0.495000 0.497000
108.000000 0.500000 0.497000
108.000000 0.505000 0.497000
108.000000 0.510000 0.497000
108.000000 0.515000 0.497000
108.000000 0.520000 0.497000
108.000000 0.525000 0.497000
108.000000 0.530000 0.497000
108.000000 0.535000 0.497000
108.000000 0.540000 0.497000
108.000000 0.545000 0.497000
108.000000 0.550000 0.497000
108.000000 0.555000 0.497000
108.000000 0.560000 0.497000
108.000000 0.565000 0.497000
108.000000 0.570000 0.497000
108.000000 0.575000 0.497000
108.000000 0.580000 0.497000
108.000000 0.585000 0.497000
108.000000 0.590000 0.497000
108.000000 0.595000 0.497000
108.000000 0.600000 0.497000
108.000000 0.605000 0.497000
108.000000 0.610000 0.497000
108.000000 0.615000 0.497000
108.000000 0.620000 0.497000
108.000000 0.625000 0.497000
108.000000 0.630000 0.497000
108.000000 0.635000 0.497000
108.000000 0.640000 0.497000
108.000000 0.645000 0.497000
108.000000 0.650000 0.497000
108.000000 0.655000 0.497000
108.000000 0.660000 0.497000
108.000000 0.665000 0.497000
108.000000 0.670000 0.497000
108.000000 0.675000 0.497000
108.000000 0.680000 0.497000
108.000000 0.685000 0.497000
108.000000 0.690000 0.497000
108.000000 0.695000 0.497000
108.000000 0.700000 0.497000
108.000000 0.705000 0.497000
108.000000 0.710000 0.497000
108.000000 0.715000 0.497000
108.000000 0.720000 0.497000
108.000000 0.725000 0.497000
108.000000 0.730000 0.497000
108.000000 0.735000 0.497000
108.000000 0.740000 0.497000
108.000000 0.745000 0.497000
108.000000 0.750000 0.497000
108.000000 0.755000 0.497000
108.000000 0.760000 0.497000
108.000000 0.765000 0.497000
108.000000 0.770000 0.497000
108.000000 0.775000 0.497000
108.000000 0.780000 0.497000
108.000000 0.785000 0.497000
108.000000 0.790000 0.497000
108.000000 0.795000 0.497000
108.000000 0.800000 0.497000
108.000000 0.805000 0.497000
108.000000 0.810000 0.497000
108.000000 0.815000 0.497000
108.000000 0.820000 0.497000
108.000000 0.825000 0.497000
108.000000 0.830000 0.497000
108.000000 0.835000 0.497000
108.000000 0.840000 0.497000
108.000000 0.845000 0.497000
108.000000 0.850000 0.497000
108.000000 0.855000 0.497000
108.000000 0.860000 0.497000
108.000000 0.865000 0.497000
108.000000 0.870000 0.497000
108.000000 0.875000 0.497000
108.000000 0.880000 0.497000
108.000000 0.885000 0.497000
108.000000 0.890000 0.497000
108.000000 0.895000 0.497000
108.000000 0.900000 0.497000
108.000000 0.905000 0.497000
108.000000 0.910000 0.497000
108.000000 0.915000 0.497000
108.000000 0.920000 0.497000
108.000000 0.925000 0.497000
108.000000 0.930000 0.497000
108.000000 0.935000 0.497000
108.000000 0.940000 0.497000
108.000000 0.945000 0.497000
108.000000 0.950000 0.497000
108.000000 0.955000 0.497000
108.000000 0.960000 0.497000
108.000000 0.965000 0.497000
108.000000 0.970000 0.497000
108.000000 0.975000 0.497000
108.000000 0.980000 0.497000
108.000000 0.985000 0.497000
108.000000 0.990000 0.497000
108.000000 0.995000 0.497000
108.000000 0.000000 0.503260
108.000000 0.005000 0.503260
108.000000 0.010000 0.503260
108.000000 0.015000 0.503260
108.000000 0.020000 0.503260
108.000000 0.025000 0.503260
108.000000 0.030000 0.503260
108.000000 0.035000 0.503260
108.000000 0.040000 0.503260
108.000000 0.045000 0.503260
108.000000 0.050000 0.503260
108.000000 0.055000 0.503260
108.000000 0.060000 0.503260
108.000000 0.065000 0.503260
108.000000 0.070000 0.503260
108.000000 0.075000 0.503260
108.000000 0.080000 0.503260
108.000000 0.085000 0.503260
108.000000 0.090000 0.503260
108.000000 0.095000 0.503260
108.000000 0.100000 0.503260
108.000000 0.105000 0.503260
108.000000 0.110000 0.503260
108.000000 0.115000 0.503260
108.000000 0.120000 0.503260
108.000000 0.125000 0.503260
108.000000 0.130000 0.503260
108.000000 0.135000 0.503260
108.000000 0.140000 0.503260
108.000000 0.145000 0.503260
108.000000 0.150000 0.503260
108.000000 0.155000 0.503260
108.000000 0.160000 0.503260
108.000000 0.165000 0.503260
108.000000 0.170000 0.503260
108.000000 0.175000 0.503260
108.000000 0.180000 0.503260
108.000000 0.185000 0.503260
108.000000 0.190000 0.503260
108.000000 0.195000 0.503260
108.000000 0.200000 0.503260
108.000000 0.205000 0.503260
108.000000 0.210000 0.503260
108.000000 0.215000 0.503260
108.000000 0.220000 0.503260
108.000000 0.225000 0.503260
108.000000 0.230000 0.503260
108.000000 0.235000 0.503260
108.000000 0.240000 0.503260
108.000000 0.245000 0.503260
108.000000 0.250000 0.503260
108.000000 0.255000 0.503260
108.000000 0.260000 0.503260
108.000000 0.265000 0.503260
108.000000 0.270000 0.503260
108.000000 0.275000 0.503260
108.000000 0.280000 0.503260
108.000000 0.285000 0.503260
108.000000 0.290000 0.503260
108.000000 0.295000 0.503260
108.000000 0.300000 0.503260
108.000000 0.305000 0.503260
108.000000 0.310000 0.503260
108.000000 0.315000 0.503260
108.000000 0.320000 0.503260
108.000000 0.325000 0.503260
108.000000 0.330000 0.503260
108.000000 0.335000 0.503260
108.000000 0.340000 0.503260
108.000000 0.345000 0.503260
108.000000 0.350000 0.503260
108.000000 0.355000 0.503260
108.000000 0.360000 0.503260
108.000000 0.365000 0.503260
108.000000 0.370000 0.503260
108.000000 0.375000 0.503260
108.000000 0.380000 0.503260
108.000000 0.385000 0.503260
108.000000 0.390000 0.503260
108.000000 0.395000 0.503260
108.000000 0.400000 0.503260
108.000000 0.405000 0.503260
108.000000 0.410000 0.503260
108.000000 0.415000 0.503260
108.000000 0.420000 0.503260
108.000000 0.425000 0.503260
108.000000 0.430000 0.503260
108.000000 0.435000 0.503260
108.000000 0.440000 0.503260
108.000000 0.445000 0.503260
108.000000 0.450000 0.503260
108.000000 0.455000 0.503260
108.000000 0.460000 0.503260
108.000000 0.465000 0.503260
108.000000 0.470000 0.503260
108.000000 0.475000 0.503260
108.000000 0.480000 0.503260
108.000000 0.485000 0.503260
108.000000 0.490000 0.503260
108.000000 0.495000 0.503260
108.000000 0.500000 0.503260
108.000000 0.505000 0.503260
108.000000 0.510000 0.503260
108.000000 0.515000 0.503260
108.000000 0.520000 0.503260
108.000000 0.525000 0.503260
108.000000 0.530000 0.503260
108.000000 0.535000 0.503260
108.000000 0.540000 0.503260
108.000000 0.545000 0.503260
108.000000 0.550000 0.503260
108.000000 0.555000 0.503260
108.000000 0.560000 0.503260
108.000000 0.565000 0.503260
108.000000 0.570000 0.503260
108.000000 0.575000 0.503260
108.000000 0.580000 0.503260
108.000000 0.585000 0.503260
108.000000 0.590000 0.503260
108.000000 0.595000 0.503260
108.000000 0.600000 0.503260
108.000000 0.605000 0.503260
108.000000 0.610000 0.503260
108.000000 0.615000 0.503260
108.000000 0.620000 0.503260
108.000000 0.625000 0.503260
108.000000 0.630000 0.503260
108.000000 0.635000 0.503260
108.000000 0.640000 0.503260
108.000000 0.645000 0.503260
108.000000 0.650000 0.503260
108.000000 0.655000 0.503260
108.000000 0.660000 0.503260
108.000000 0.665000 0.503260
108.000000 0.670000 0.503260
108.000000 0.675000 0.503260
108.000000 0.680000 0.503260
108.000000 0.685000 0.503260
108.000000 0.690000 0.503260
108.000000 0.695000 0.503260
108.000000 0.700000 0.503260
108.000000 0.705000 0.503260
108.000000 0.710000 0.503260
108.000000 0.715000 0.503260
108.000000 0.720000 0.503260
108.000000 0.725000 0.503260
108.000000 0.730000 0.503260
108.000000 0.735000 0.503260
108.000000 0.740000 0.503260
108.000000 0.745000 0.503260
108.000000 0.750000 0.503260
108.000000 0.755000 0.503260
108.000000 0.760000 0.503260
108.000000 0.765000 0.503260
108.000000 0.770000 0.503260
108.000000 0.775000 0.503260
108.000000 0.780000 0.503260
108.000000 0.785000 0.503260
108.000000 0.790000 0.503260
108.000000 0.795000 0.503260
108.000000 0.800000 0.503260
108.000000 0.805000 0.503260
108.000000 0.810000 0.503260
108.000000 0.815000 0.503260
108.000000 0.820000 0.503260
108.000000 0.825000 0.503260
108.000000 0.830000 0.503260
108.000000 0.835000 0.503260
108.000000 0.840000 0.503260
108.000000 0.845000 0.503260
108.000000 0.850000 0.503260
108.000000 0.855000 0.503260
108.000000 0.860000 0.503260
108.000000 0.865000 0.503260
108.000000 0.870000 0.503260
108.000000 0.875000 0.503260
108.000000 0.880000 0.503260
108.000000 0.885000 0.503260
108.000000 0.890000 0.503260
108.000000 0.895000 0.503260
108.000000 0.900000 0.503260
108.000000 0.905000 0.503260
108.000000 0.910000 0.503260
108.000000 0.915000 0.503260
108.000000 0.920000 0.503260
108.000000 0.925000 0.503260
108.000000 0.930000 0.503260
108.000000 0.935000 0.503260
108.000000 0.940000 0.503260
108.000000 0.945000 0.503260
108.000000 0.950000 0.503260
108.000000 0.955000 0.503260
108.000000 0.960000 0.503260
108.000000 0.965000 0.503260
108.000000 0.970000 0.503260
108.000000 0.975000 0.503260
108.000000 0.980000 0.503260
108.000000 0.985000 0.503260
108.000000 0.990000 0.503260
108.000000 0.995000 0.503260
130.000000 0.000000 0.497100
130.000000 0.005000 0.497100
130.000000 0.010000 0.497100
130.000000 0.015000 0.497100
130.000000 0.020000 0.497100
130.000000 0.025000 0.497100
130.000000 0.030000 0.497100
130.000000 0.035000 0.497100
130.000000 0.040000 0.497100
130.000000 0.045000 0.497100
130.000000 0.050000 0.497100
130.000000 0.055000 0.497100
130.000000 0.060000 0.497100
130.000000 0.065000 0.497100
130.000000 0.070000 0.497100
130.000000 0.075000 0.497100
130.000000 0.080000 0.497100
130.000000 0.085000 0.497100
130.000000 0.090000 0.497100
130.000000 0.095000 0.497100
130.000000 0.100000 0.497100
130.000000 0.105000 0.497100
130.000000 0.110000 0.497100
130.000000 0.115000 0.497100
130.000000 0.120000 0.497100
130.000000 0.125000 0.497100
130.000000 0.130000 0.497100
130.000000 0.135000 0.497100
130.000000 0.140000 0.497100
130.000000 0.145000 0.497100
130.000000 0.150000 0.497100
130.000000 0.155000 0.497100
130.000000 0.160000 0.497100
130.000000 0.165000 0.497100
130.000000 0.170000 0.497100
130.000000 0.175000 0.497100
130.000000 0.180000 0.497100
130.000000 0.185000 0.497100
130.000000 0.190000 0.497100
130.000000 0.195000 0.497100
130.000000 0.200000 0.497100
130.000000 0.205000 0.497100
130.000000 0.210000 0.497100
130.000000 0.215000 0.497100
130.000000 0.220000 0.497100
130.000000 0.225000 0.497100
130.000000 0.230000 0.497100
130.000000 0.235000 0.497100
130.000000 0.240000 0.497100
130.000000 0.245000 0.497100
130.000000 0.250000 0.497100
130.000000 0.255000 0.497100
130.000000 0.260000 0.497100
130.000000 0.265000 0.497100
130.000000 0.270000 0.497100
130.000000 0.275000 0.497100
130.000000 0.280000 0.497100
130.000000 0.285000 0.497100
130.000000 0.290000 0.497100
130.000000 0.295000 0.497100
130.000000 0.300000 0.497100
130.000000 0.305000 0.497100
130.000000 0.310000 0.497100
130.000000 0.315000 0.497100
130.000000 0.320000 0.497100
130.000000 0.325000 0.497100
130.000000 0.330000 0.497100
130.000000 0.335000 0.497100
130.000000 0.340000 0.497100
130.000000 0.345000 0.497100
130.000000 0.350000 0.497100
130.000000 0.355000 0.497100
130.000000 0.360000 0.497100
130.000000 0.365000 0.497100
130.000000 0.370000 0.497100
130.000000 0.375000 0.497100
130.000000 0.380000 0.497100
130.000000 0.385000 0.497100
130.000000 0.390000 0.497100
130.000000 0.395000 0.497100
130.000000 0.400000 0.497100
130.000000 0.405000 0.497100
130.000000 0.410000 0.497100
130.000000 0.415000 0.497100
130.000000 0.420000 0.497100
130.000000 0.425000 0.497100
130.000000 0.430000 0.497100
130.000000 0.435000 0.497100
130.000000 0.440000 0.497100
130.000000 0.445000 0.497100
130.000000 0.450000 0.497100
130.000000 0.455000 0.497100
130.000000 0.460000 0.497100
130.000000 0.465000 0.497100
130.000000 0.470000 0.497100
130.000000 0.475000 0.497100
130.000000 0.480000 0.497100
130.000000 0.485000 0.497100
130.000000 0.490000 0.497100
130.000000 0.495000 0.497100
130.000000 0.500000 0.497100
130.000000 0.505000 0.497100
130.000000 0.510000 0.497100
130.000000 0.515000 0.497100
130.000000 0.520000 0.497100
130.000000 0.525000 0.497100
130.000000 0.530000 0.497100
130.000000 0.535000 0.497100
130.000000 0.540000 0.497100
130.000000 0.545000 0.497100
130.000000 0.550000 0.497100
130.000000 0.555000 0.497100
130.000000 0.560000 0.497100
130.000000 0.565000 0.497100
130.000000 0.570000 0.497100
130.000000 0.575000 0.497100
130.000000 0.580000 0.497100
130.000000 0.585000 0.497100
130.000000 0.590000 0.497100
130.000000 0.595000 0.497100
130.000000 0.600000 0.497100
130.000000 0.605000 0.497100
130.000000 0.610000 0.497100
130.000000 0.615000 0.497100
130.000000 0.620000 0.497100
130.000000 0.625000 0.497100
130.000000 0.630000 0.497100
130.000000 0.635000 0.497100
130.000000 0.640000 0.497100
130.000000 0.645000 0.497100
130.000000 0.650000 0.497100
130.000000 0.655000 0.497100
130.000000 0.660000 0.497100
130.000000 0.665000 0.497100
130.000000 0.670000 0.497100
130.000000 0.675000 0.497100
130.000000 0.680000 0.497100
130.000000 0.685000 0.497100
130.000000 0.690000 0.497100
130.000000 0.695000 0.497100
130.000000 0.700000 0.497100
130.000000 0.705000 0.497100
130.000000 0.710000 0.497100
130.000000 0.715000 0.497100
130.000000 0.720000 0.497100
130.000000 0.725000 0.497100
130.000000 0.730000 0.497100
130.000000 0.735000 0.497100
130.000000 0.740000 0.497100
130.000000 0.745000 0.497100
130.000000 0.750000 0.497100
130.000000 0.755000 0.497100
130.000000 0.760000 0.497100
130.000000 0.765000 0.497100
130.000000 0.770000 0.497100
130.000000 0.775000 0.497100
130.000000 0.780000 0.497100
130.000000 0.785000 0.497100
130.000000 0.790000 0.497100
130.000000 0.795000 0.497100
130.000000 0.800000 0.497100
130.000000 0.805000 0.497100
130.000000 0.810000 0.497100
130.000000 0.815000 0.497100
130.000000 0.820000 0.497100
130.000000 0.825000 0.497100
130.000000 0.830000 0.497100
130.000000 0.835000 0.497100
130.000000 0.840000 0.497100
130.000000 0.845000 0.497100
130.000000 0.850000 0.497100
130.000000 0.855000 0.497100
130.000000 0.860000 0.497100
130.000000 0.865000 0.497100
130.000000 0.870000 0.497100
130.000000 0.875000 0.497100
130.000000 0.880000 0.497100
130.000000 0.885000 0.497100
130.000000 0.890000 0.497100
130.000000 0.895000 0.497100
130.000000 0.900000 0.497100
130.000000 0.905000 0.497100
130.000000 0.910000 0.497100
130.000000 0.915000 0.497100
130.000000 0.920000 0.497100
130.000000 0.925000 0.497100
130.000000 0.930000 0.497100
130.000000 0.935000 0.497100
130.000000 0.940000 0.497100
130.000000 0.945000 0.497100
130.000000 0.950000 0.497100
130.000000 0.955000 0.497100
130.000000 0.960000 0.497100
130.000000 0.965000 0.497100
130.000000 0.970000 0.497100
130.000000 0.975000 0.497100
130.000000 0.980000 0.497100
130.000000 0.985000 0.497100
130.000000 0.990000 0.497100
130.000000 0.995000 0.497100
130.000000 0.000000 0.503160
130.000000 0.005000 0.503160
130.000000 0.010000 0.503160
130.000000 0.015000 0.503160
130.000000 0.020000 0.503160
130.000000 0.025000 0.503160
130.000000 0.030000 0.503160
130.000000 0.035000 0.503160
130.000000 0.040000 0.503160
130.000000 0.045000 0.503160
130.000000 0.050000 0.503160
130.000000 0.055000 0.503160
130.000000 0.060000 0.503160
130.000000 0.065000 0.503160
130.000000 0.070000 0.503160
130.000000 0.075000 0.503160
130.000000 0.080000 0.503160
130.000000 0.085000 0.503160
130.000000 0.090000 0.503160
130.000000 0.095000 0.503160
130.000000 0.100000 0.503160
130.000000 0.105000 0.503160
130.000000 0.110000 0.503160
130.000000 0.115000 0.503160
130.000000 0.120000 0.503160
130.000000 0.125000 0.503160
130.000000 0.130000 0.503160
130.000000 0.135000 0.503160
130.000000 0.140000 0.503160
130.000000 0.145000 0.503160
130.000000 0.150000 0.503160
130.000000 0.155000 0.503160
130.000000 0.160000 0.503160
130.000000 0.165000 0.503160
130.000000 0.170000 0.503160
130.000000 0.175000 0.503160
130.000000 0.180000 0.503160
130.000000 0.185000 0.503160
130.000000 0.190000 0.503160
130.000000 0.195000 0.503160
130.000000 0.200000 0.503160
130.000000 0.205000 0.503160
130.000000 0.210000 0.503160
130.000000 0.215000 0.503160
130.000000 0.220000 0.503160
130.000000 0.225000 0.503160
130.000000 0.230000 0.503160
130.000000 0.235000 0.503160
130.000000 0.240000 0.503160
130.000000 0.245000 0.503160
130.000000 0.250000 0.503160
130.000000 0.255000 0.503160
130.000000 0.260000 0.503160
130.000000 0.265000 0.503160
130.000000 0.270000 0.503160
130.000000 0.275000 0.503160
130.000000 0.280000 0.503160
130.000000 0.285000 0.503160
130.000000 0.290000 0.503160
130.000000 0.295000 0.503160
130.000000 0.300000 0.503160
130.000000 0.305000 0.503160
130.000000 0.310000 0.503160
130.000000 0.315000 0.503160
130.000000 0.320000 0.503160
130.000000 0.325000 0.503160
130.000000 0.330000 0.503160
130.000000 0.335000 0.503160
130.000000 0.340000 0.503160
130.000000 0.345000 0.503160
130.000000 0.350000 0.503160
130.000000 0.355000 0.503160
130.000000 0.360000 0.503160
130.000000 0.365000 0.503160
130.000000 0.370000 0.503160
130.000000 0.375000 0.503160
130.000000 0.380000 0.503160
130.000000 0.385000 0.503160
130.000000 0.390000 0.503160
130.000000 0.395000 0.503160
130.000000 0.400000 0.503160
130.000000 0.405000 0.503160
130.000000 0.410000 0.503160
130.000000 0.415000 0.503160
130.000000 0.420000 0.503160
130.000000 0.425000 0.503160
130.000000 0.430000 0.503160
130.000000 0.435000 0.503160
130.000000 0.440000 0.503160
130.000000 0.445000 0.503160
130.000000 0.450000 0.503160
130.000000 0.455000 0.503160
130.000000 0.460000 0.503160
130.000000 0.465000 0.503160
130.000000 0.470000 0.503160
130.000000 0.475000 0.503160
130.000000 0.480000 0.503160
130.000000 0.485000 0.503160
130.000000 0.490000 0.503160
130.000000 0.495000 0.503160
130.000000 0.500000 0.503160
130.000000 0.505000 0.503160
130.000000 0.510000 0.503160
130.000000 0.515000 0.503160
130.000000 0.520000 0.503160
130.000000 0.525000 0.503160
130.000000 0.530000 0.503160
130.000000 0.535000 0.503160
130.000000 0.540000 0.503160
130.000000 0.545000 0.503160
130.000000 0.550000 0.503160
130.000000 0.555000 0.503160
130.000000 0.560000 0.503160
130.000000 0.565000 0.503160
130.000000 0.570000 0.503160
130.000000 0.575000 0.503160
130.000000 0.580000 0.503160
130.000000 0.585000 0.503160
130.000000 0.590000 0.503160
130.000000 0.595000 0.503160
130.000000 0.600000 0.503160
130.000000 0.605000 0.503160
130.000000 0.610000 0.503160
130.000000 0.615000 0.503160
130.000000 0.620000 0.503160
130.000000 0.625000 0.503160
130.000000 0.630000 0.503160
130.000000 0.635000 0.503160
130.000000 0.640000 0.503160
130.000000 0.645000 0.503160
130.000000 0.650000 0.503160
130.000000 0.655000 0.503160
130.000000 0.660000 0.503160
130.000000 0.665000 0.503160
130.000000 0.670000 0.503160
130.000000 0.675000 0.503160
130.000000 0.680000 0.503160
130.000000 0.685000 0.503160
130.000000 0.690000 0.503160
130.000000 0.695000 0.503160
130.000000 0.700000 0.503160
130.000000 0.705000 0.503160
130.000000 0.710000 0.503160
130.000000 0.715000 0.503160
130.000000 0.720000 0.503160
130.000000 0.725000 0.503160
130.000000 0.730000 0.503160
130.000000 0.735000 0.503160
130.000000 0.740000 0.503160
130.000000 0.745000 0.503160
130.000000 0.750000 0.503160
130.000000 0.755000 0.503160
130.000000 0.760000 0.503160
130.000000 0.765000 0.503160
130.000000 0.770000 0.503160
130.000000 0.775000 0.503160
130.000000 0.780000 0.503160
130.000000 0.785000 0.503160
130.000000 0.790000 0.503160
130.000000 0.795000 0.503160
130.000000 0.800000 0.503160
130.000000 0.805000 0.503160
130.000000 0.810000 0.503160
130.000000 0.815000 0.503160
130.000000 0.820000 0.503160
130.000000 0.825000 0.503160
130.000000 0.830000 0.503160
130.000000 0.835000 0.503160
130.000000 0.840000 0.503160
130.000000 0.845000 0.503160
130.000000 0.850000 0.503160
130.000000 0.855000 0.503160
130.000000 0.860000 0.503160
130.000000 0.865000 0.503160
130.000000 0.870000 0.503160
130.000000 0.875000 0.503160
130.000000 0.880000 0.503160
130.000000 0.885000 0.503160
130.000000 0.890000 0.503160
130.000000 0.895000 0.503160
130.000000 0.900000 0.503160
130.000000 0.905000 0.503160
130.000000 0.910000 0.503160
130.000000 0.915000 0.503160
130.000000 0.920000 0.503160
130.000000 0.925000 0.503160
130.000000 0.930000 0.503160
130.000000 0.935000 0.503160
130.000000 0.940000 0.503160
130.000000 0.945000 0.503160
130.000000 0.950000 0.503160
130.000000 0.955000 0.503160
130.000000 0.960000 0.503160
130.000000 0.965000 0.503160
130.000000 0.970000 0.503160
130.000000 0.975000 0.503160
130.000000 0.980000 0.503160
130.000000 0.985000 0.503160
130.000000 0.990000 0.503160
130.000000 0.995000 0.503160
154.000000 0.000000 0.497200
154.000000 0.005000 0.497200
154.000000 0.010000 0.497200
154.000000 0.015000 0.497200
154.000000 0.020000 0.497200
154.000000 0.025000 0.497200
154.000000 0.030000 0.497200
154.000000 0.035000 0.497200
154.000000 0.040000 0.497200
154.000000 0.045000 0.497200
154.000000 0.050000 0.497200
154.000000 0.055000 0.497200
154.000000 0.060000 0.497200
154.000000 0.065000 0.497200
154.000000 0.070000 0.497200
154.000000 0.075000 0.497200
154.000000 0.080000 0.497200
154.000000 0.085000 0.497200
154.000000 0.090000 0.497200
154.000000 0.095000 0.497200
154.000000 0.100000 0.497200
154.000000 0.105000 0.497200
154.000000 0.110000 0.497200
154.000000 0.115000 0.497200
154.000000 0.120000 0.497200
154.000000 0.125000 0.497200
154.000000 0.130000 0.497200
154.000000 0.135000 0.497200
154.000000 0.140000 0.497200
154.000000 0.145000 0.497200
154.000000 0.150000 0.497200
154.000000 0.155000 0.497200
154.000000 0.160000 0.497200
154.000000 0.165000 0.497200
154.000000 0.170000 0.497200
154.000000 0.175000 0.497200
154.000000 0.180000 0.497200
154.000000 0.185000 0.497200
154.000000 0.190000 0.497200
154.000000 0.195000 0.497200
154.000000 0.200000 0.497200
154.000000 0.205000 0.497200
154.000000 0.210000 0.497200
154.000000 0.215000 0.497200
154.000000 0.220000 0.497200
154.000000 0.225000 0.497200
154.000000 0.230000 0.497200
154.000000 0.235000 0.497200
154.000000 0.240000 0.497200
154.000000 0.245000 0.497200
154.000000 0.250000 0.497200
154.000000 0.255000 0.497200
154.000000 0.260000 0.497200
154.000000 0.265000 0.497200
154.000000 0.270000 0.497200
154.000000 0.275000 0.497200
154.000000 0.280000 0.497200
154.000000 0.285000 0.497200
154.000000 0.290000 0.497200
154.000000 0.295000 0.497200
154.000000 0.300000 0.497200
154.000000 0.305000 0.497200
154.000000 0.310000 0.497200
154.000000 0.315000 0.497200
154.000000 0.320000 0.497200
154.000000 0.325000 0.497200
154.000000 0.330000 0.497200
154.000000 0.335000 0.497200
154.000000 0.340000 0.497200
154.000000 0.345000 0.497200
154.000000 0.350000 0.497200
154.000000 0.355000 0.497200
154.000000 0.360000 0.497200
154.000000 0.365000 0.497200
154.000000 0.370000 0.497200
154.000000 0.375000 0.497200
154.000000 0.380000 0.497200
154.000000 0.385000 0.497200
154.000000 0.390000 0.497200
154.000000 0.395000 0.497200
154.000000 0.400000 0.497200
154.000000 0.405000 0.497200
154.000000 0.410000 0.497200
154.000000 0.415000 0.497200
154.000000 0.420000 0.497200
154.000000 0.425000 0.497200
154.000000 0.430000 0.497200
154.000000 0.435000 0.497200
154.000000 0.440000 0.497200
154.000000 0.445000 0.497200
154.000000 0.450000 0.497200
154.000000 0.455000 0.497200
154.000000 0.460000 0.497200
154.000000 0.465000 0.497200
154.000000 0.470000 0.497200
154.000000 0.475000 0.497200
154.000000 0.480000 0.497200
154.000000 0.485000 0.497200
154.000000 0.490000 0.497200
154.000000 0.495000 0.497200
154.000000 0.500000 0.497200
154.000000 0.505000 0.497200
154.000000 0.510000 0.497200
154.000000 0.515000 0.497200
154.000000 0.520000 0.497200
154.000000 0.525000 0.497200
154.000000 0.530000 0.497200
154.000000 0.535000 0.497200
154.000000 0.540000 0.497200
154.000000 0.545000 0.497200
154.000000 0.550000 0.497200
154.000000 0.555000 0.497200
154.000000 0.560000 0.497200
154.000000 0.565000 0.497200
154.000000 0.570000 0.497200
154.000000 0.575000 0.497200
154.000000 0.580000 0.497200
154.000000 0.585000 0.497200
154.000000 0.590000 0.497200
154.000000 0.595000 0.497200
154.000000 0.600000 0.497200
154.000000 0.605000 0.497200
154.000000 0.610000 0.497200
154.000000 0.615000 0.497200
154.000000 0.620000 0.497200
154.000000 0.625000 0.497200
154.000000 0.630000 0.497200
154.000000 0.635000 0.497200
154.000000 0.640000 0.497200
154.000000 0.645000 0.497200
154.000000 0.650000 0.497200
154.000000 0.655000 0.497200
154.000000 0.660000 0.497200
154.000000 0.665000 0.497200
154.000000 0.670000 0.497200
154.000000 0.675000 0.497200
154.000000 0.680000 0.497200
154.000000 0.685000 0.497200
154.000000 0.690000 0.497200
154.000000 0.695000 0.497200
154.000000 0.700000 0.497200
154.000000 0.705000 0.497200
154.000000 0.710000 0.497200
154.000000 0.715000 0.497200
154.000000 0.720000 0.497200
154.000000 0.725000 0.497200
154.000000 0.730000 0.497200
154.000000 0.735000 0.497200
154.000000 0.740000 0.497200
154.000000 0.745000 0.497200
154.000000 0.750000 0.497200
154.000000 0.755000 0.497200
154.000000 0.760000 0.497200
154.000000 0.765000 0.497200
154.000000 0.770000 0.497200
154.000000 0.775000 0.497200
154.000000 0.780000 0.497200
154.000000 0.785000 0.497200
154.000000 0.790000 0.497200
154.000000 0.795000 0.497200
154.000000 0.800000 0.497200
154.000000 0.805000 0.497200
154.000000 0.810000 0.497200
154.000000 0.815000 0.497200
154.000000 0.820000 0.497200
154.000000 0.825000 0.497200
154.000000 0.830000 0.497200
154.000000 0.835000 0.497200
154.000000 0.840000 0.497200
154.000000 0.845000 0.497200
154.000000 0.850000 0.497200
154.000000 0.855000 0.497200
154.000000 0.860000 0.497200
154.000000 0.865000 0.497200
154.000000 0.870000 0.497200
154.000000 0.875000 0.497200
154.000000 0.880000 0.497200
154.000000 0.885000 0.497200
154.000000 0.890000 0.497200
154.000000 0.895000 0.497200
154.000000 0.900000 0.497200
154.000000 0.905000 0.497200
154.000000 0.910000 0.497200
154.000000 0.915000 0.497200
154.000000 0.920000 0.497200
154.000000 0.925000 0.497200
154.000000 0.930000 0.497200
154.000000 0.935000 0.497200
154.000000 0.940000 0.497200
154.000000 0.945000 0.497200
154.000000 0.950000 0.497200
154.000000 0.955000 0.497200
154.000000 0.960000 0.497200
154.000000 0.965000 0.497200
154.000000 0.970000 0.497200
154.000000 0.975000 0.497200
154.000000 0.980000 0.497200
154.000000 0.985000 0.497200
154.000000 0.990000 0.497200
154.000000 0.995000 0.497200
154.000000 0.000000 0.503060
154.000000 0.005000 0.503060
154.000000 0.010000 0.503060
154.000000 0.015000 0.503060
154.000000 0.020000 0.503060
154.000000 0.025000 0.503060
154.000000 0.030000 0.503060
154.000000 0.035000 0.503060
154.000000 0.040000 0.503060
154.000000 0.045000 0.503060
154.000000 0.050000 0.503060
154.000000 0.055000 0.503060
154.000000 0.060000 0.503060
154.000000 0.065000 0.503060
154.000000 0.070000 0.503060
154.000000 0.075000 0.503060
154.000000 0.080000 0.503060
154.000000 0.085000 0.503060
154.000000 0.090000 0.503060
154.000000 0.095000 0.503060
154.000000 0.100000 0.503060
154.000000 0.105000 0.503060
154.000000 0.110000 0.503060
154.000000 0.115000 0.503060
154.000000 0.120000 0.503060
154.000000 0.125000 0.503060
154.000000 0.130000 0.503060
154.000000 0.135000 0.503060
154.000000 0.140000 0.503060
154.000000 0.145000 0.503060
154.000000 0.150000 0.503060
154.000000 0.155000 0.503060
154.000000 0.160000 0.503060
154.000000 0.165000 0.503060
154.000000 0.170000 0.503060
154.000000 0.175000 0.503060
154.000000 0.180000 0.503060
154.000000 0.185000 0.503060
154.000000 0.190000 0.503060
154.000000 0.195000 0.503060
154.000000 0.200000 0.503060
154.000000 0.205000 0.503060
154.000000 0.210000 0.503060
154.000000 0.215000 0.503060
154.000000 0.220000 0.503060
154.000000 0.225000 0.503060
154.000000 0.230000 0.503060
154.000000 0.235000 0.503060
154.000000 0.240000 0.503060
154.000000 0.245000 0.503060
154.000000 0.250000 0.503060
154.000000 0.255000 0.503060
154.000000 0.260000 0.503060
154.000000 0.265000 0.503060
154.000000 0.270000 0.503060
154.000000 0.275000 0.503060
154.000000 0.280000 0.503060
154.000000 0.285000 0.503060
154.000000 0.290000 0.503060
154.000000 0.295000 0.503060
154.000000 0.300000 0.503060
154.000000 0.305000 0.503060
154.000000 0.310000 0.503060
154.000000 0.315000 0.503060
154.000000 0.320000 0.503060
154.000000 0.325000 0.503060
154.000000 0.330000 0.503060
154.000000 0.335000 0.503060
154.000000 0.340000 0.503060
154.000000 0.345000 0.503060
154.000000 0.350000 0.503060
154.000000 0.355000 0.503060
154.000000 0.360000 0.503060
154.000000 0.365000 0.503060
154.000000 0.370000 0.503060
154.000000 0.375000 0.503060
154.000000 0.380000 0.503060
154.000000 0.385000 0.503060
154.000000 0.390000 0.503060
154.000000 0.395000 0.503060
154.000000 0.400000 0.503060
154.000000 0.405000 0.503060
154.000000 0.410000 0.503060
154.000000 0.415000 0.503060
154.000000 0.420000 0.503060
154.000000 0.425000 0.503060
154.000000 0.430000 0.503060
154.000000 0.435000 0.503060
154.000000 0.440000 0.503060
154.000000 0.445000 0.503060
154.000000 0.450000 0.503060
154.000000 0.455000 0.503060
154.000000 0.460000 0.503060
154.000000 0.465000 0.503060
154.000000 0.470000 0.503060
154.000000 0.475000 0.503060
154.000000 0.480000 0.503060
154.000000 0.485000 0.503060
154.000000 0.490000 0.503060
154.000000 0.495000 0.503060
154.000000 0.500000 0.503060
154.000000 0.505000 0.503060
154.000000 0.510000 0.503060
154.000000 0.515000 0.503060
154.000000 0.520000 0.503060
154.000000 0.525000 0.503060
154.000000 0.530000 0.503060
154.000000 0.535000 0.503060
154.000000 0.540000 0.503060
154.000000 0.545000 0.503060
154.000000 0.550000 0.503060
154.000000 0.555000 0.503060
154.000000 0.560000 0.503060
154.000000 0.565000 0.503060
154.000000 0.570000 0.503060
154.000000 0.575000 0.503060
154.000000 0.580000 0.503060
154.000000 0.585000 0.503060
154.000000 0.590000 0.503060
154.000000 0.595000 0.503060
154.000000 0.600000 0.503060
154.000000 0.605000 0.503060
154.000000 0.610000 0.503060
154.000000 0.615000 0.503060
154.000000 0.620000 0.503060
154.000000 0.625000 0.503060
154.000000 0.630000 0.503060
154.000000 0.635000 0.503060
154.000000 0.640000 0.503060
154.000000 0.645000 0.503060
154.000000 0.650000 0.503060
154.000000 0.655000 0.503060
154.000000 0.660000 0.503060
154.000000 0.665000 0.503060
154.000000 0.670000 0.503060
154.000000 0.675000 0.503060
154.000000 0.680000 0.503060
154.000000 0.685000 0.503060
154.000000 0.690000 0.503060
154.000000 0.695000 0.503060
154.000000 0.700000 0.503060
154.000000 0.705000 0.503060
154.000000 0.710000 0.503060
154.000000 0.715000 0.503060
154.000000 0.720000 0.503060
154.000000 0.725000 0.503060
154.000000 0.730000 0.503060
154.000000 0.735000 0.503060
154.000000 0.740000 0.503060
154.000000 0.745000 0.503060
154.000000 0.750000 0.503060
154.000000 0.755000 0.503060
154.000000 0.760000 0.503060
154.000000 0.765000 0.503060
154.000000 0.770000 0.503060
154.000000 0.775000 0.503060
154.000000 0.780000 0.503060
154.000000 0.785000 0.503060
154.000000 0.790000 0.503060
154.000000 0.795000 0.503060
154.000000 0.800000 0.503060
154.000000 0.805000 0.503060
154.000000 0.810000 0.503060
154.000000 0.815000 0.503060
154.000000 0.820000 0.503060
154.000000 0.825000 0.503060
154.000000 0.830000 0.503060
154.000000 0.835000 0.503060
154.000000 0.840000 0.503060
154.000000 0.845000 0.503060
154.000000 0.850000 0.503060
154.000000 0.855000 0.503060
154.000000 0.860000 0.503060
154.000000 0.865000 0.503060
154.000000 0.870000 0.503060
154.000000 0.875000 0.503060
154.000000 0.880000 0.503060
154.000000 0.885000 0.503060
154.000000 0.890000 0.503060
154.000000 0.895000 0.503060
154.000000 0.900000 0.503060
154.000000 0.905000 0.503060
154.000000 0.910000 0.503060
154.000000 0.915000 0.503060
154.000000 0.920000 0.503060
154.000000 0.925000 0.503060
154.000000 0.930000 0.503060
154.000000 0.935000 0.503060
154.000000 0.940000 0.503060
154.000000 0.945000 0.503060
154.000000 0.950000 0.503060
154.000000 0.955000 0.503060
154.000000 0.960000 0.503060
154.000000 0.965000 0.503060
154.000000 0.970000 0.503060
154.000000 0.975000 0.503060
154.000000 0.980000 0.503060
154.000000 0.985000 0.503060
154.000000 0.990000 0.503060
154.000000 0.995000 0.503060
180.000000 0.000000 0.497300
180.000000 0.005000 0.497300
180.000000 0.010000 0.497300
180.000000 0.015000 0.497300
180.000000 0.020000 0.497300
180.000000 0.025000 0.497300
180.000000 0.030000 0.497300
180.000000 0.035000 0.497300
180.000000 0.040000 0.497300
180.000000 0.045000 0.497300
180.000000 0.050000 0.497300
180.000000 0.055000 0.497300
180.000000 0.060000 0.497300
180.000000 0.065000 0.497300
180.000000 0.070000 0.497300
180.000000 0.075000 0.497300
180.000000 0.080000 0.497300
180.000000 0.085000 0.497300
180.000000 0.090000 0.497300
180.000000 0.095000 0.497300
180.000000 0.100000 0.497300
180.000000 0.105000 0.497300
180.000000 0.110000 0.497300
180.000000 0.115000 0.497300
180.000000 0.120000 0.497300
180.000000 0.125000 0.497300
180.000000 0.130000 0.497300
180.000000 0.135000 0.497300
180.000000 0.140000 0.497300
180.000000 0.145000 0.497300
180.000000 0.150000 0.497300
180.000000 0.155000 0.497300
180.000000 0.160000 0.497300
180.000000 0.165000 0.497300
180.000000 0.170000 0.497300
180.000000 0.175000 0.497300
180.000000 0.180000 0.497300
180.000000 0.185000 0.497300
180.000000 0.190000 0.497300
180.000000 0.195000 0.497300
180.000000 0.200000 0.497300
180.000000 0.205000 0.497300
180.000000 0.210000 0.497300
180.000000 0.215000 0.497300
180.000000 0.220000 0.497300
180.000000 0.225000 0.497300
180.000000 0.230000 0.497300
180.000000 0.235000 0.497300
180.000000 0.240000 0.497300
180.000000 0.245000 0.497300
180.000000 0.250000 0.497300
180.000000 0.255000 0.497300
180.000000 0.260000 0.497300
180.000000 0.265000 0.497300
180.000000 0.270000 0.497300
180.000000 0.275000 0.497300
180.000000 0.280000 0.497300
180.000000 0.285000 0.497300
180.000000 0.290000 0.497300
180.000000 0.295000 0.497300
180.000000 0.300000 0.497300
180.000000 0.305000 0.497300
180.000000 0.310000 0.497300
180.000000 0.315000 0.497300
180.000000 0.320000 0.497300
180.000000 0.325000 0.497300
180.000000 0.330000 0.497300
180.000000 0.335000 0.497300
180.000000 0.340000 0.497300
180.000000 0.345000 0.497300
180.000000 0.350000 0.497300
180.000000 0.355000 0.497300
180.000000 0.360000 0.497300
180.000000 0.365000 0.497300
180.000000 0.370000 0.497300
180.000000 0.375000 0.497300
180.000000 0.380000 0.497300
180.000000 0.385000 0.497300
180.000000 0.390000 0.497300
180.000000 0.395000 0.497300
180.000000 0.400000 0.497300
180.000000 0.405000 0.497300
180.000000 0.410000 0.497300
180.000000 0.415000 0.497300
180.000000 0.420000 0.497300
180.000000 0.425000 0.497300
180.000000 0.430000 0.497300
180.000000 0.435000 0.497300
180.000000 0.440000 0.497300
180.000000 0.445000 0.497300
180.000000 0.450000 0.497300
180.000000 0.455000 0.497300
180.000000 0.460000 0.497300
180.000000 0.465000 0.497300
180.000000 0.470000 0.497300
180.000000 0.475000 0.497300
180.000000 0.480000 0.497300
180.000000 0.485000 0.497300
180.000000 0.490000 0.497300
180.000000 0.495000 0.497300
180.000000 0.500000 0.497300
180.000000 0.505000 0.497300
180.000000 0.510000 0.497300
180.000000 0.515000 0.497300
180.000000 0.520000 0.497300
180.000000 0.525000 0.497300
180.000000 0.530000 0.497300
180.000000 0.535000 0.497300
180.000000 0.540000 0.497300
180.000000 0.545000 0.497300
180.000000 0.550000 0.497300
180.000000 0.555000 0.497300
180.000000 0.560000 0.497300
180.000000 0.565000 0.497300
180.000000 0.570000 0.497300
180.000000 0.575000 0.497300
180.000000 0.580000 0.497300
180.000000 0.585000 0.497300
180.000000 0.590000 0.497300
180.000000 0.595000 0.497300
180.000000 0.600000 0.497300
180.000000 0.605000 0.497300
180.000000 0.610000 0.497300
180.000000 0.615000 0.497300
180.000000 0.620000 0.497300
180.000000 0.625000 0.497300
180.000000 0.630000 0.497300
180.000000 0.635000 0.497300
180.000000 0.640000 0.497300
180.000000 0.645000 0.497300
180.000000 0.650000 0.497300
180.000000 0.655000 0.497300
180.000000 0.660000 0.497300
180.000000 0.665000 0.497300
180.000000 0.670000 0.497300
180.000000 0.675000 0.497300
180.000000 0.680000 0.497300
180.000000 0.685000 0.497300
180.000000 0.690000 0.497300
180.000000 0.695000 0.497300
180.000000 0.700000 0.497300
180.000000 0.705000 0.497300
180.000000 0.710000 0.497300
180.000000 0.715000 0.497300
180.000000 0.720000 0.497300
180.000000 0.725000 0.497300
180.000000 0.730000 0.497300
180.000000 0.735000 0.497300
180.000000 0.740000 0.497300
180.000000 0.745000 0.497300
180.000000 0.750000 0.497300
180.000000 0.755000 0.497300
180.000000 0.760000 0.497300
180.000000 0.765000 0.497300
180.000000 0.770000 0.497300
180.000000 0.775000 0.497300
180.000000 0.780000 0.497300
180.000000 0.785000 0.497300
180.000000 0.790000 0.497300
180.000000 0.795000 0.497300
180.000000 0.800000 0.497300
180.000000 0.805000 0.497300
180.000000 0.810000 0.497300
180.000000 0.815000 0.497300
180.000000 0.820000 0.497300
180.000000 0.825000 0.497300
180.000000 0.830000 0.497300
180.000000 0.835000 0.497300
180.000000 0.840000 0.497300
180.000000 0.845000 0.497300
180.000000 0.850000 0.497300
180.000000 0.855000 0.497300
180.000000 0.860000 0.497300
180.000000 0.865000 0.497300
180.000000 0.870000 0.497300
180.000000 0.875000 0.497300
180.000000 0.880000 0.497300
180.000000 0.885000 0.497300
180.000000 0.890000 0.497300
180.000000 0.895000 0.497300
180.000000 0.900000 0.497300
180.000000 0.905000 0.497300
180.000000 0.910000 0.497300
180.000000 0.915000 0.497300
180.000000 0.920000 0.497300
180.000000 0.925000 0.497300
180.000000 0.930000 0.497300
180.000000 0.935000 0.497300
180.000000 0.940000 0.497300
180.000000 0.945000 0.497300
180.000000 0.950000 0.497300
180.000000 0.955000 0.497300
180.000000 0.960000 0.497300
180.000000 0.965000 0.497300
180.000000 0.970000 0.497300
180.000000 0.975000 0.497300
180.000000 0.980000 0.497300
180.000000 0.985000 0.497300
180.000000 0.990000 0.497300
180.000000 0.995000 0.497300
180.000000 0.000000 0.502960
180.000000 0.005000 0.502960
180.000000 0.010000 0.502960
180.000000 0.015000 0.502960
180.000000 0.020000 0.502960
180.000000 0.025000 0.502960
180.000000 0.030000 0.502960
180.000000 0.035000 0.502960
180.000000 0.040000 0.502960
180.000000 0.045000 0.502960
180.000000 0.050000 0.502960
180.000000 0.055000 0.502960
180.000000 0.060000 0.502960
180.000000 0.065000 0.502960
180.000000 0.070000 0.502960
180.000000 0.075000 0.502960
180.000000 0.080000 0.502960
180.000000 0.085000 0.502960
180.000000 0.090000 0.502960
180.000000 0.095000 0.502960
180.000000 0.100000 0.502960
180.000000 0.105000 0.502960
180.000000 0.110000 0.502960
180.000000 0.115000 0.502960
180.000000 0.120000 0.502960
180.000000 0.125000 0.502960
180.000000 0.130000 0.502960
180.000000 0.135000 0.502960
180.000000 0.140000 0.502960
180.000000 0.145000 0.502960
180.000000 0.150000 0.502960
180.000000 0.155000 0.502960
180.000000 0.160000 0.502960
180.000000 0.165000 0.502960
180.000000 0.170000 0.502960
180.000000 0.175000 0.502960
180.000000 0.180000 0.502960
180.000000 0.185000 0.502960
180.000000 0.190000 0.502960
180.000000 0.195000 0.502960
180.000000 0.200000 0.502960
180.000000 0.205000 0.502960
180.000000 0.210000 0.502960
180.000000 0.215000 0.502960
180.000000 0.220000 0.502960
180.000000 0.225000 0.502960
180.000000 0.230000 0.502960
180.000000 0.235000 0.502960
180.000000 0.240000 0.502960
180.000000 0.245000 0.502960
180.000000 0.250000 0.502960
180.000000 0.255000 0.502960
180.000000 0.260000 0.502960
180.000000 0.265000 0.502960
180.000000 0.270000 0.502960
180.000000 0.275000 0.502960
180.000000 0.280000 0.502960
180.000000 0.285000 0.502960
180.000000 0.290000 0.502960
180.000000 0.295000 0.502960
180.000000 0.300000 0.502960
180.000000 0.305000 0.502960
180.000000 0.310000 0.502960
180.000000 0.315000 0.502960
180.000000 0.320000 0.502960
180.000000 0.325000 0.502960
180.000000 0.330000 0.502960
180.000000 0.335000 0.502960
180.000000 0.340000 0.502960
180.000000 0.345000 0.502960
180.000000 0.350000 0.502960
180.000000 0.355000 0.502960
180.000000 0.360000 0.502960
180.000000 0.365000 0.502960
180.000000 0.370000 0.502960
180.000000 0.375000 0.502960
180.000000 0.380000 0.502960
180.000000 0.385000 0.502960
180.000000 0.390000 0.502960
180.000000 0.395000 0.502960
180.000000 0.400000 0.502960
180.000000 0.405000 0.502960
180.000000 0.410000 0.502960
180.000000 0.415000 0.502960
180.000000 0.420000 0.502960
180.000000 0.425000 0.502960
180.000000 0.430000 0.502960
180.000000 0.435000 0.502960
180.000000 0.440000 0.502960
180.000000 0.445000 0.502960
180.000000 0.450000 0.502960
180.000000 0.455000 0.502960
180.000000 0.460000 0.502960
180.000000 0.465000 0.502960
180.000000 0.470000 0.502960
180.000000 0.475000 0.502960
180.000000 0.480000 0.502960
180.000000 0.485000 0.502960
180.000000 0.490000 0.502960
180.000000 0.495000 0.502960
180.000000 0.500000 0.502960
180.000000 0.505000 0.502960
180.000000 0.510000 0.502960
180.000000 0.515000 0.502960
180.000000 0.520000 0.502960
180.000000 0.525000 0.502960
180.000000 0.530000 0.502960
180.000000 0.535000 0.502960
180.000000 0.540000 0.502960
180.000000 0.545000 0.502960
180.000000 0.550000 0.502960
180.000000 0.555000 0.502960
180.000000 0.560000 0.502960
180.000000 0.565000 0.502960
180.000000 0.570000 0.502960
180.000000 0.575000 0.502960
180.000000 0.580000 0.502960
180.000000 0.585000 0.502960
180.000000 0.590000 0.502960
180.000000 0.595000 0.502960
180.000000 0.600000 0.502960
180.000000 0.605000 0.502960
180.000000 0.610000 0.502960
180.000000 0.615000 0.502960
180.000000 0.620000 0.502960
180.000000 0.625000 0.502960
180.000000 0.630000 0.502960
180.000000 0.635000 0.502960
180.000000 0.640000 0.502960
180.000000 0.645000 0.502960
180.000000 0.650000 0.502960
180.000000 0.655000 0.502960
180.000000 0.660000 0.502960
180.000000 0.665000 0.502960
180.000000 0.670000 0.502960
180.000000 0.675000 0.502960
180.000000 0.680000 0.502960
180.000000 0.685000 0.502960
180.000000 0.690000 0.502960
180.000000 0.695000 0.502960
180.000000 0.700000 0.502960
180.000000 0.705000 0.502960
180.000000 0.710000 0.502960
180.000000 0.715000 0.502960
180.000000 0.720000 0.502960
180.000000 0.725000 0.502960
180.000000 0.730000 0.502960
180.000000 0.735000 0.502960
180.000000 0.740000 0.502960
180.000000 0.745000 0.502960
180.000000 0.750000 0.502960
180.000000 0.755000 0.502960
180.000000 0.760000 0.502960
180.000000 0.765000 0.502960
180.000000 0.770000 0.502960
180.000000 0.775000 0.502960
180.000000 0.780000 0.502960
180.000000 0.785000 0.502960
180.000000 0.790000 0.502960
180.000000 0.795000 0.502960
180.000000 0.800000 0.502960
180.000000 0.805000 0.502960
180.000000 0.810000 0.502960
180.000000 0.815000 0.502960
180.000000 0.820000 0.502960
180.000000 0.825000 0.502960
180.000000 0.830000 0.502960
180.000000 0.835000 0.502960
180.000000 0.840000 0.502960
180.000000 0.845000 0.502960
180.000000 0.850000 0.502960
180.000000 0.855000 0.502960
180.000000 0.860000 0.502960
180.000000 0.865000 0.502960
180.000000 0.870000 0.502960
180.000000 0.875000 0.502960
180.000000 0.880000 0.502960
180.000000 0.885000 0.502960
180.000000 0.890000 0.502960
180.000000 0.895000 0.502960
180.000000 0.900000 0.502960
180.000000 0.905000 0.502960
180.000000 0.910000 0.502960
180.000000 0.915000 0.502960
180.000000 0.920000 0.502960
180.000000 0.925000 0.502960
180.000000 0.930000 0.502960
180.000000 0.935000 0.502960
180.000000 0.940000 0.502960
180.000000 0.945000 0.502960
180.000000 0.950000 0.502960
180.000000 0.955000 0.502960
180.000000 0.960000 0.502960
180.000000 0.965000 0.502960
180.000000 0.970000 0.502960
180.000000 0.975000 0.502960
180.000000 0.980000 0.502960
180.000000 0.985000 0.502960
180.000000 0.990000 0.502960
180.000000 0.995000 0.502960
208.000000 0.000000 0.497400
208.000000 0.005000 0.497400
208.000000 0.010000 0.497400
208.000000 0.015000 0.497400
208.000000 0.020000 0.497400
208.000000 0.025000 0.497400
208.000000 0.030000 0.497400
208.000000 0.035000 0.497400
208.000000 0.040000 0.497400
208.000000 0.045000 0.497400
208.000000 0.050000 0.497400
208.000000 0.055000 0.497400
208.000000 0.060000 0.497400
208.000000 0.065000 0.497400
208.000000 0.070000 0.497400
208.000000 0.075000 0.497400
208.000000 0.080000 0.497400
208.000000 0.085000 0.497400
208.000000 0.090000 0.497400
208.000000 0.095000 0.497400
208.000000 0.100000 0.497400
208.000000 0.105000 0.497400
208.000000 0.110000 0.497400
208.000000 0.115000 0.497400
208.000000 0.120000 0.497400
208.000000 0.125000 0.497400
208.000000 0.130000 0.497400
208.000000 0.135000 0.497400
208.000000 0.140000 0.497400
208.000000 0.145000 0.497400
208.000000 0.150000 0.497400
208.000000 0.155000 0.497400
208.000000 0.160000 0.497400
208.000000 0.165000 0.497400
208.000000 0.170000 0.497400
208.000000 0.175000 0.497400
208.000000 0.180000 0.497400
208.000000 0.185000 0.497400
208.000000 0.190000 0.497400
208.000000 0.195000 0.497400
208.000000 0.200000 0.497400
208.000000 0.205000 0.497400
208.000000 0.210000 0.497400
208.000000 0.215000 0.497400
208.000000 0.220000 0.497400
208.000000 0.225000 0.497400
208.000000 0.230000 0.497400
208.000000 0.235000 0.497400
208.000000 0.240000 0.497400
208.000000 0.245000 0.497400
208.000000 0.250000 0.497400
208.000000 0.255000 0.497400
208.000000 0.260000 0.497400
208.000000 0.265000 0.497400
208.000000 0.270000 0.497400
208.000000 0.275000 0.497400
208.000000 0.280000 0.497400
208.000000 0.285000 0.497400
208.000000 0.290000 0.497400
208.000000 0.295000 0.497400
208.000000 0.300000 0.497400
208.000000 0.305000 0.497400
208.000000 0.310000 0.497400
208.000000 0.315000 0.497400
208.000000 0.320000 0.497400
208.000000 0.325000 0.497400
208.000000 0.330000 0.497400
208.000000 0.335000 0.497400
208.000000 0.340000 0.497400
208.000000 0.345000 0.497400
208.000000 0.350000 0.497400
208.000000 0.355000 0.497400
208.000000 0.360000 0.497400
208.000000 0.365000 0.497400
208.000000 0.370000 0.497400
208.000000 0.375000 0.497400
208.000000 0.380000 0.497400
208.000000 0.385000 0.497400
208.000000 0.390000 0.497400
208.000000 0.395000 0.497400
208.000000 0.400000 0.497400
208.000000 0.405000 0.497400
208.000000 0.410000 0.497400
208.000000 0.415000 0.497400
208.000000 0.420000 0.497400
208.000000 0.425000 0.497400
208.000000 0.430000 0.497400
208.000000 0.435000 0.497400
208.000000 0.440000 0.497400
208.000000 0.445000 0.497400
208.000000 0.450000 0.497400
208.000000 0.455000 0.497400
208.000000 0.460000 0.497400
208.000000 0.465000 0.497400
208.000000 0.470000 0.497400
208.000000 0.475000 0.497400
208.000000 0.480000 0.497400
208.000000 0.485000 0.497400
208.000000 0.490000 0.497400
208.000000 0.495000 0.497400
208.000000 0.500000 0.497400
208.000000 0.505000 0.497400
208.000000 0.510000 0.497400
208.000000 0.515000 0.497400
208.000000 0.520000 0.497400
208.000000 0.525000 0.497400
208.000000 0.530000 0.497400
208.000000 0.535000 0.497400
208.000000 0.540000 0.497400
208.000000 0.545000 0.497400
208.000000 0.550000 0.497400
208.000000 0.555000 0.497400
208.000000 0.560000 0.497400
208.000000 0.565000 0.497400
208.000000 0.570000 0.497400
208.000000 0.575000 0.497400
208.000000 0.580000 0.497400
208.000000 0.585000 0.497400
208.000000 0.590000 0.497400
208.000000 0.595000 0.497400
208.000000 0.600000 0.497400
208.000000 0.605000 0.497400
208.000000 0.610000 0.497400
208.000000 0.615000 0.497400
208.000000 0.620000 0.497400
208.000000 0.625000 0.497400
208.000000 0.630000 0.497400
208.000000 0.635000 0.497400
208.000000 0.640000 0.497400
208.000000 0.645000 0.497400
208.000000 0.650000 0.497400
208.000000 0.655000 0.497400
208.000000 0.660000 0.497400
208.000000 0.665000 0.497400
208.000000 0.670000 0.497400
208.000000 0.675000 0.497400
208.000000 0.680000 0.497400
208.000000 0.685000 0.497400
208.000000 0.690000 0.497400
208.000000 0.695000 0.497400
208.000000 0.700000 0.497400
208.000000 0.705000 0.497400
208.000000 0.710000 0.497400
208.000000 0.715000 0.497400
208.000000 0.720000 0.497400
208.000000 0.725000 0.497400
208.000000 0.730000 0.497400
208.000000 0.735000 0.497400
208.000000 0.740000 0.497400
208.000000 0.745000 0.497400
208.000000 0.750000 0.497400
208.000000 0.755000 0.497400
208.000000 0.760000 0.497400
208.000000 0.765000 0.497400
208.000000 0.770000 0.497400
208.000000 0.775000 0.497400
208.000000 0.780000 0.497400
208.000000 0.785000 0.497400
208.000000 0.790000 0.497400
208.000000 0.795000 0.497400
208.000000 0.800000 0.497400
208.000000 0.805000 0.497400
208.000000 0.810000 0.497400
208.000000 0.815000 0.497400
208.000000 0.820000 0.497400
208.000000 0.825000 0.497400
208.000000 0.830000 0.497400
208.000000 0.835000 0.497400
208.000000 0.840000 0.497400
208.000000 0.845000 0.497400
208.000000 0.850000 0.497400
208.000000 0.855000 0.497400
208.000000 0.860000 0.497400
208.000000 0.865000 0.497400
208.000000 0.870000 0.497400
208.000000 0.875000 0.497400
208.000000 0.880000 0.497400
208.000000 0.885000 0.497400
208.000000 0.890000 0.497400
208.000000 0.895000 0.497400
208.000000 0.900000 0.497400
208.000000 0.905000 0.497400
208.000000 0.910000 0.497400
208.000000 0.915000 0.497400
208.000000 0.920000 0.497400
208.000000 0.925000 0.497400
208.000000 0.930000 0.497400
208.000000 0.935000 0.497400
208.000000 0.940000 0.497400
208.000000 0.945000 0.497400
208.000000 0.950000 0.497400
208.000000 0.955000 0.497400
208.000000 0.960000 0.497400
208.000000 0.965000 0.497400
208.000000 0.970000 0.497400
208.000000 0.975000 0.497400
208.000000 0.980000 0.497400
208.000000 0.985000 0.497400
208.000000 0.990000 0.497400
208.000000 0.995000 0.497400
208.000000 0.000000 0.502860
208.000000 0.005000 0.502860
208.000000 0.010000 0.502860
208.000000 0.015000 0.502860
208.000000 0.020000 0.502860
208.000000 0.025000 0.502860
208.000000 0.030000 0.502860
208.000000 0.035000 0.502860
208.000000 0.040000 0.502860
208.000000 0.045000 0.502860
208.000000 0.050000 0.502860
208.000000 0.055000 0.502860
208.000000 0.060000 0.502860
208.000000 0.065000 0.502860
208.000000 0.070000 0.502860
208.000000 0.075000 0.502860
208.000000 0.080000 0.502860
208.000000 0.085000 0.502860
208.000000 0.090000 0.502860
208.000000 0.095000 0.502860
208.000000 0.100000 0.502860
208.000000 0.105000 0.502860
208.000000 0.110000 0.502860
208.000000 0.115000 0.502860
208.000000 0.120000 0.502860
208.000000 0.125000 0.502860
208.000000 0.130000 0.502860
208.000000 0.135000 0.502860
208.000000 0.140000 0.502860
208.000000 0.145000 0.502860
208.000000 0.150000 0.502860
208.000000 0.155000 0.502860
208.000000 0.160000 0.502860
208.000000 0.165000 0.502860
208.000000 0.170000 0.502860
208.000000 0.175000 0.502860
208.000000 0.180000 0.502860
208.000000 0.185000 0.502860
208.000000 0.190000 0.502860
208.000000 0.195000 0.502860
208.000000 0.200000 0.502860
208.000000 0.205000 0.502860
208.000000 0.210000 0.502860
208.000000 0.215000 0.502860
208.000000 0.220000 0.502860
208.000000 0.225000 0.502860
208.000000 0.230000 0.502860
208.000000 0.235000 0.502860
208.000000 0.240000 0.502860
208.000000 0.245000 0.502860
208.000000 0.250000 0.502860
208.000000 0.255000 0.502860
208.000000 0.260000 0.502860
208.000000 0.265000 0.502860
208.000000 0.270000 0.502860
208.000000 0.275000 0.502860
208.000000 0.280000 0.502860
208.000000 0.285000 0.502860
208.000000 0.290000 0.502860
208.000000 0.295000 0.502860
208.000000 0.300000 0.502860
208.000000 0.305000 0.502860
208.000000 0.310000 0.502860
208.000000 0.315000 0.502860
208.000000 0.320000 0.502860
208.000000 0.325000 0.502860
208.000000 0.330000 0.502860
208.000000 0.335000 0.502860
208.000000 0.340000 0.502860
208.000000 0.345000 0.502860
208.000000 0.350000 0.502860
208.000000 0.355000 0.502860
208.000000 0.360000 0.502860
208.000000 0.365000 0.502860
208.000000 0.370000 0.502860
208.000000 0.375000 0.502860
208.000000 0.380000 0.502860
208.000000 0.385000 0.502860
208.000000 0.390000 0.502860
208.000000 0.395000 0.502860
208.000000 0.400000 0.502860
208.000000 0.405000 0.502860
208.000000 0.410000 0.502860
208.000000 0.415000 0.502860
208.000000 0.420000 0.502860
208.000000 0.425000 0.502860
208.000000 0.430000 0.502860
208.000000 0.435000 0.502860
208.000000 0.440000 0.502860
208.000000 0.445000 0.502860
208.000000 0.450000 0.502860
208.000000 0.455000 0.502860
208.000000 0.460000 0.502860
208.000000 0.465000 0.502860
208.000000 0.470000 0.502860
208.000000 0.475000 0.502860
208.000000 0.480000 0.502860
208.000000 0.485000 0.502860
208.000000 0.490000 0.502860
208.000000 0.495000 0.502860
208.000000 0.500000 0.502860
208.000000 0.505000 0.502860
208.000000 0.510000 0.502860
208.000000 0.515000 0.502860
208.000000 0.520000 0.502860
208.000000 0.525000 0.502860
208.000000 0.530000 0.502860
208.000000 0.535000 0.502860
208.000000 0.540000 0.502860
208.000000 0.545000 0.502860
208.000000 0.550000 0.502860
208.000000 0.555000 0.502860
208.000000 0.560000 0.502860
208.000000 0.565000 0.502860
208.000000 0.570000 0.502860
208.000000 0.575000 0.502860
208.000000 0.580000 0.502860
208.000000 0.585000 0.502860
208.000000 0.590000 0.502860
208.000000 0.595000 0.502860
208.000000 0.600000 0.502860
208.000000 0.605000 0.502860
208.000000 0.610000 0.502860
208.000000 0.615000 0.502860
208.000000 0.620000 0.502860
208.000000 0.625000 0.502860
208.000000 0.630000 0.502860
208.000000 0.635000 0.502860
208.000000 0.640000 0.502860
208.000000 0.645000 0.502860
208.000000 0.650000 0.502860
208.000000 0.655000 0.502860
208.000000 0.660000 0.502860
208.000000 0.665000 0.502860
208.000000 0.670000 0.502860
208.000000 0.675000 0.502860
208.000000 0.680000 0.502860
208.000000 0.685000 0.502860
208.000000 0.690000 0.502860
208.000000 0.695000 0.502860
208.000000 0.700000 0.502860
208.000000 0.705000 0.502860
208.000000 0.710000 0.502860
208.000000 0.715000 0.502860
208.000000 0.720000 0.502860
208.000000 0.725000 0.502860
208.000000 0.730000 0.502860
208.000000 0.735000 0.502860
208.000000 0.740000 0.502860
208.000000 0.745000 0.502860
208.000000 0.750000 0.502860
208.000000 0.755000 0.502860
208.000000 0.760000 0.502860
208.000000 0.765000 0.502860
208.000000 0.770000 0.502860
208.000000 0.775000 0.502860
208.000000 0.780000 0.502860
208.000000 0.785000 0.502860
208.000000 0.790000 0.502860
208.000000 0.795000 0.502860
208.000000 0.800000 0.502860
208.000000 0.805000 0.502860
208.000000 0.810000 0.502860
208.000000 0.815000 0.502860
208.000000 0.820000 0.502860
208.000000 0.825000 0.502860
208.000000 0.830000 0.502860
208.000000 0.835000 0.502860
208.000000 0.840000 0.502860
208.000000 0.845000 0.502860
208.000000 0.850000 0.502860
208.000000 0.855000 0.502860
208.000000 0.860000 0.502860
208.000000 0.865000 0.502860
208.000000 0.870000 0.502860
208.000000 0.875000 0.502860
208.000000 0.880000 0.502860
208.000000 0.885000 0.502860
208.000000 0.890000 0.502860
208.000000 0.895000 0.502860
208.000000 0.900000 0.502860
208.000000 0.905000 0.502860
208.000000 0.910000 0.502860
208.000000 0.915000 0.502860
208.000000 0.920000 0.502860
208.000000 0.925000 0.502860
208.000000 0.930000 0.502860
208.000000 0.935000 0.502860
208.000000 0.940000 0.502860
208.000000 0.945000 0.502860
208.000000 0.950000 0.502860
208.000000 0.955000 0.502860
208.000000 0.960000 0.502860
208.000000 0.965000 0.502860
208.000000 0.970000 0.502860
208.000000 0.975000 0.502860
208.000000 0.980000 0.502860
208.000000 0.985000 0.502860
208.000000 0.990000 0.502860
208.000000 0.995000 0.502860
238.000000 0.000000 0.497500
238.000000 0.005000 0.497500
238.000000 0.010000 0.497500
238.000000 0.015000 0.497500
238.000000 0.020000 0.497500
238.000000 0.025000 0.497500
238.000000 0.030000 0.497500
238.000000 0.035000 0.497500
238.000000 0.040000 0.497500
238.000000 0.045000 0.497500
238.000000 0.050000 0.497500
238.000000 0.055000 0.497500
238.000000 0.060000 0.497500
238.000000 0.065000 0.497500
238.000000 0.070000 0.497500
238.000000 0.075000 0.497500
238.000000 0.080000 0.497500
238.000000 0.085000 0.497500
238.000000 0.090000 0.497500
238.000000 0.095000 0.497500
238.000000 0.100000 0.497500
238.000000 0.105000 0.497500
238.000000 0.110000 0.497500
238.000000 0.115000 0.497500
238.000000 0.120000 0.497500
238.000000 0.125000 0.497500
238.000000 0.130000 0.497500
238.000000 0.135000 0.497500
238.000000 0.140000 0.497500
238.000000 0.145000 0.497500
238.000000 0.150000 0.497500
238.000000 0.155000 0.497500
238.000000 0.160000 0.497500
238.000000 0.165000 0.497500
238.000000 0.170000 0.497500
238.000000 0.175000 0.497500
238.000000 0.180000 0.497500
238.000000 0.185000 0.497500
238.000000 0.190000 0.497500
238.000000 0.195000 0.497500
238.000000 0.200000 0.497500
238.000000 0.205000 0.497500
238.000000 0.210000 0.497500
238.000000 0.215000 0.497500
238.000000 0.220000 0.497500
238.000000 0.225000 0.497500
238.000000 0.230000 0.497500
238.000000 0.235000 0.497500
238.000000 0.240000 0.497500
238.000000 0.245000 0.497500
238.000000 0.250000 0.497500
238.000000 0.255000 0.497500
238.000000 0.260000 0.497500
238.000000 0.265000 0.497500
238.000000 0.270000 0.497500
238.000000 0.275000 0.497500
238.000000 0.280000 0.497500
238.000000 0.285000 0.497500
238.000000 0.290000 0.497500
238.000000 0.295000 0.497500
238.000000 0.300000 0.497500
238.000000 0.305000 0.497500
238.000000 0.310000 0.497500
238.000000 0.315000 0.497500
238.000000 0.320000 0.497500
238.000000 0.325000 0.497500
238.000000 0.330000 0.497500
238.000000 0.335000 0.497500
238.000000 0.340000 0.497500
238.000000 0.345000 0.497500
238.000000 0.350000 0.497500
238.000000 0.355000 0.497500
238.000000 0.360000 0.497500
238.000000 0.365000 0.497500
238.000000 0.370000 0.497500
238.000000 0.375000 0.497500
238.000000 0.380000 0.497500
238.000000 0.385000 0.497500
238.000000 0.390000 0.497500
238.000000 0.395000 0.497500
238.000000 0.400000 0.497500
238.000000 0.405000 0.497500
238.000000 0.410000 0.497500
238.000000 0.415000 0.497500
238.000000 0.420000 0.497500
238.000000 0.425000 0.497500
238.000000 0.430000 0.497500
238.000000 0.435000 0.497500
238.000000 0.440000 0.497500
238.000000 0.445000 0.497500
238.000000 0.450000 0.497500
238.000000 0.455000 0.497500
238.000000 0.460000 0.497500
238.000000 0.465000 0.497500
238.000000 0.470000 0.497500
238.000000 0.475000 0.497500
238.000000 0.480000 0.497500
238.000000 0.485000 0.497500
238.000000 0.490000 0.497500
238.000000 0.495000 0.497500
238.000000 0.500000 0.497500
238.000000 0.505000 0.497500
238.000000 0.510000 0.497500
238.000000 0.515000 0.497500
238.000000 0.520000 0.497500
238.000000 0.525000 0.497500
238.000000 0.530000 0.497500
238.000000 0.535000 0.497500
238.000000 0.540000 0.497500
238.000000 0.545000 0.497500
238.000000 0.550000 0.497500
238.000000 0.555000 0.497500
238.000000 0.560000 0.497500
238.000000 0.565000 0.497500
238.000000 0.570000 0.497500
238.000000 0.575000 0.497500
238.000000 0.580000 0.497500
238.000000 0.585000 0.497500
238.000000 0.590000 0.497500
238.000000 0.595000 0.497500
238.000000 0.600000 0.497500
238.000000 0.605000 0.497500
238.000000 0.610000 0.497500
238.000000 0.615000 0.497500
238.000000 0.620000 0.497500
238.000000 0.625000 0.497500
238.000000 0.630000 0.497500
238.000000 0.635000 0.497500
238.000000 0.640000 0.497500
238.000000 0.645000 0.497500
238.000000 0.650000 0.497500
238.000000 0.655000 0.497500
238.000000 0.660000 0.497500
238.000000 0.665000 0.497500
238.000000 0.670000 0.497500
238.000000 0.675000 0.497500
238.000000 0.680000 0.497500
238.000000 0.685000 0.497500
238.000000 0.690000 0.497500
238.000000 0.695000 0.497500
238.000000 0.700000 0.497500
238.000000 0.705000 0.497500
238.000000 0.710000 0.497500
238.000000 0.715000 0.497500
238.000000 0.720000 0.497500
238.000000 0.725000 0.497500
238.000000 0.730000 0.497500
238.000000 0.735000 0.497500
238.000000 0.740000 0.497500
238.000000 0.745000 0.497500
238.000000 0.750000 0.497500
238.000000 0.755000 0.497500
238.000000 0.760000 0.497500
238.000000 0.765000 0.497500
238.000000 0.770000 0.497500
238.000000 0.775000 0.497500
238.000000 0.780000 0.497500
238.000000 0.785000 0.497500
238.000000 0.790000 0.497500
238.000000 0.795000 0.497500
238.000000 0.800000 0.497500
238.000000 0.805000 0.497500
238.000000 0.810000 0.497500
238.000000 0.815000 0.497500
238.000000 0.820000 0.497500
238.000000 0.825000 0.497500
238.000000 0.830000 0.497500
238.000000 0.835000 0.497500
238.000000 0.840000 0.497500
238.000000 0.845000 0.497500
238.000000 0.850000 0.497500
238.000000 0.855000 0.497500
238.000000 0.860000 0.497500
238.000000 0.865000 0.497500
238.000000 0.870000 0.497500
238.000000 0.875000 0.497500
238.000000 0.880000 0.497500
238.000000 0.885000 0.497500
238.000000 0.890000 0.497500
238.000000 0.895000 0.497500
238.000000 0.900000 0.497500
238.000000 0.905000 0.497500
238.000000 0.910000 0.497500
238.000000 0.915000 0.497500
238.000000 0.920000 0.497500
238.000000 0.925000 0.497500
238.000000 0.930000 0.497500
238.000000 0.935000 0.497500
238.000000 0.940000 0.497500
238.000000 0.945000 0.497500
238.000000 0.950000 0.497500
238.000000 0.955000 0.497500
238.000000 0.960000 0.497500
238.000000 0.965000 0.497500
238.000000 0.970000 0.497500
238.000000 0.975000 0.497500
238.000000 0.980000 0.497500
238.000000 0.985000 0.497500
238.000000 0.990000 0.497500
238.000000 0.995000 0.497500
238.000000 0.000000 0.502760
238.000000 0.005000 0.502760
238.000000 0.010000 0.502760
238.000000 0.015000 0.502760
238.000000 0.020000 0.502760
238.000000 0.025000 0.502760
238.000000 0.030000 0.502760
238.000000 0.035000 0.502760
238.000000 0.040000 0.502760
238.000000 0.045000 0.502760
238.000000 0.050000 0.502760
238.000000 0.055000 0.502760
238.000000 0.060000 0.502760
238.000000 0.065000 0.502760
238.000000 0.070000 0.502760
238.000000 0.075000 0.502760
238.000000 0.080000 0.502760
238.000000 0.085000 0.502760
238.000000 0.090000 0.502760
238.000000 0.095000 0.502760
238.000000 0.100000 0.502760
238.000000 0.105000 0.502760
238.000000 0.110000 0.502760
238.000000 0.115000 0.502760
238.000000 0.120000 0.502760
238.000000 0.125000 0.502760
238.000000 0.130000 0.502760
238.000000 0.135000 0.502760
238.000000 0.140000 0.502760
238.000000 0.145000 0.502760
238.000000 0.150000 0.502760
238.000000 0.155000 0.502760
238.000000 0.160000 0.502760
238.000000 0.165000 0.502760
238.000000 0.170000 0.502760
238.000000 0.175000 0.502760
238.000000 0.180000 0.502760
238.000000 0.185000 0.502760
238.000000 0.190000 0.502760
238.000000 0.195000 0.502760
238.000000 0.200000 0.502760
238.000000 0.205000 0.502760
238.000000 0.210000 0.502760
238.000000 0.215000 0.502760
238.000000 0.220000 0.502760
238.000000 0.225000 0.502760
238.000000 0.230000 0.502760
238.000000 0.235000 0.502760
238.000000 0.240000 0.502760
238.000000 0.245000 0.502760
238.000000 0.250000 0.502760
238.000000 0.255000 0.502760
238.000000 0.260000 0.502760
238.000000 0.265000 0.502760
238.000000 0.270000 0.502760
238.000000 0.275000 0.502760
238.000000 0.280000 0.502760
238.000000 0.285000 0.502760
238.000000 0.290000 0.502760
238.000000 0.295000 0.502760
238.000000 0.300000 0.502760
238.000000 0.305000 0.502760
238.000000 0.310000 0.502760
238.000000 0.315000 0.502760
238.000000 0.320000 0.502760
238.000000 0.325000 0.502760
238.000000 0.330000 0.502760
238.000000 0.335000 0.502760
238.000000 0.340000 0.502760
238.000000 0.345000 0.502760
238.000000 0.350000 0.502760
238.000000 0.355000 0.502760
238.000000 0.360000 0.502760
238.000000 0.365000 0.502760
238.000000 0.370000 0.502760
238.000000 0.375000 0.502760
238.000000 0.380000 0.502760
238.000000 0.385000 0.502760
238.000000 0.390000 0.502760
238.000000 0.395000 0.502760
238.000000 0.400000 0.502760
238.000000 0.405000 0.502760
238.000000 0.410000 0.502760
238.000000 0.415000 0.502760
238.000000 0.420000 0.502760
238.000000 0.425000 0.502760
238.000000 0.430000 0.502760
238.000000 0.435000 0.502760
238.000000 0.440000 0.502760
238.000000 0.445000 0.502760
238.000000 0.450000 0.502760
238.000000 0.455000 0.502760
238.000000 0.460000 0.502760
238.000000 0.465000 0.502760
238.000000 0.470000 0.502760
238.000000 0.475000 0.502760
238.000000 0.480000 0.502760
238.000000 0.485000 0.502760
238.000000 0.490000 0.502760
238.000000 0.495000 0.502760
238.000000 0.500000 0.502760
238.000000 0.505000 0.502760
238.000000 0.510000 0.502760
238.000000 0.515000 0.502760
238.000000 0.520000 0.502760
238.000000 0.525000 0.502760
238.000000 0.530000 0.502760
238.000000 0.535000 0.502760
238.000000 0.540000 0.502760
238.000000 0.545000 0.502760
238.000000 0.550000 0.502760
238.000000 0.555000 0.502760
238.000000 0.560000 0.502760
238.000000 0.565000 0.502760
238.000000 0.570000 0.502760
238.000000 0.575000 0.502760
238.000000 0.580000 0.502760
238.000000 0.585000 0.502760
238.000000 0.590000 0.502760
238.000000 0.595000 0.502760
238.000000 0.600000 0.502760
238.000000 0.605000 0.502760
238.000000 0.610000 0.502760
238.000000 0.615000 0.502760
238.000000 0.620000 0.502760
238.000000 0.625000 0.502760
238.000000 0.630000 0.502760
238.000000 0.635000 0.502760
238.000000 0.640000 0.502760
238.000000 0.645000 0.502760
238.000000 0.650000 0.502760
238.000000 0.655000 0.502760
238.000000 0.660000 0.502760
238.000000 0.665000 0.502760
238.000000 0.670000 0.502760
238.000000 0.675000 0.502760
238.000000 0.680000 0.502760
238.000000 0.685000 0.502760
238.000000 0.690000 0.502760
238.000000 0.695000 0.502760
238.000000 0.700000 0.502760
238.000000 0.705000 0.502760
238.000000 0.710000 0.502760
238.000000 0.715000 0.502760
238.000000 0.720000 0.502760
238.000000 0.725000 0.502760
238.000000 0.730000 0.502760
238.000000 0.735000 0.502760
238.000000 0.740000 0.502760
238.000000 0.745000 0.502760
238.000000 0.750000 0.502760
238.000000 0.755000 0.502760
238.000000 0.760000 0.502760
238.000000 0.765000 0.502760
238.000000 0.770000 0.502760
238.000000 0.775000 0.502760
238.000000 0.780000 0.502760
238.000000 0.785000 0.502760
238.000000 0.790000 0.502760
238.000000 0.795000 0.502760
238.000000 0.800000 0.502760
238.000000 0.805000 0.502760
238.000000 0.810000 0.502760
238.000000 0.815000 0.502760
238.000000 0.820000 0.502760
238.000000 0.825000 0.502760
238.000000 0.830000 0.502760
238.000000 0.835000 0.502760
238.000000 0.840000 0.502760
238.000000 0.845000 0.502760
238.000000 0.850000 0.502760
238.000000 0.855000 0.502760
238.000000 0.860000 0.502760
238.000000 0.865000 0.502760
238.000000 0.870000 0.502760
238.000000 0.875000 0.502760
238.000000 0.880000 0.502760
238.000000 0.885000 0.502760
238.000000 0.890000 0.502760
238.000000 0.895000 0.502760
238.000000 0.900000 0.502760
238.000000 0.905000 0.502760
238.000000 0.910000 0.502760
238.000000 0.915000 0.502760
238.000000 0.920000 0.502760
238.000000 0.925000 0.502760
238.000000 0.930000 0.502760
238.000000 0.935000 0.502760
238.000000 0.940000 0.502760
238.000000 0.945000 0.502760
238.000000 0.950000 0.502760
238.000000 0.955000 0.502760
238.000000 0.960000 0.502760
238.000000 0.965000 0.502760
238.000000 0.970000 0.502760
238.000000 0.975000 0.502760
238.000000 0.980000 0.502760
238.000000 0.985000 0.502760
238.000000 0.990000 0.502760
238.000000 0.995000 0.502760
270.000000 0.000000 0.497600
270.000000 0.005000 0.497600
270.000000 0.010000 0.497600
270.000000 0.015000 0.497600
270.000000 0.020000 0.497600
270.000000 0.025000 0.497600
270.000000 0.030000 0.497600
270.000000 0.035000 0.497600
270.000000 0.040000 0.497600
270.000000 0.045000 0.497600
270.000000 0.050000 0.497600
270.000000 0.055000 0.497600
270.000000 0.060000 0.497600
270.000000 0.065000 0.497600
270.000000 0.070000 0.497600
270.000000 0.075000 0.497600
270.000000 0.080000 0.497600
270.000000 0.085000 0.497600
270.000000 0.090000 0.497600
270.000000 0.095000 0.497600
270.000000 0.100000 0.497600
270.000000 0.105000 0.497600
270.000000 0.110000 0.497600
270.000000 0.115000 0.497600
270.000000 0.120000 0.497600
270.000000 0.125000 0.497600
270.000000 0.130000 0.497600
270.000000 0.135000 0.497600
270.000000 0.140000 0.497600
270.000000 0.145000 0.497600
270.000000 0.150000 0.497600
270.000000 0.155000 0.497600
270.000000 0.160000 0.497600
270.000000 0.165000 0.497600
270.000000 0.170000 0.497600
270.000000 0.175000 0.497600
270.000000 0.180000 0.497600
270.000000 0.185000 0.497600
270.000000 0.190000 0.497600
270.000000 0.195000 0.497600
270.000000 0.200000 0.497600
270.000000 0.205000 0.497600
270.000000 0.210000 0.497600
270.000000 0.215000 0.497600
270.000000 0.220000 0.497600
270.000000 0.225000 0.497600
270.000000 0.230000 0.497600
270.000000 0.235000 0.497600
270.000000 0.240000 0.497600
270.000000 0.245000 0.497600
270.000000 0.250000 0.497600
270.000000 0.255000 0.497600
270.000000 0.260000 0.497600
270.000000 0.265000 0.497600
270.000000 0.270000 0.497600
270.000000 0.275000 0.497600
270.000000 0.280000 0.497600
270.000000 0.285000 0.497600
270.000000 0.290000 0.497600
270.000000 0.295000 0.497600
270.000000 0.300000 0.497600
270.000000 0.305000 0.497600
270.000000 0.310000 0.497600
270.000000 0.315000 0.497600
270.000000 0.320000 0.497600
270.000000 0.325000 0.497600
270.000000 0.330000 0.497600
270.000000 0.335000 0.497600
270.000000 0.340000 0.497600
270.000000 0.345000 0.497600
270.000000 0.350000 0.497600
270.000000 0.355000 0.497600
270.000000 0.360000 0.497600
270.000000 0.365000 0.497600
270.000000 0.370000 0.497600
270.000000 0.375000 0.497600
270.000000 0.380000 0.497600
270.000000 0.385000 0.497600
270.000000 0.390000 0.497600
270.000000 0.395000 0.497600
270.000000 0.400000 0.497600
270.000000 0.405000 0.497600
270.000000 0.410000 0.497600
270.000000 0.415000 0.497600
270.000000 0.420000 0.497600
270.000000 0.425000 0.497600
270.000000 0.430000 0.497600
270.000000 0.435000 0.497600
270.000000 0.440000 0.497600
270.000000 0.445000 0.497600
270.000000 0.450000 0.497600
270.000000 0.455000 0.497600
270.000000 0.460000 0.497600
270.000000 0.465000 0.497600
270.000000 0.470000 0.497600
270.000000 0.475000 0.497600
270.000000 0.480000 0.497600
270.000000 0.485000 0.497600
270.000000 0.490000 0.497600
270.000000 0.495000 0.497600
270.000000 0.500000 0.497600
270.000000 0.505000 0.497600
270.000000 0.510000 0.497600
270.000000 0.515000 0.497600
270.000000 0.520000 0.497600
270.000000 0.525000 0.497600
270.000000 0.530000 0.497600
270.000000 0.535000 0.497600
270.000000 0.540000 0.497600
270.000000 0.545000 0.497600
270.000000 0.550000 0.497600
270.000000 0.555000 0.497600
270.000000 0.560000 0.497600
270.000000 0.565000 0.497600
270.000000 0.570000 0.497600
270.000000 0.575000 0.497600
270.000000 0.580000 0.497600
270.000000 0.585000 0.497600
270.000000 0.590000 0.497600
270.000000 0.595000 0.497600
270.000000 0.600000 0.497600
270.000000 0.605000 0.497600
270.000000 0.610000 0.497600
270.000000 0.615000 0.497600
270.000000 0.620000 0.497600
270.000000 0.625000 0.497600
270.000000 0.630000 0.497600
270.000000 0.635000 0.497600
270.000000 0.640000 0.497600
270.000000 0.645000 0.497600
270.000000 0.650000 0.497600
270.000000 0.655000 0.497600
270.000000 0.660000 0.497600
270.000000 0.665000 0.497600
270.000000 0.670000 0.497600
270.000000 0.675000 0.497600
270.000000 0.680000 0.497600
270.000000 0.685000 0.497600
270.000000 0.690000 0.497600
270.000000 0.695000 0.497600
270.000000 0.700000 0.497600
270.000000 0.705000 0.497600
270.000000 0.710000 0.497600
270.000000 0.715000 0.497600
270.000000 0.720000 0.497600
270.000000 0.725000 0.497600
270.000000 0.730000 0.497600
270.000000 0.735000 0.497600
270.000000 0.740000 0.497600
270.000000 0.745000 0.497600
270.000000 0.750000 0.497600
270.000000 0.755000 0.497600
270.000000 0.760000 0.497600
270.000000 0.765000 0.497600
270.000000 0.770000 0.497600
270.000000 0.775000 0.497600
270.000000 0.780000 0.497600
270.000000 0.785000 0.497600
270.000000 0.790000 0.497600
270.000000 0.795000 0.497600
270.000000 0.800000 0.497600
270.000000 0.805000 0.497600
270.000000 0.810000 0.497600
270.000000 0.815000 0.497600
270.000000 0.820000 0.497600
270.000000 0.825000 0.497600
270.000000 0.830000 0.497600
270.000000 0.835000 0.497600
270.000000 0.840000 0.497600
270.000000 0.845000 0.497600
270.000000 0.850000 0.497600
270.000000 0.855000 0.497600
270.000000 0.860000 0.497600
270.000000 0.865000 0.497600
270.000000 0.870000 0.497600
270.000000 0.875000 0.497600
270.000000 0.880000 0.497600
270.000000 0.885000 0.497600
270.000000 0.890000 0.497600
270.000000 0.895000 0.497600
270.000000 0.900000 0.497600
270.000000 0.905000 0.497600
270.000000 0.910000 0.497600
270.000000 0.915000 0.497600
270.000000 0.920000 0.497600
270.000000 0.925000 0.497600
270.000000 0.930000 0.497600
270.000000 0.935000 0.497600
270.000000 0.940000 0.497600
270.000000 0.945000 0.497600
270.000000 0.950000 0.497600
270.000000 0.955000 0.497600
270.000000 0.960000 0.497600
270.000000 0.965000 0.497600
270.000000 0.970000 0.497600
270.000000 0.975000 0.497600
270.000000 0.980000 0.497600
270.000000 0.985000 0.497600
270.000000 0.990000 0.497600
270.000000 0.995000 0.497600
270.000000 0.000000 0.502660
270.000000 0.005000 0.502660
270.000000 0.010000 0.502660
270.000000 0.015000 0.502660
270.000000 0.020000 0.502660
270.000000 0.025000 0.502660
270.000000 0.030000 0.502660
270.000000 0.035000 0.502660
270.000000 0.040000 0.502660
270.000000 0.045000 0.502660
270.000000 0.050000 0.502660
270.000000 0.055000 0.502660
270.000000 0.060000 0.502660
270.000000 0.065000 0.502660
270.000000 0.070000 0.502660
270.000000 0.075000 0.502660
270.000000 0.080000 0.502660
270.000000 0.085000 0.502660
270.000000 0.090000 0.502660
270.000000 0.095000 0.502660
270.000000 0.100000 0.502660
270.000000 0.105000 0.502660
270.000000 0.110000 0.502660
270.000000 0.115000 0.502660
270.000000 0.120000 0.502660
270.000000 0.125000 0.502660
270.000000 0.130000 0.502660
270.000000 0.135000 0.502660
270.000000 0.140000 0.502660
270.000000 0.145000 0.502660
270.000000 0.150000 0.502660
270.000000 0.155000 0.502660
270.000000 0.160000 0.502660
270.000000 0.165000 0.502660
270.000000 0.170000 0.502660
270.000000 0.175000 0.502660
270.000000 0.180000 0.502660
270.000000 0.185000 0.502660
270.000000 0.190000 0.502660
270.000000 0.195000 0.502660
270.000000 0.200000 0.502660
270.000000 0.205000 0.502660
270.000000 0.210000 0.502660
270.000000 0.215000 0.502660
270.000000 0.220000 0.502660
270.000000 0.225000 0.502660
270.000000 0.230000 0.502660
270.000000 0.235000 0.502660
270.000000 0.240000 0.502660
270.000000 0.245000 0.502660
270.000000 0.250000 0.502660
270.000000 0.255000 0.502660
270.000000 0.260000 0.502660
270.000000 0.265000 0.502660
270.000000 0.270000 0.502660
270.000000 0.275000 0.502660
270.000000 0.280000 0.502660
270.000000 0.285000 0.502660
270.000000 0.290000 0.502660
270.000000 0.295000 0.502660
270.000000 0.300000 0.502660
270.000000 0.305000 0.502660
270.000000 0.310000 0.502660
270.000000 0.315000 0.502660
270.000000 0.320000 0.502660
270.000000 0.325000 0.502660
270.000000 0.330000 0.502660
270.000000 0.335000 0.502660
270.000000 0.340000 0.502660
270.000000 0.345000 0.502660
270.000000 0.350000 0.502660
270.000000 0.355000 0.502660
270.000000 0.360000 0.502660
270.000000 0.365000 0.502660
270.000000 0.370000 0.502660
270.000000 0.375000 0.502660
270.000000 0.380000 0.502660
270.000000 0.385000 0.502660
270.000000 0.390000 0.502660
270.000000 0.395000 0.502660
270.000000 0.400000 0.502660
270.000000 0.405000 0.502660
270.000000 0.410000 0.502660
270.000000 0.415000 0.502660
270.000000 0.420000 0.502660
270.000000 0.425000 0.502660
270.000000 0.430000 0.502660
270.000000 0.435000 0.502660
270.000000 0.440000 0.502660
270.000000 0.445000 0.502660
270.000000 0.450000 0.502660
270.000000 0.455000 0.502660
270.000000 0.460000 0.502660
270.000000 0.465000 0.502660
270.000000 0.470000 0.502660
270.000000 0.475000 0.502660
270.000000 0.480000 0.502660
270.000000 0.485000 0.502660
270.000000 0.490000 0.502660
270.000000 0.495000 0.502660
270.000000 0.500000 0.502660
270.000000 0.505000 0.502660
270.000000 0.510000 0.502660
270.000000 0.515000 0.502660
270.000000 0.520000 0.502660
270.000000 0.525000 0.502660
270.000000 0.530000 0.502660
270.000000 0.535000 0.502660
270.000000 0.540000 0.502660
270.000000 0.545000 0.502660
270.000000 0.550000 0.502660
270.000000 0.555000 0.502660
270.000000 0.560000 0.502660
270.000000 0.565000 0.502660
270.000000 0.570000 0.502660
270.000000 0.575000 0.502660
270.000000 0.580000 0.502660
270.000000 0.585000 0.502660
270.000000 0.590000 0.502660
270.000000 0.595000 0.502660
270.000000 0.600000 0.502660
270.000000 0.605000 0.502660
270.000000 0.610000 0.502660
270.000000 0.615000 0.502660
270.000000 0.620000 0.502660
270.000000 0.625000 0.502660
270.000000 0.630000 0.502660
270.000000 0.635000 0.502660
270.000000 0.640000 0.502660
270.000000 0.645000 0.502660
270.000000 0.650000 0.502660
270.000000 0.655000 0.502660
270.000000 0.660000 0.502660
270.000000 0.665000 0.502660
270.000000 0.670000 0.502660
270.000000 0.675000 0.502660
270.000000 0.680000 0.502660
270.000000 0.685000 0.502660
270.000000 0.690000 0.502660
270.000000 0.695000 0.502660
270.000000 0.700000 0.502660
270.000000 0.705000 0.502660
270.000000 0.710000 0.502660
270.000000 0.715000 0.502660
270.000000 0.720000 0.502660
270.000000 0.725000 0.502660
270.000000 0.730000 0.502660
270.000000 0.735000 0.502660
270.000000 0.740000 0.502660
270.000000 0.745000 0.502660
270.000000 0.750000 0.502660
270.000000 0.755000 0.502660
270.000000 0.760000 0.502660
270.000000 0.765000 0.502660
270.000000 0.770000 0.502660
270.000000 0.775000 0.502660
270.000000 0.780000 0.502660
270.000000 0.785000 0.502660
270.000000 0.790000 0.502660
270.000000 0.795000 0.502660
270.000000 0.800000 0.502660
270.000000 0.805000 0.502660
270.000000 0.810000 0.502660
270.000000 0.815000 0.502660
270.000000 0.820000 0.502660
270.000000 0.825000 0.502660
270.000000 0.830000 0.502660
270.000000 0.835000 0.502660
270.000000 0.840000 0.502660
270.000000 0.845000 0.502660
270.000000 0.850000 0.502660
270.000000 0.855000 0.502660
270.000000 0.860000 0.502660
270.000000 0.865000 0.502660
270.000000 0.870000 0.502660
270.000000 0.875000 0.502660
270.000000 0.880000 0.502660
270.000000 0.885000 0.502660
270.000000 0.890000 0.502660
270.000000 0.895000 0.502660
270.000000 0.900000 0.502660
270.000000 0.905000 0.502660
270.000000 0.910000 0.502660
270.000000 0.915000 0.502660
270.000000 0.920000 0.502660
270.000000 0.925000 0.502660
270.000000 0.930000 0.502660
270.000000 0.935000 0.502660
270.000000 0.940000 0.502660
270.000000 0.945000 0.502660
270.000000 0.950000 0.502660
270.000000 0.955000 0.502660
270.000000 0.960000 0.502660
270.000000 0.965000 0.502660
270.000000 0.970000 0.502660
270.000000 0.975000 0.502660
270.000000 0.980000 0.502660
270.000000 0.985000 0.502660
270.000000 0.990000 0.502660
270.000000 0.995000 0.502660
304.000000 0.000000 0.497676
304.000000 0.005002 0.497646
304.000000 0.010001 0.497644
304.000000 0.015000 0.497644
304.000000 0.020000 0.497644
304.000000 0.025000 0.497644
304.000000 0.030000 0.497644
304.000000 0.035000 0.497644
304.000000 0.040000 0.497644
304.000000 0.045000 0.497644
304.000000 0.050000 0.497644
304.000000 0.055000 0.497644
304.000000 0.060000 0.497644
304.000000 0.065000 0.497644
304.000000 0.070000 0.497644
304.000000 0.075000 0.497644
304.000000 0.080000 0.497644
304.000000 0.085000 0.497644
304.000000 0.090000 0.497644
304.000000 0.095000 0.497644
304.000000 0.100000 0.497644
304.000000 0.105000 0.497644
304.000000 0.110000 0.497644
304.000000 0.115000 0.497644
304.000000 0.120000 0.497644
304.000000 0.125000 0.497644
304.000000 0.130000 0.497644
304.000000 0.135000 0.497644
304.000000 0.140000 0.497644
304.000000 0.145000 0.497644
304.000000 0.150000 0.497644
304.000000 0.155000 0.497644
304.000000 0.160000 0.497644
304.000000 0.165000 0.497644
304.000000 0.170000 0.497644
304.000000 0.175000 0.497644
304.000000 0.180000 0.497644
304.000000 0.185000 0.497644
304.000000 0.190000 0.497644
304.000000 0.195000 0.497644
304.000000 0.200000 0.497644
304.000000 0.205000 0.497644
304.000000 0.210000 0.497644
304.000000 0.215000 0.497644
304.000000 0.220000 0.497644
304.000000 0.225000 0.497644
304.000000 0.230000 0.497644
304.000000 0.235000 0.497644
304.000000 0.240000 0.497644
304.000000 0.245000 0.497644
304.000000 0.250000 0.497644
304.000000 0.255000 0.497644
304.000000 0.260000 0.497644
304.000000 0.265000 0.497644
304.000000 0.270000 0.497644
304.000000 0.275000 0.497644
304.000000 0.280000 0.497644
304.000000 0.285000 0.497644
304.000000 0.290000 0.497644
304.000000 0.295000 0.497644
304.000000 0.300000 0.497644
304.000000 0.305000 0.497644
304.000000 0.310000 0.497644
304.000000 0.315000 0.497644
304.000000 0.320000 0.497644
304.000000 0.325000 0.497644
304.000000 0.330000 0.497644
304.000000 0.335000 0.497644
304.000000 0.340000 0.497644
304.000000 0.345000 0.497644
304.000000 0.350000 0.497644
304.000000 0.355000 0.497644
304.000000 0.360000 0.497644
304.000000 0.365000 0.497644
304.000000 0.370000 0.497644
304.000000 0.375000 0.497644
304.000000 0.380000 0.497644
304.000000 0.385000 0.497644
304.000000 0.390000 0.497644
304.000000 0.395000 0.497644
304.000000 0.400000 0.497644
304.000000 0.405000 0.497644
304.000000 0.410000 0.497644
304.000000 0.415000 0.497644
304.000000 0.420000 0.497644
304.000000 0.425000 0.497644
304.000000 0.430000 0.497644
304.000000 0.435000 0.497644
304.000000 0.440000 0.497644
304.000000 0.445000 0.497644
304.000000 0.450000 0.497644
304.000000 0.455000 0.497644
304.000000 0.460000 0.497644
304.000000 0.465000 0.497644
304.000000 0.470000 0.497644
304.000000 0.475000 0.497644
304.000000 0.480000 0.497644
304.000000 0.485000 0.497644
304.000000 0.490000 0.497644
304.000000 0.495000 0.497644
304.000000 0.500000 0.497644
304.000000 0.505000 0.497644
304.000000 0.510000 0.497644
304.000000 0.515000 0.497644
304.000000 0.520000 0.497644
304.000000 0.525000 0.497644
304.000000 0.530000 0.497644
304.000000 0.535000 0.497644
304.000000 0.540000 0.497644
304.000000 0.545000 0.497644
304.000000 0.550000 0.497644
304.000000 0.555000 0.497644
304.000000 0.560000 0.497644
304.000000 0.565000 0.497644
304.000000 0.570000 0.497644
304.000000 0.575000 0.497644
304.000000 0.580000 0.497644
304.000000 0.585000 0.497644
304.000000 0.590000 0.497644
304.000000 0.595000 0.497644
304.000000 0.600000 0.497644
304.000000 0.605000 0.497644
304.000000 0.610000 0.497644
304.000000 0.615000 0.497644
304.000000 0.620000 0.497644
304.000000 0.625000 0.497644
304.000000 0.630000 0.497644
304.000000 0.635000 0.497644
304.000000 0.640000 0.497644
304.000000 0.645000 0.497644
304.000000 0.650000 0.497644
304.000000 0.655000 0.497644
304.000000 0.660000 0.497644
304.000000 0.665000 0.497644
304.000000 0.670000 0.497644
304.000000 0.675000 0.497644
304.000000 0.680000 0.497644
304.000000 0.685000 0.497644
304.000000 0.690000 0.497644
304.000000 0.695000 0.497644
304.000000 0.700000 0.497644
304.000000 0.705000 0.497644
304.000000 0.710000 0.497644
304.000000 0.715000 0.497644
304.000000 0.720000 0.497644
304.000000 0.725000 0.497644
304.000000 0.730000 0.497644
304.000000 0.735000 0.497644
304.000000 0.740000 0.497644
304.000000 0.745000 0.497644
304.000000 0.750000 0.497644
304.000000 0.755000 0.497644
304.000000 0.760000 0.497644
304.000000 0.765000 0.497644
304.000000 0.770000 0.497644
304.000000 0.775000 0.497644
304.000000 0.780000 0.497644
304.000000 0.785000 0.497644
304.000000 0.790000 0.497644
304.000000 0.795000 0.497644
304.000000 0.800000 0.497644
304.000000 0.805000 0.497644
304.000000 0.810000 0.497644
304.000000 0.815000 0.497644
304.000000 0.820000 0.497644
304.000000 0.825000 0.497644
304.000000 0.830000 0.497644
304.000000 0.835000 0.497644
304.000000 0.840000 0.497644
304.000000 0.845000 0.497644
304.000000 0.850000 0.497644
304.000000 0.855000 0.497644
304.000000 0.860000 0.497644
304.000000 0.865000 0.497644
304.000000 0.870000 0.497644
304.000000 0.875000 0.497644
304.000000 0.880000 0.497644
304.000000 0.885000 0.497644
304.000000 0.890000 0.497644
304.000000 0.895000 0.497644
304.000000 0.900000 0.497644
304.000000 0.905000 0.497644
304.000000 0.910000 0.497644
304.000000 0.915000 0.497644
304.000000 0.920000 0.497644
304.000000 0.925000 0.497644
304.000000 0.930000 0.497644
304.000000 0.935000 0.497644
304.000000 0.940000 0.497644
304.000000 0.945000 0.497644
304.000000 0.950000 0.497644
304.000000 0.955000 0.497644
304.000000 0.960000 0.497644
304.000000 0.965000 0.497644
304.000000 0.970000 0.497644
304.000000 0.975000 0.497644
304.000000 0.980000 0.497644
304.000000 0.985000 0.497644
304.000000 0.990000 0.497644
304.000000 0.995000 0.497644
304.000000 0.000000 0.502587
304.000000 0.005002 0.502616
304.000000 0.010001 0.502619
304.000000 0.015000 0.502619
304.000000 0.020000 0.502619
304.000000 0.025000 0.502619
304.000000 0.030000 0.502619
304.000000 0.035000 0.502619
304.000000 0.040000 0.502619
304.000000 0.045000 0.502619
304.000000 0.050000 0.502619
304.000000 0.055000 0.502619
304.000000 0.060000 0.502619
304.000000 0.065000 0.502619
304.000000 0.070000 0.502619
304.000000 0.075000 0.502619
304.000000 0.080000 0.502619
304.000000 0.085000 0.502619
304.000000 0.090000 0.502619
304.000000 0.095000 0.502619
304.000000 0.100000 0.502619
304.000000 0.105000 0.502619
304.000000 0.110000 0.502619
304.000000 0.115000 0.502619
304.000000 0.120000 0.502619
304.000000 0.125000 0.502619
304.000000 0.130000 0.502619
304.000000 0.135000 0.502619
304.000000 0.140000 0.502619
304.000000 0.145000 0.502619
304.000000 0.150000 0.502619
304.000000 0.155000 0.502619
304.000000 0.160000 0.502619
304.000000 0.165000 0.502619
304.000000 0.170000 0.502619
304.000000 0.175000 0.502619
304.000000 0.180000 0.502619
304.000000 0.185000 0.502619
304.000000 0.190000 0.502619
304.000000 0.195000 0.502619
304.000000 0.200000 0.502619
304.000000 0.205000 0.502619
304.000000 0.210000 0.502619
304.000000 0.215000 0.502619
304.000000 0.220000 0.502619
304.000000 0.225000 0.502619
304.000000 0.230000 0.502619
304.000000 0.235000 0.502619
304.000000 0.240000 0.502619
304.000000 0.245000 0.502619
304.000000 0.250000 0.502619
304.000000 0.255000 0.502619
304.000000 0.260000 0.502619
304.000000 0.265000 0.502619
304.000000 0.270000 0.502619
304.000000 0.275000 0.502619
304.000000 0.280000 0.502619
304.000000 0.285000 0.502619
304.000000 0.290000 0.502619
304.000000 0.295000 0.502619
304.000000 0.300000 0.502619
304.000000 0.305000 0.502619
304.000000 0.310000 0.502619
304.000000 0.315000 0.502619
304.000000 0.320000 0.502619
304.000000 0.325000 0.502619
304.000000 0.330000 0.502619
304.000000 0.335000 0.502619
304.000000 0.340000 0.502619
304.000000 0.345000 0.502619
304.000000 0.350000 0.502619
304.000000 0.355000 0.502619
304.000000 0.360000 0.502619
304.000000 0.365000 0.502619
304.000000 0.370000 0.502619
304.000000 0.375000 0.502619
304.000000 0.380000 0.502619
304.000000 0.385000 0.502619
304.000000 0.390000 0.502619
304.000000 0.395000 0.502619
304.000000 0.400000 0.502619
304.000000 0.405000 0.502619
304.000000 0.410000 0.502619
304.000000 0.415000 0.502619
304.000000 0.420000 0.502619
304.000000 0.425000 0.502619
304.000000 0.430000 0.502619
304.000000 0.435000 0.502619
304.000000 0.440000 0.502619
304.000000 0.445000 0.502619
304.000000 0.450000 0.502619
304.000000 0.455000 0.502619
304.000000 0.460000 0.502619
304.000000 0.465000 0.502619
304.000000 0.470000 0.502619
304.000000 0.475000 0.502619
304.000000 0.480000 0.502619
304.000000 0.485000 0.502619
304.000000 0.490000 0.502619
304.000000 0.495000 0.502619
304.000000 0.500000 0.502619
304.000000 0.505000 0.502619
304.000000 0.510000 0.502619
304.000000 0.515000 0.502619
304.000000 0.520000 0.502619
304.000000 0.525000 0.502619
304.000000 0.530000 0.502619
304.000000 0.535000 0.502619
304.000000 0.540000 0.502619
304.000000 0.545000 0.502619
304.000000 0.550000 0.502619
304.000000 0.555000 0.502619
304.000000 0.560000 0.502619
304.000000 0.565000 0.502619
304.000000 0.570000 0.502619
304.000000 0.575000 0.502619
304.000000 0.580000 0.502619
304.000000 0.585000 0.502619
304.000000 0.590000 0.502619
304.000000 0.595000 0.502619
304.000000 0.600000 0.502619
304.000000 0.605000 0.502619
304.000000 0.610000 0.502619
304.000000 0.615000 0.502619
304.000000 0.620000 0.502619
304.000000 0.625000 0.502619
304.000000 0.630000 0.502619
304.000000 0.635000 0.502619
304.000000 0.640000 0.502619
304.000000 0.645000 0.502619
304.000000 0.650000 0.502619
304.000000 0.655000 0.502619
304.000000 0.660000 0.502619
304.000000 0.665000 0.502619
304.000000 0.670000 0.502619
304.000000 0.675000 0.502619
304.000000 0.680000 0.502619
304.000000 0.685000 0.502619
304.000000 0.690000 0.502619
304.000000 0.695000 0.502619
304.000000 0.700000 0.502619
304.000000 0.705000 0.502619
304.000000 0.710000 0.502619
304.000000 0.715000 0.502619
304.000000 0.720000 0.502619
304.000000 0.725000 0.502619
304.000000 0.730000 0.502619
304.000000 0.735000 0.502619
304.000000 0.740000 0.502619
304.000000 0.745000 0.502619
304.000000 0.750000 0.502619
304.000000 0.755000 0.502619
304.000000 0.760000 0.502619
304.000000 0.765000 0.502619
304.000000 0.770000 0.502619
304.000000 0.775000 0.502619
304.000000 0.780000 0.502619
304.000000 0.785000 0.502619
304.000000 0.790000 0.502619
304.000000 0.795000 0.502619
304.000000 0.800000 0.502619
304.000000 0.805000 0.502619
304.000000 0.810000 0.502619
304.000000 0.815000 0.502619
304.000000 0.820000 0.502619
304.000000 0.825000 0.502619
304.000000 0.830000 0.502619
304.000000 0.835000 0.502619
304.000000 0.840000 0.502619
304.000000 0.845000 0.502619
304.000000 0.850000 0.502619
304.000000 0.855000 0.502619
304.000000 0.860000 0.502619
304.000000 0.865000 0.502619
304.000000 0.870000 0.502619
304.000000 0.875000 0.502619
304.000000 0.880000 0.502619
304.000000 0.885000 0.502619
304.000000 0.890000 0.502619
304.000000 0.895000 0.502619
304.000000 0.900000 0.502619
304.000000 0.905000 0.502619
304.000000 0.910000 0.502619
304.000000 0.915000 0.502619
304.000000 0.920000 0.502619
304.000000 0.925000 0.502619
304.000000 0.930000 0.502619
304.000000 0.935000 0.502619
304.000000 0.940000 0.502619
304.000000 0.945000 0.502619
304.000000 0.950000 0.502619
304.000000 0.955000 0.502619
304.000000 0.960000 0.502619
304.000000 0.965000 0.502619
304.000000 0.970000 0.502619
304.000000 0.975000 0.502619
304.000000 0.980000 0.502619
304.000000 0.985000 0.502619
304.000000 0.990000 0.502619
304.000000 0.995000 0.502620
340.000000 0.782496 0.484766
340.000000 0.787496 0.484769
340.000000 0.792496 0.484770
340.000000 0.797496 0.484770
340.000000 0.802496 0.484770
340.000000 0.807496 0.484770
340.000000 0.812497 0.484770
340.000000 0.817497 0.484768
340.000000 0.822496 0.484763
340.000000 0.827494 0.484741
340.000000 0.089998 0.489082
340.000000 0.094997 0.489089
340.000000 0.099997 0.489090
340.000000 0.104997 0.489090
340.000000 0.109997 0.489091
340.000000 0.114997 0.489092
340.000000 0.119997 0.489091
340.000000 0.124997 0.489090
340.000000 0.129997 0.489091
340.000000 0.134997 0.489091
340.000000 0.139997 0.489091
340.000000 0.144997 0.489091
340.000000 0.149997 0.489091
340.000000 0.154997 0.489092
340.000000 0.159997 0.489091
340.000000 0.164997 0.489091
340.000000 0.169997 0.489092
340.000000 0.174997 0.489092
340.000000 0.179997 0.489091
340.000000 0.184997 0.489091
340.000000 0.189997 0.489091
340.000000 0.194997 0.489091
340.000000 0.199997 0.489092
340.000000 0.204997 0.489092
340.000000 0.209997 0.489091
340.000000 0.214997 0.489091
340.000000 0.219997 0.489091
340.000000 0.224997 0.489091
340.000000 0.229997 0.489092
340.000000 0.234997 0.489091
340.000000 0.239997 0.489091
340.000000 0.244997 0.489091
340.000000 0.249997 0.489092
340.000000 0.254997 0.489092
340.000000 0.259997 0.489092
340.000000 0.264997 0.489092
340.000000 0.269996 0.489091
340.000000 0.274996 0.489092
340.000000 0.279997 0.489091
340.000000 0.284996 0.489092
340.000000 0.289996 0.489092
340.000000 0.294996 0.489092
340.000000 0.299997 0.489090
340.000000 0.304997 0.489089
340.000000 0.309996 0.489091
340.000000 0.314997 0.489091
340.000000 0.319997 0.489091
340.000000 0.324996 0.489092
340.000000 0.329996 0.489091
340.000000 0.334996 0.489092
340.000000 0.339996 0.489091
340.000000 0.344996 0.489090
340.000000 0.349996 0.489089
340.000000 0.354996 0.489090
340.000000 0.359997 0.489090
340.000000 0.364997 0.489090
340.000000 0.369997 0.489090
340.000000 0.374997 0.489091
340.000000 0.379997 0.489092
340.000000 0.384997 0.489091
340.000000 0.389997 0.489091
340.000000 0.394997 0.489091
340.000000 0.399996 0.489091
340.000000 0.404996 0.489092
340.000000 0.409996 0.489091
340.000000 0.414996 0.489091
340.000000 0.419996 0.489092
340.000000 0.424996 0.489092
340.000000 0.429997 0.489092
340.000000 0.434996 0.489092
340.000000 0.439997 0.489091
340.000000 0.444997 0.489091
340.000000 0.449997 0.489091
340.000000 0.454997 0.489091
340.000000 0.459997 0.489091
340.000000 0.464997 0.489092
340.000000 0.469997 0.489091
340.000000 0.474997 0.489092
340.000000 0.479997 0.489091
340.000000 0.484997 0.489090
340.000000 0.489997 0.489090
340.000000 0.494997 0.489090
340.000000 0.499996 0.489090
340.000000 0.504996 0.489090
340.000000 0.509996 0.489090
340.000000 0.514996 0.489090
340.000000 0.519996 0.489090
340.000000 0.524996 0.489090
340.000000 0.529996 0.489090
340.000000 0.534996 0.489090
340.000000 0.539996 0.489090
340.000000 0.544996 0.489090
340.000000 0.549996 0.489090
340.000000 0.554996 0.489090
340.000000 0.559996 0.489090
340.000000 0.564996 0.489089
340.000000 0.569996 0.489088
340.000000 0.574996 0.489089
340.000000 0.579996 0.489090
340.000000 0.584996 0.489090
340.000000 0.589997 0.489089
340.000000 0.594996 0.489089
340.000000 0.599996 0.489091
340.000000 0.604996 0.489091
340.000000 0.609996 0.489091
340.000000 0.614996 0.489090
340.000000 0.619996 0.489090
340.000000 0.624996 0.489090
340.000000 0.629996 0.489090
340.000000 0.634996 0.489090
340.000000 0.639996 0.489090
340.000000 0.644996 0.489090
340.000000 0.649996 0.489090
340.000000 0.654996 0.489090
340.000000 0.659996 0.489090
340.000000 0.664996 0.489090
340.000000 0.669997 0.489090
340.000000 0.674997 0.489090
340.000000 0.679996 0.489090
340.000000 0.684996 0.489090
340.000000 0.689997 0.489090
340.000000 0.694996 0.489090
340.000000 0.699996 0.489090
340.000000 0.704996 0.489090
340.000000 0.709996 0.489090
340.000000 0.714996 0.489090
340.000000 0.719996 0.489090
340.000000 0.724996 0.489090
340.000000 0.729996 0.489090
340.000000 0.734996 0.489090
340.000000 0.739996 0.489090
340.000000 0.744996 0.489090
340.000000 0.749996 0.489090
340.000000 0.754996 0.489090
340.000000 0.759996 0.489090
340.000000 0.764996 0.489090
340.000000 0.769996 0.489091
340.000000 0.774996 0.489091
340.000000 0.779995 0.489093
340.000000 0.830004 0.489034
340.000000 0.087497 0.493406
340.000000 0.302499 0.493419
340.000000 0.347498 0.493419
340.000000 0.567498 0.493418
340.000000 0.827484 0.493314
340.000000 0.000000 0.497734
340.000000 0.005001 0.497733
340.000000 0.010002 0.497730
340.000000 0.015002 0.497728
340.000000 0.020002 0.497727
340.000000 0.025001 0.497726
340.000000 0.030001 0.497725
340.000000 0.035000 0.497725
340.000000 0.040000 0.497724
340.000000 0.045000 0.497725
340.000000 0.050000 0.497725
340.000000 0.055000 0.497725
340.000000 0.059999 0.497726
340.000000 0.064999 0.497727
340.000000 0.069999 0.497727
340.000000 0.074998 0.497728
340.000000 0.079997 0.497729
340.000000 0.084997 0.497733
340.000000 0.824967 0.497607
340.000000 0.829976 0.497636
340.000000 0.834989 0.497647
340.000000 0.839996 0.497649
340.000000 0.844999 0.497651
340.000000 0.850000 0.497652
340.000000 0.855000 0.497652
340.000000 0.860000 0.497652
340.000000 0.865000 0.497652
340.000000 0.870000 0.497652
340.000000 0.875000 0.497652
340.000000 0.880000 0.497652
340.000000 0.885000 0.497652
340.000000 0.890000 0.497652
340.000000 0.895000 0.497652
340.000000 0.900000 0.497652
340.000000 0.905000 0.497652
340.000000 0.910000 0.497652
340.000000 0.915000 0.497652
340.000000 0.920000 0.497652
340.000000 0.925000 0.497652
340.000000 0.930000 0.497652
340.000000 0.935000 0.497652
340.000000 0.940000 0.497652
340.000000 0.945000 0.497652
340.000000 0.950000 0.497652
340.000000 0.955000 0.497652
340.000000 0.960000 0.497652
340.000000 0.965000 0.497652
340.000000 0.970000 0.497652
340.000000 0.975000 0.497652
340.000000 0.980000 0.497652
340.000000 0.985000 0.497652
340.000000 0.990000 0.497652
340.000000 0.995000 0.497651
340.000000 0.000000 0.502511
340.000000 0.204998 0.502535
340.000000 0.209998 0.502537
340.000000 0.214998 0.502538
340.000000 0.219999 0.502538
340.000000 0.224999 0.502538
340.000000 0.229999 0.502539
340.000000 0.234999 0.502539
340.000000 0.239999 0.502539
340.000000 0.244999 0.502539
340.000000 0.250000 0.502540
340.000000 0.255000 0.502540
340.000000 0.260000 0.502540
340.000000 0.264999 0.502539
340.000000 0.269999 0.502540
340.000000 0.274999 0.502540
340.000000 0.280000 0.502540
340.000000 0.285000 0.502540
340.000000 0.290000 0.502540
340.000000 0.294999 0.502539
340.000000 0.299999 0.502539
340.000000 0.304999 0.502539
340.000000 0.309999 0.502539
340.000000 0.314999 0.502539
340.000000 0.319999 0.502539
340.000000 0.324999 0.502539
340.000000 0.329999 0.502538
340.000000 0.334999 0.502537
340.000000 0.339998 0.502538
340.000000 0.344998 0.502535
340.000000 0.355001 0.502533
340.000000 0.360001 0.502537
340.000000 0.365001 0.502538
340.000000 0.370000 0.502539
340.000000 0.375000 0.502539
340.000000 0.379999 0.502539
340.000000 0.384999 0.502540
340.000000 0.389999 0.502539
340.000000 0.395000 0.502540
340.000000 0.400000 0.502540
340.000000 0.404999 0.502539
340.000000 0.409999 0.502539
340.000000 0.414999 0.502538
340.000000 0.419999 0.502538
340.000000 0.424999 0.502538
340.000000 0.429999 0.502539
340.000000 0.434999 0.502538
340.000000 0.439999 0.502539
340.000000 0.444999 0.502538
340.000000 0.449999 0.502538
340.000000 0.454999 0.502538
340.000000 0.459999 0.502539
340.000000 0.464999 0.502539
340.000000 0.470000 0.502539
340.000000 0.474999 0.502538
340.000000 0.480000 0.502539
340.000000 0.484999 0.502539
340.000000 0.489999 0.502538
340.000000 0.494999 0.502538
340.000000 0.499998 0.502537
340.000000 0.504998 0.502537
340.000000 0.509998 0.502536
340.000000 0.514998 0.502536
340.000000 0.519998 0.502537
340.000000 0.524998 0.502536
340.000000 0.529998 0.502536
340.000000 0.534998 0.502537
340.000000 0.539998 0.502537
340.000000 0.544998 0.502536
340.000000 0.549998 0.502535
340.000000 0.554998 0.502535
340.000000 0.559998 0.502535
340.000000 0.564997 0.502533
340.000000 0.714999 0.502533
340.000000 0.719999 0.502535
340.000000 0.724998 0.502535
340.000000 0.729998 0.502535
340.000000 0.734999 0.502536
340.000000 0.739998 0.502535
340.000000 0.744998 0.502535
340.000000 0.749999 0.502535
340.000000 0.754999 0.502536
340.000000 0.759998 0.502536
340.000000 0.764999 0.502537
340.000000 0.769999 0.502537
340.000000 0.774998 0.502537
340.000000 0.779998 0.502536
340.000000 0.784998 0.502536
340.000000 0.789999 0.502536
340.000000 0.794999 0.502538
340.000000 0.800000 0.502539
340.000000 0.805000 0.502540
340.000000 0.810001 0.502541
340.000000 0.815002 0.502546
340.000000 0.820003 0.502557
340.000000 0.825003 0.502589
340.000000 0.830001 0.502608
340.000000 0.835000 0.502612
340.000000 0.840000 0.502612
340.000000 0.845000 0.502612
340.000000 0.850000 0.502612
340.000000 0.855000 0.502612
340.000000 0.860000 0.502612
340.000000 0.865000 0.502612
340.000000 0.870000 0.502612
340.000000 0.875000 0.502612
340.000000 0.880000 0.502612
340.000000 0.885000 0.502612
340.000000 0.890000 0.502612
340.000000 0.895000 0.502612
340.000000 0.900000 0.502612
340.000000 0.905000 0.502612
340.000000 0.910000 0.502612
340.000000 0.915000 0.502612
340.000000 0.920000 0.502612
340.000000 0.925000 0.502612
340.000000 0.930000 0.502612
340.000000 0.935000 0.502612
340.000000 0.940000 0.502612
340.000000 0.945000 0.502612
340.000000 0.950000 0.502612
340.000000 0.955000 0.502612
340.000000 0.960000 0.502612
340.000000 0.965000 0.502612
340.000000 0.970000 0.502612
340.000000 0.975000 0.502612
340.000000 0.980000 0.502612
340.000000 0.985000 0.502613
340.000000 0.990000 0.502614
340.000000 0.995000 0.502613
340.000000 0.002500 0.506841
340.000000 0.087497 0.506849
340.000000 0.092497 0.506852
340.000000 0.097496 0.506854
340.000000 0.102496 0.506855
340.000000 0.107496 0.506854
340.000000 0.112496 0.506855
340.000000 0.117496 0.506855
340.000000 0.122496 0.506855
340.000000 0.127497 0.506856
340.000000 0.132497 0.506856
340.000000 0.137497 0.506856
340.000000 0.142496 0.506854
340.000000 0.147496 0.506854
340.000000 0.152496 0.506854
340.000000 0.157496 0.506854
340.000000 0.162496 0.506855
340.000000 0.167496 0.506855
340.000000 0.172496 0.506854
340.000000 0.177497 0.506854
340.000000 0.182497 0.506855
340.000000 0.187497 0.506855
340.000000 0.192497 0.506856
340.000000 0.197497 0.506856
340.000000 0.202497 0.506861
340.000000 0.347496 0.506863
340.000000 0.352496 0.506860
340.000000 0.567496 0.506861
340.000000 0.572496 0.506856
340.000000 0.577496 0.506854
340.000000 0.582496 0.506854
340.000000 0.587496 0.506854
340.000000 0.592497 0.506854
340.000000 0.597497 0.506853
340.000000 0.602497 0.506854
340.000000 0.607497 0.506854
340.000000 0.612497 0.506853
340.000000 0.617497 0.506853
340.000000 0.622497 0.506854
340.000000 0.627496 0.506853
340.000000 0.632496 0.506853
340.000000 0.637496 0.506853
340.000000 0.642497 0.506853
340.000000 0.647497 0.506853
340.000000 0.652497 0.506854
340.000000 0.657497 0.506853
340.000000 0.662497 0.506853
340.000000 0.667497 0.506853
340.000000 0.672496 0.506852
340.000000 0.677497 0.506853
340.000000 0.682497 0.506853
340.000000 0.687497 0.506853
340.000000 0.692496 0.506854
340.000000 0.697496 0.506854
340.000000 0.702497 0.506854
340.000000 0.707497 0.506856
340.000000 0.712497 0.506860
340.000000 0.005000 0.511169
340.000000 0.010000 0.511167
340.000000 0.014999 0.511168
340.000000 0.019999 0.511168
340.000000 0.024998 0.511170
340.000000 0.029998 0.511169
340.000000 0.034998 0.511169
340.000000 0.039997 0.511169
340.000000 0.044997 0.511170
340.000000 0.049997 0.511170
340.000000 0.054997 0.511170
340.000000 0.059997 0.511170
340.000000 0.064997 0.511170
340.000000 0.069997 0.511172
340.000000 0.074997 0.511172
340.000000 0.079996 0.511174
340.000000 0.084995 0.511176
378.000000 0.784998 0.480545
378.000000 0.789998 0.480550
378.000000 0.794998 0.480550
378.000000 0.799998 0.480550
378.000000 0.804998 0.480550
378.000000 0.809998 0.480550
378.000000 0.814998 0.480551
378.000000 0.819999 0.480548
378.000000 0.824999 0.480544
378.000000 0.829998 0.480538
378.000000 0.834998 0.480532
378.000000 0.839997 0.480527
378.000000 0.844996 0.480524
378.000000 0.849995 0.480522
378.000000 0.854995 0.480522
378.000000 0.859994 0.480521
378.000000 0.864994 0.480521
378.000000 0.869994 0.480520
378.000000 0.874994 0.480520
378.000000 0.879995 0.480520
378.000000 0.884995 0.480520
378.000000 0.889994 0.480520
378.000000 0.894994 0.480520
378.000000 0.899994 0.480519
378.000000 0.904994 0.480520
378.000000 0.909994 0.480520
378.000000 0.914994 0.480521
378.000000 0.919994 0.480522
378.000000 0.924994 0.480522
378.000000 0.929995 0.480520
378.000000 0.934995 0.480520
378.000000 0.939995 0.480518
378.000000 0.944994 0.480514
378.000000 0.782496 0.484870
378.000000 0.947494 0.484841
378.000000 0.952494 0.484838
378.000000 0.957494 0.484837
378.000000 0.962494 0.484837
378.000000 0.967494 0.484836
378.000000 0.972495 0.484835
378.000000 0.977496 0.484834
378.000000 0.982497 0.484833
378.000000 0.987498 0.484831
378.000000 0.992499 0.484827
378.000000 0.089998 0.489182
378.000000 0.094997 0.489189
378.000000 0.099997 0.489190
378.000000 0.104997 0.489190
378.000000 0.109997 0.489191
378.000000 0.114997 0.489192
378.000000 0.119997 0.489191
378.000000 0.124997 0.489190
378.000000 0.129997 0.489191
378.000000 0.134997 0.489191
378.000000 0.139997 0.489191
378.000000 0.144997 0.489191
378.000000 0.149997 0.489191
378.000000 0.154997 0.489192
378.000000 0.159997 0.489191
378.000000 0.164997 0.489191
378.000000 0.169997 0.489192
378.000000 0.174997 0.489192
378.000000 0.179997 0.489191
378.000000 0.184997 0.489191
378.000000 0.189997 0.489191
378.000000 0.194997 0.489191
378.000000 0.199997 0.489192
378.000000 0.204997 0.489192
378.000000 0.209997 0.489191
378.000000 0.214997 0.489191
378.000000 0.219997 0.489191
378.000000 0.224997 0.489191
378.000000 0.229997 0.489192
378.000000 0.234997 0.489191
378.000000 0.239997 0.489191
378.000000 0.244997 0.489191
378.000000 0.249997 0.489192
378.000000 0.254997 0.489192
378.000000 0.259997 0.489192
378.000000 0.264997 0.489192
378.000000 0.269996 0.489191
378.000000 0.274996 0.489192
378.000000 0.279997 0.489191
378.000000 0.284996 0.489192
378.000000 0.289996 0.489192
378.000000 0.294996 0.489192
378.000000 0.299997 0.489190
378.000000 0.304997 0.489189
378.000000 0.309996 0.489191
378.000000 0.314997 0.489191
378.000000 0.319997 0.489191
378.000000 0.324996 0.489192
378.000000 0.329996 0.489191
378.000000 0.334996 0.489192
378.000000 0.339996 0.489191
378.000000 0.344996 0.489190
378.000000 0.349996 0.489189
378.000000 0.354996 0.489190
378.000000 0.359997 0.489190
378.000000 0.364997 0.489190
378.000000 0.369997 0.489190
378.000000 0.374997 0.489191
378.000000 0.379997 0.489192
378.000000 0.384997 0.489191
378.000000 0.389997 0.489191
378.000000 0.394997 0.489191
378.000000 0.399996 0.489191
378.000000 0.404996 0.489192
378.000000 0.409996 0.489191
378.000000 0.414996 0.489191
378.000000 0.419996 0.489192
378.000000 0.424996 0.489192
378.000000 0.429997 0.489192
378.000000 0.434996 0.489192
378.000000 0.439997 0.489191
378.000000 0.444997 0.489191
378.000000 0.449997 0.489191
378.000000 0.454997 0.489191
378.000000 0.459997 0.489191
378.000000 0.464997 0.489192
378.000000 0.469997 0.489191
378.000000 0.474997 0.489192
378.000000 0.479997 0.489191
378.000000 0.484997 0.489190
378.000000 0.489997 0.489190
378.000000 0.494997 0.489190
378.000000 0.499996 0.489190
378.000000 0.504996 0.489190
378.000000 0.509996 0.489190
378.000000 0.514996 0.489190
378.000000 0.519996 0.489190
378.000000 0.524996 0.489190
378.000000 0.529996 0.489190
378.000000 0.534996 0.489190
378.000000 0.539996 0.489190
378.000000 0.544996 0.489190
378.000000 0.549996 0.489190
378.000000 0.554996 0.489190
378.000000 0.559996 0.489190
378.000000 0.564996 0.489189
378.000000 0.569996 0.489188
378.000000 0.574996 0.489189
378.000000 0.579996 0.489190
378.000000 0.584996 0.489190
378.000000 0.589997 0.489189
378.000000 0.594996 0.489189
378.000000 0.599996 0.489191
378.000000 0.604996 0.489191
378.000000 0.609996 0.489191
378.000000 0.614996 0.489190
378.000000 0.619996 0.489190
378.000000 0.624996 0.489190
378.000000 0.629996 0.489190
378.000000 0.634996 0.489190
378.000000 0.639996 0.489190
378.000000 0.644996 0.489190
378.000000 0.649996 0.489190
378.000000 0.654996 0.489190
378.000000 0.659996 0.489190
378.000000 0.664996 0.489190
378.000000 0.669997 0.489190
378.000000 0.674997 0.489190
378.000000 0.679996 0.489190
378.000000 0.684996 0.489190
378.000000 0.689997 0.489190
378.000000 0.694996 0.489190
378.000000 0.699996 0.489190
378.000000 0.704996 0.489190
378.000000 0.709996 0.489190
378.000000 0.714996 0.489190
378.000000 0.719996 0.489190
378.000000 0.724996 0.489190
378.000000 0.729996 0.489190
378.000000 0.734996 0.489190
378.000000 0.739996 0.489190
378.000000 0.744996 0.489190
378.000000 0.749996 0.489190
378.000000 0.754996 0.489190
378.000000 0.759996 0.489190
378.000000 0.764996 0.489190
378.000000 0.769996 0.489192
378.000000 0.774995 0.489192
378.000000 0.779995 0.489196
378.000000 0.995000 0.489155
378.000000 0.087497 0.493506
378.000000 0.302499 0.493519
378.000000 0.347498 0.493519
378.000000 0.567498 0.493518
378.000000 0.997500 0.493485
378.000000 0.000000 0.497834
378.000000 0.005001 0.497833
378.000000 0.010002 0.497830
378.000000 0.015002 0.497828
378.000000 0.020002 0.497827
378.000000 0.025001 0.497826
378.000000 0.030001 0.497825
378.000000 0.035000 0.497825
378.000000 0.040000 0.497824
378.000000 0.045000 0.497825
378.000000 0.050000 0.497825
378.000000 0.055000 0.497825
378.000000 0.059999 0.497826
378.000000 0.064999 0.497827
378.000000 0.069999 0.497827
378.000000 0.074998 0.497828
378.000000 0.079997 0.497829
378.000000 0.084997 0.497833
378.000000 0.449999 0.502434
378.000000 0.454999 0.502437
378.000000 0.459999 0.502439
378.000000 0.464999 0.502439
378.000000 0.470000 0.502439
378.000000 0.474999 0.502438
378.000000 0.480000 0.502439
378.000000 0.484999 0.502439
378.000000 0.489999 0.502438
378.000000 0.494999 0.502438
378.000000 0.499998 0.502437
378.000000 0.504998 0.502437
378.000000 0.509998 0.502436
378.000000 0.514998 0.502436
378.000000 0.519998 0.502437
378.000000 0.524998 0.502436
378.000000 0.529998 0.502436
378.000000 0.534998 0.502437
378.000000 0.539998 0.502437
378.000000 0.544998 0.502436
378.000000 0.549998 0.502435
378.000000 0.554998 0.502434
378.000000 0.087497 0.506749
378.000000 0.092497 0.506752
378.000000 0.097496 0.506754
378.000000 0.102496 0.506755
378.000000 0.107496 0.506754
378.000000 0.112496 0.506755
378.000000 0.117496 0.506755
378.000000 0.122496 0.506755
378.000000 0.127497 0.506756
378.000000 0.132497 0.506756
378.000000 0.137497 0.506756
378.000000 0.142496 0.506754
378.000000 0.147496 0.506754
378.000000 0.152496 0.506754
378.000000 0.157496 0.506754
378.000000 0.162496 0.506755
378.000000 0.167496 0.506755
378.000000 0.172496 0.506754
378.000000 0.177497 0.506754
378.000000 0.182497 0.506755
378.000000 0.187497 0.506755
378.000000 0.192497 0.506756
378.000000 0.197497 0.506755
378.000000 0.202497 0.506754
378.000000 0.207497 0.506755
378.000000 0.212497 0.506754
378.000000 0.217497 0.506754
378.000000 0.222497 0.506755
378.000000 0.227497 0.506755
378.000000 0.232497 0.506754
378.000000 0.237496 0.506755
378.000000 0.242496 0.506754
378.000000 0.247496 0.506754
378.000000 0.252496 0.506754
378.000000 0.257496 0.506756
378.000000 0.262497 0.506756
378.000000 0.267496 0.506755
378.000000 0.272496 0.506754
378.000000 0.277496 0.506755
378.000000 0.282497 0.506755
378.000000 0.287497 0.506755
378.000000 0.292497 0.506754
378.000000 0.297496 0.506754
378.000000 0.302496 0.506754
378.000000 0.307497 0.506754
378.000000 0.312497 0.506754
378.000000 0.317496 0.506754
378.000000 0.322496 0.506754
378.000000 0.327496 0.506755
378.000000 0.332496 0.506754
378.000000 0.337496 0.506755
378.000000 0.342496 0.506755
378.000000 0.347496 0.506754
378.000000 0.352496 0.506753
378.000000 0.357496 0.506753
378.000000 0.362497 0.506755
378.000000 0.367497 0.506756
378.000000 0.372497 0.506756
378.000000 0.377497 0.506756
378.000000 0.382496 0.506755
378.000000 0.387496 0.506754
378.000000 0.392496 0.506754
378.000000 0.397496 0.506754
378.000000 0.402496 0.506754
378.000000 0.407496 0.506754
378.000000 0.412497 0.506755
378.000000 0.417497 0.506754
378.000000 0.422497 0.506754
378.000000 0.427496 0.506754
378.000000 0.432496 0.506754
378.000000 0.437497 0.506754
378.000000 0.442497 0.506756
378.000000 0.447497 0.506760
378.000000 0.557497 0.506761
378.000000 0.562496 0.506756
378.000000 0.567495 0.506755
378.000000 0.572496 0.506754
378.000000 0.577496 0.506754
378.000000 0.582496 0.506754
378.000000 0.587496 0.506754
378.000000 0.592497 0.506754
378.000000 0.597497 0.506753
378.000000 0.602497 0.506754
378.000000 0.607497 0.506754
378.000000 0.612497 0.506753
378.000000 0.617497 0.506753
378.000000 0.622497 0.506754
378.000000 0.627496 0.506753
378.000000 0.632496 0.506753
378.000000 0.637496 0.506753
378.000000 0.642497 0.506753
378.000000 0.647497 0.506753
378.000000 0.652497 0.506754
378.000000 0.657497 0.506753
378.000000 0.662497 0.506753
378.000000 0.667497 0.506753
378.000000 0.672496 0.506752
378.000000 0.677497 0.506753
378.000000 0.682497 0.506753
378.000000 0.687497 0.506753
378.000000 0.692496 0.506753
378.000000 0.697496 0.506753
378.000000 0.702496 0.506753
378.000000 0.707496 0.506753
378.000000 0.712497 0.506753
378.000000 0.717497 0.506753
378.000000 0.722497 0.506753
378.000000 0.727497 0.506753
378.000000 0.732497 0.506754
378.000000 0.737497 0.506754
378.000000 0.742497 0.506753
378.000000 0.747497 0.506753
378.000000 0.752497 0.506753
378.000000 0.757497 0.506754
378.000000 0.762497 0.506753
378.000000 0.767496 0.506752
378.000000 0.772496 0.506752
378.000000 0.777497 0.506753
378.000000 0.782497 0.506752
378.000000 0.787496 0.506753
378.000000 0.792496 0.506753
378.000000 0.797496 0.506753
378.000000 0.802496 0.506753
378.000000 0.807497 0.506753
378.000000 0.812498 0.506755
378.000000 0.817499 0.506759
378.000000 0.822500 0.506764
378.000000 0.827501 0.506769
378.000000 0.832502 0.506775
378.000000 0.837501 0.506780
378.000000 0.842500 0.506785
378.000000 0.847499 0.506790
378.000000 0.852498 0.506792
378.000000 0.857497 0.506793
378.000000 0.862497 0.506795
378.000000 0.867496 0.506795
378.000000 0.872495 0.506796
378.000000 0.877495 0.506795
378.000000 0.882495 0.506796
378.000000 0.887495 0.506795
378.000000 0.892495 0.506796
378.000000 0.897495 0.506797
378.000000 0.902495 0.506797
378.000000 0.907495 0.506797
378.000000 0.912495 0.506797
378.000000 0.917495 0.506797
378.000000 0.922495 0.506797
378.000000 0.927495 0.506797
378.000000 0.932495 0.506797
378.000000 0.937495 0.506797
378.000000 0.942494 0.506797
378.000000 0.947495 0.506797
378.000000 0.952495 0.506797
378.000000 0.957495 0.506797
378.000000 0.962495 0.506797
378.000000 0.967495 0.506797
378.000000 0.972496 0.506798
378.000000 0.977496 0.506798
378.000000 0.982497 0.506799
378.000000 0.987498 0.506799
378.000000 0.992499 0.506799
378.000000 0.997500 0.506797
378.000000 0.000000 0.511065
378.000000 0.005000 0.511066
378.000000 0.010000 0.511067
378.000000 0.014999 0.511068
378.000000 0.019999 0.511068
378.000000 0.024998 0.511070
378.000000 0.029998 0.511069
378.000000 0.034998 0.511069
378.000000 0.039997 0.511069
378.000000 0.044997 0.511070
378.000000 0.049997 0.511070
378.000000 0.054997 0.511070
378.000000 0.059997 0.511070
378.000000 0.064997 0.511070
378.000000 0.069997 0.511072
378.000000 0.074997 0.511072
378.000000 0.079996 0.511074
378.000000 0.084995 0.511076
418.000000 0.784998 0.480645
418.000000 0.789998 0.480650
418.000000 0.794998 0.480650
418.000000 0.799998 0.480650
418.000000 0.804998 0.480650
418.000000 0.809998 0.480650
418.000000 0.814998 0.480651
418.000000 0.819999 0.480648
418.000000 0.824999 0.480644
418.000000 0.829998 0.480638
418.000000 0.834998 0.480632
418.000000 0.839997 0.480627
418.000000 0.844996 0.480624
418.000000 0.849995 0.480622
418.000000 0.854995 0.480622
418.000000 0.859994 0.480621
418.000000 0.864994 0.480621
418.000000 0.869994 0.480620
418.000000 0.874994 0.480620
418.000000 0.879995 0.480620
418.000000 0.884995 0.480620
418.000000 0.889994 0.480620
418.000000 0.894994 0.480620
418.000000 0.899994 0.480619
418.000000 0.904994 0.480620
418.000000 0.909994 0.480620
418.000000 0.914994 0.480621
418.000000 0.919994 0.480622
418.000000 0.924994 0.480622
418.000000 0.929995 0.480620
418.000000 0.934995 0.480620
418.000000 0.939995 0.480618
418.000000 0.944994 0.480614
418.000000 0.782496 0.484970
418.000000 0.947494 0.484941
418.000000 0.952494 0.484938
418.000000 0.957494 0.484937
418.000000 0.962494 0.484937
418.000000 0.967494 0.484936
418.000000 0.972495 0.484935
418.000000 0.977496 0.484934
418.000000 0.982497 0.484933
418.000000 0.987498 0.484933
418.000000 0.992499 0.484932
418.000000 0.997500 0.484934
418.000000 0.089998 0.489282
418.000000 0.094997 0.489289
418.000000 0.099997 0.489290
418.000000 0.104997 0.489290
418.000000 0.109997 0.489291
418.000000 0.114997 0.489292
418.000000 0.119997 0.489291
418.000000 0.124997 0.489290
418.000000 0.129997 0.489291
418.000000 0.134997 0.489291
418.000000 0.139997 0.489291
418.000000 0.144997 0.489291
418.000000 0.149997 0.489291
418.000000 0.154997 0.489292
418.000000 0.159997 0.489291
418.000000 0.164997 0.489291
418.000000 0.169997 0.489292
418.000000 0.174997 0.489292
418.000000 0.179997 0.489291
418.000000 0.184997 0.489291
418.000000 0.189997 0.489291
418.000000 0.194997 0.489291
418.000000 0.199997 0.489292
418.000000 0.204997 0.489292
418.000000 0.209997 0.489291
418.000000 0.214997 0.489291
418.000000 0.219997 0.489291
418.000000 0.224997 0.489291
418.000000 0.229997 0.489292
418.000000 0.234997 0.489291
418.000000 0.239997 0.489291
418.000000 0.244997 0.489291
418.000000 0.249997 0.489292
418.000000 0.254997 0.489292
418.000000 0.259997 0.489292
418.000000 0.264997 0.489292
418.000000 0.269996 0.489291
418.000000 0.274996 0.489292
418.000000 0.279997 0.489291
418.000000 0.284996 0.489292
418.000000 0.289996 0.489292
418.000000 0.294996 0.489292
418.000000 0.299996 0.489291
418.000000 0.304996 0.489291
418.000000 0.309996 0.489291
418.000000 0.314997 0.489291
418.000000 0.319997 0.489291
418.000000 0.324996 0.489292
418.000000 0.329996 0.489291
418.000000 0.334996 0.489292
418.000000 0.339996 0.489291
418.000000 0.344996 0.489291
418.000000 0.349996 0.489291
418.000000 0.354996 0.489290
418.000000 0.359997 0.489290
418.000000 0.364997 0.489290
418.000000 0.369997 0.489290
418.000000 0.374997 0.489291
418.000000 0.379997 0.489292
418.000000 0.384997 0.489291
418.000000 0.389997 0.489291
418.000000 0.394997 0.489291
418.000000 0.399996 0.489291
418.000000 0.404996 0.489292
418.000000 0.409996 0.489291
418.000000 0.414996 0.489291
418.000000 0.419996 0.489292
418.000000 0.424996 0.489292
418.000000 0.429997 0.489292
418.000000 0.434996 0.489292
418.000000 0.439997 0.489291
418.000000 0.444997 0.489291
418.000000 0.449997 0.489291
418.000000 0.454997 0.489291
418.000000 0.459997 0.489291
418.000000 0.464997 0.489292
418.000000 0.469997 0.489291
418.000000 0.474997 0.489292
418.000000 0.479997 0.489291
418.000000 0.484997 0.489290
418.000000 0.489997 0.489290
418.000000 0.494997 0.489290
418.000000 0.499996 0.489290
418.000000 0.504996 0.489290
418.000000 0.509996 0.489290
418.000000 0.514996 0.489290
418.000000 0.519996 0.489290
418.000000 0.524996 0.489290
418.000000 0.529996 0.489290
418.000000 0.534996 0.489290
418.000000 0.539996 0.489290
418.000000 0.544996 0.489290
418.000000 0.549996 0.489290
418.000000 0.554996 0.489290
418.000000 0.559996 0.489290
418.000000 0.564996 0.489289
418.000000 0.569996 0.489288
418.000000 0.574996 0.489289
418.000000 0.579996 0.489290
418.000000 0.584996 0.489290
418.000000 0.589997 0.489289
418.000000 0.594996 0.489289
418.000000 0.599996 0.489291
418.000000 0.604996 0.489291
418.000000 0.609996 0.489291
418.000000 0.614996 0.489290
418.000000 0.619996 0.489290
418.000000 0.624996 0.489290
418.000000 0.629996 0.489290
418.000000 0.634996 0.489290
418.000000 0.639996 0.489290
418.000000 0.644996 0.489290
418.000000 0.649996 0.489290
418.000000 0.654996 0.489290
418.000000 0.659996 0.489290
418.000000 0.664996 0.489290
418.000000 0.669997 0.489290
418.000000 0.674997 0.489290
418.000000 0.679996 0.489290
418.000000 0.684996 0.489290
418.000000 0.689997 0.489290
418.000000 0.694996 0.489290
418.000000 0.699996 0.489290
418.000000 0.704996 0.489290
418.000000 0.709996 0.489290
418.000000 0.714996 0.489290
418.000000 0.719996 0.489290
418.000000 0.724996 0.489290
418.000000 0.729996 0.489290
418.000000 0.734996 0.489290
418.000000 0.739996 0.489290
418.000000 0.744996 0.489290
418.000000 0.749996 0.489290
418.000000 0.754996 0.489290
418.000000 0.759996 0.489290
418.000000 0.764996 0.489290
418.000000 0.769996 0.489292
418.000000 0.774995 0.489292
418.000000 0.779995 0.489296
418.000000 0.087497 0.493606
418.000000 0.567498 0.493618
418.000000 0.000000 0.497934
418.000000 0.005001 0.497933
418.000000 0.010002 0.497930
418.000000 0.015002 0.497928
418.000000 0.020002 0.497927
418.000000 0.025001 0.497926
418.000000 0.030001 0.497925
418.000000 0.035000 0.497925
418.000000 0.040000 0.497924
418.000000 0.045000 0.497925
418.000000 0.050000 0.497925
418.000000 0.055000 0.497925
418.000000 0.059999 0.497926
418.000000 0.064999 0.497927
418.000000 0.069999 0.497927
418.000000 0.074998 0.497928
418.000000 0.079997 0.497929
418.000000 0.084997 0.497933
418.000000 0.479998 0.502332
418.000000 0.484998 0.502334
418.000000 0.489997 0.502333
418.000000 0.087497 0.506649
418.000000 0.092497 0.506652
418.000000 0.097496 0.506654
418.000000 0.102496 0.506655
418.000000 0.107496 0.506654
418.000000 0.112496 0.506655
418.000000 0.117496 0.506655
418.000000 0.122496 0.506655
418.000000 0.127497 0.506656
418.000000 0.132497 0.506656
418.000000 0.137497 0.506656
418.000000 0.142496 0.506654
418.000000 0.147496 0.506654
418.000000 0.152496 0.506654
418.000000 0.157496 0.506654
418.000000 0.162496 0.506655
418.000000 0.167496 0.506655
418.000000 0.172496 0.506654
418.000000 0.177497 0.506654
418.000000 0.182497 0.506655
418.000000 0.187497 0.506655
418.000000 0.192497 0.506656
418.000000 0.197497 0.506655
418.000000 0.202497 0.506654
418.000000 0.207497 0.506655
418.000000 0.212497 0.506654
418.000000 0.217497 0.506654
418.000000 0.222497 0.506655
418.000000 0.227497 0.506655
418.000000 0.232497 0.506654
418.000000 0.237496 0.506655
418.000000 0.242496 0.506654
418.000000 0.247496 0.506654
418.000000 0.252496 0.506654
418.000000 0.257496 0.506656
418.000000 0.262497 0.506656
418.000000 0.267496 0.506655
418.000000 0.272496 0.506654
418.000000 0.277496 0.506655
418.000000 0.282497 0.506655
418.000000 0.287497 0.506655
418.000000 0.292497 0.506654
418.000000 0.297496 0.506654
418.000000 0.302496 0.506654
418.000000 0.307497 0.506654
418.000000 0.312497 0.506654
418.000000 0.317496 0.506654
418.000000 0.322496 0.506654
418.000000 0.327496 0.506655
418.000000 0.332496 0.506654
418.000000 0.337496 0.506655
418.000000 0.342496 0.506655
418.000000 0.347496 0.506654
418.000000 0.352496 0.506653
418.000000 0.357496 0.506653
418.000000 0.362497 0.506655
418.000000 0.367497 0.506656
418.000000 0.372497 0.506656
418.000000 0.377497 0.506656
418.000000 0.382496 0.506655
418.000000 0.387496 0.506654
418.000000 0.392496 0.506654
418.000000 0.397496 0.506654
418.000000 0.402496 0.506654
418.000000 0.407496 0.506654
418.000000 0.412497 0.506655
418.000000 0.417497 0.506654
418.000000 0.422497 0.506654
418.000000 0.427496 0.506654
418.000000 0.432496 0.506654
418.000000 0.437497 0.506654
418.000000 0.442497 0.506654
418.000000 0.447497 0.506654
418.000000 0.452497 0.506655
418.000000 0.457497 0.506655
418.000000 0.462497 0.506656
418.000000 0.467497 0.506657
418.000000 0.472497 0.506657
418.000000 0.477497 0.506659
418.000000 0.492497 0.506662
418.000000 0.497496 0.506658
418.000000 0.502496 0.506656
418.000000 0.507496 0.506654
418.000000 0.512496 0.506654
418.000000 0.517496 0.506654
418.000000 0.522496 0.506654
418.000000 0.527496 0.506653
418.000000 0.532496 0.506654
418.000000 0.537496 0.506654
418.000000 0.542496 0.506653
418.000000 0.547496 0.506654
418.000000 0.552496 0.506653
418.000000 0.557496 0.506654
418.000000 0.562496 0.506654
418.000000 0.567496 0.506654
418.000000 0.572496 0.506654
418.000000 0.577496 0.506654
418.000000 0.582496 0.506654
418.000000 0.587496 0.506654
418.000000 0.592497 0.506654
418.000000 0.597497 0.506653
418.000000 0.602497 0.506654
418.000000 0.607497 0.506654
418.000000 0.612497 0.506653
418.000000 0.617497 0.506653
418.000000 0.622497 0.506654
418.000000 0.627496 0.506653
418.000000 0.632496 0.506653
418.000000 0.637496 0.506653
418.000000 0.642497 0.506653
418.000000 0.647497 0.506653
418.000000 0.652497 0.506654
418.000000 0.657497 0.506653
418.000000 0.662497 0.506653
418.000000 0.667497 0.506653
418.000000 0.672496 0.506652
418.000000 0.677497 0.506653
418.000000 0.682497 0.506653
418.000000 0.687497 0.506653
418.000000 0.692496 0.506653
418.000000 0.697496 0.506653
418.000000 0.702496 0.506653
418.000000 0.707496 0.506653
418.000000 0.712497 0.506653
418.000000 0.717497 0.506653
418.000000 0.722497 0.506653
418.000000 0.727497 0.506653
418.000000 0.732497 0.506654
418.000000 0.737497 0.506654
418.000000 0.742497 0.506653
418.000000 0.747497 0.506653
418.000000 0.752497 0.506653
418.000000 0.757497 0.506654
418.000000 0.762497 0.506653
418.000000 0.767496 0.506652
418.000000 0.772496 0.506652
418.000000 0.777497 0.506653
418.000000 0.782497 0.506652
418.000000 0.787496 0.506653
418.000000 0.792496 0.506653
418.000000 0.797496 0.506653
418.000000 0.802496 0.506653
418.000000 0.807497 0.506653
418.000000 0.812498 0.506655
418.000000 0.817499 0.506659
418.000000 0.822500 0.506664
418.000000 0.827501 0.506669
418.000000 0.832502 0.506675
418.000000 0.837501 0.506680
418.000000 0.842500 0.506685
418.000000 0.847499 0.506690
418.000000 0.852498 0.506692
418.000000 0.857497 0.506693
418.000000 0.862497 0.506695
418.000000 0.867496 0.506695
418.000000 0.872495 0.506696
418.000000 0.877495 0.506695
418.000000 0.882495 0.506696
418.000000 0.887495 0.506695
418.000000 0.892495 0.506696
418.000000 0.897495 0.506697
418.000000 0.902495 0.506697
418.000000 0.907495 0.506697
418.000000 0.912495 0.506697
418.000000 0.917495 0.506697
418.000000 0.922495 0.506697
418.000000 0.927495 0.506697
418.000000 0.932495 0.506697
418.000000 0.937495 0.506697
418.000000 0.942494 0.506697
418.000000 0.947495 0.506697
418.000000 0.952495 0.506697
418.000000 0.957495 0.506697
418.000000 0.962495 0.506697
418.000000 0.967495 0.506697
418.000000 0.972496 0.506698
418.000000 0.977496 0.506698
418.000000 0.982497 0.506699
418.000000 0.987498 0.506699
418.000000 0.992499 0.506699
418.000000 0.997500 0.506697
418.000000 0.000000 0.510965
418.000000 0.005000 0.510966
418.000000 0.010000 0.510967
418.000000 0.014999 0.510968
418.000000 0.019999 0.510968
418.000000 0.024998 0.510970
418.000000 0.029998 0.510969
418.000000 0.034998 0.510969
418.000000 0.039997 0.510969
418.000000 0.044997 0.510970
418.000000 0.049997 0.510970
418.000000 0.054997 0.510970
418.000000 0.059997 0.510970
418.000000 0.064997 0.510970
418.000000 0.069997 0.510972
418.000000 0.074997 0.510972
418.000000 0.079996 0.510974
418.000000 0.084995 0.510976
